faiss_id,passage_id
0,bb_1220::r341::c0
1,bb_1220::r341::c1
2,bb_1220::r341::c10
3,bb_1220::r341::c11
4,bb_1220::r341::c12
5,bb_1220::r341::c13
6,bb_1220::r341::c14
7,bb_1220::r341::c15
8,bb_1220::r341::c16
9,bb_1220::r341::c17
10,bb_1220::r341::c18
11,bb_1220::r341::c19
12,bb_1220::r341::c2
13,bb_1220::r341::c20
14,bb_1220::r341::c21
15,bb_1220::r341::c22
16,bb_1220::r341::c23
17,bb_1220::r341::c24
18,bb_1220::r341::c25
19,bb_1220::r341::c26
20,bb_1220::r341::c27
21,bb_1220::r341::c28
22,bb_1220::r341::c29
23,bb_1220::r341::c3
24,bb_1220::r341::c30
25,bb_1220::r341::c31
26,bb_1220::r341::c32
27,bb_1220::r341::c33
28,bb_1220::r341::c34
29,bb_1220::r341::c35
30,bb_1220::r341::c36
31,bb_1220::r341::c37
32,bb_1220::r341::c38
33,bb_1220::r341::c39
34,bb_1220::r341::c4
35,bb_1220::r341::c40
36,bb_1220::r341::c41
37,bb_1220::r341::c42
38,bb_1220::r341::c43
39,bb_1220::r341::c44
40,bb_1220::r341::c45
41,bb_1220::r341::c46
42,bb_1220::r341::c47
43,bb_1220::r341::c48
44,bb_1220::r341::c49
45,bb_1220::r341::c5
46,bb_1220::r341::c50
47,bb_1220::r341::c51
48,bb_1220::r341::c52
49,bb_1220::r341::c53
50,bb_1220::r341::c54
51,bb_1220::r341::c6
52,bb_1220::r341::c7
53,bb_1220::r341::c8
54,bb_1220::r341::c9
55,bb_1323::r79::c0
56,bb_1323::r79::c1
57,bb_1323::r79::c2
58,bb_1323::r79::c3
59,bb_1323::r79::c4
60,bb_1323::r79::c5
61,bb_1323::r79::c6
62,bb_1323::r79::c7
63,bb_1323::r79::c8
64,bb_1323::r79::c9
65,bb_1412::r120::c0
66,bb_1412::r120::c1
67,bb_1412::r120::c10
68,bb_1412::r120::c11
69,bb_1412::r120::c12
70,bb_1412::r120::c13
71,bb_1412::r120::c14
72,bb_1412::r120::c15
73,bb_1412::r120::c16
74,bb_1412::r120::c17
75,bb_1412::r120::c18
76,bb_1412::r120::c19
77,bb_1412::r120::c2
78,bb_1412::r120::c20
79,bb_1412::r120::c21
80,bb_1412::r120::c22
81,bb_1412::r120::c23
82,bb_1412::r120::c24
83,bb_1412::r120::c25
84,bb_1412::r120::c26
85,bb_1412::r120::c27
86,bb_1412::r120::c28
87,bb_1412::r120::c29
88,bb_1412::r120::c3
89,bb_1412::r120::c30
90,bb_1412::r120::c31
91,bb_1412::r120::c32
92,bb_1412::r120::c4
93,bb_1412::r120::c5
94,bb_1412::r120::c6
95,bb_1412::r120::c7
96,bb_1412::r120::c8
97,bb_1412::r120::c9
98,bb_1567::r16::c0
99,bb_1567::r16::c1
100,bb_1567::r16::c10
101,bb_1567::r16::c11
102,bb_1567::r16::c12
103,bb_1567::r16::c13
104,bb_1567::r16::c14
105,bb_1567::r16::c15
106,bb_1567::r16::c16
107,bb_1567::r16::c17
108,bb_1567::r16::c18
109,bb_1567::r16::c19
110,bb_1567::r16::c2
111,bb_1567::r16::c20
112,bb_1567::r16::c3
113,bb_1567::r16::c4
114,bb_1567::r16::c5
115,bb_1567::r16::c6
116,bb_1567::r16::c7
117,bb_1567::r16::c8
118,bb_1567::r16::c9
119,bb_1575::r440::c0
120,bb_1575::r440::c1
121,bb_1575::r440::c10
122,bb_1575::r440::c11
123,bb_1575::r440::c12
124,bb_1575::r440::c13
125,bb_1575::r440::c14
126,bb_1575::r440::c15
127,bb_1575::r440::c16
128,bb_1575::r440::c17
129,bb_1575::r440::c18
130,bb_1575::r440::c19
131,bb_1575::r440::c2
132,bb_1575::r440::c20
133,bb_1575::r440::c21
134,bb_1575::r440::c22
135,bb_1575::r440::c23
136,bb_1575::r440::c24
137,bb_1575::r440::c25
138,bb_1575::r440::c26
139,bb_1575::r440::c27
140,bb_1575::r440::c28
141,bb_1575::r440::c29
142,bb_1575::r440::c3
143,bb_1575::r440::c30
144,bb_1575::r440::c31
145,bb_1575::r440::c32
146,bb_1575::r440::c33
147,bb_1575::r440::c34
148,bb_1575::r440::c35
149,bb_1575::r440::c36
150,bb_1575::r440::c37
151,bb_1575::r440::c38
152,bb_1575::r440::c39
153,bb_1575::r440::c4
154,bb_1575::r440::c40
155,bb_1575::r440::c41
156,bb_1575::r440::c42
157,bb_1575::r440::c43
158,bb_1575::r440::c44
159,bb_1575::r440::c45
160,bb_1575::r440::c46
161,bb_1575::r440::c47
162,bb_1575::r440::c48
163,bb_1575::r440::c49
164,bb_1575::r440::c5
165,bb_1575::r440::c50
166,bb_1575::r440::c51
167,bb_1575::r440::c52
168,bb_1575::r440::c53
169,bb_1575::r440::c54
170,bb_1575::r440::c55
171,bb_1575::r440::c56
172,bb_1575::r440::c57
173,bb_1575::r440::c58
174,bb_1575::r440::c6
175,bb_1575::r440::c7
176,bb_1575::r440::c8
177,bb_1575::r440::c9
178,bb_1614::r278::c0
179,bb_1614::r278::c1
180,bb_1614::r278::c10
181,bb_1614::r278::c11
182,bb_1614::r278::c12
183,bb_1614::r278::c13
184,bb_1614::r278::c14
185,bb_1614::r278::c15
186,bb_1614::r278::c16
187,bb_1614::r278::c17
188,bb_1614::r278::c18
189,bb_1614::r278::c19
190,bb_1614::r278::c2
191,bb_1614::r278::c20
192,bb_1614::r278::c21
193,bb_1614::r278::c3
194,bb_1614::r278::c4
195,bb_1614::r278::c5
196,bb_1614::r278::c6
197,bb_1614::r278::c7
198,bb_1614::r278::c8
199,bb_1614::r278::c9
200,bb_1870::r330::c0
201,bb_1870::r330::c1
202,bb_1870::r330::c10
203,bb_1870::r330::c11
204,bb_1870::r330::c12
205,bb_1870::r330::c13
206,bb_1870::r330::c14
207,bb_1870::r330::c15
208,bb_1870::r330::c16
209,bb_1870::r330::c17
210,bb_1870::r330::c18
211,bb_1870::r330::c19
212,bb_1870::r330::c2
213,bb_1870::r330::c20
214,bb_1870::r330::c21
215,bb_1870::r330::c22
216,bb_1870::r330::c23
217,bb_1870::r330::c24
218,bb_1870::r330::c25
219,bb_1870::r330::c26
220,bb_1870::r330::c27
221,bb_1870::r330::c28
222,bb_1870::r330::c29
223,bb_1870::r330::c3
224,bb_1870::r330::c30
225,bb_1870::r330::c31
226,bb_1870::r330::c32
227,bb_1870::r330::c33
228,bb_1870::r330::c34
229,bb_1870::r330::c35
230,bb_1870::r330::c36
231,bb_1870::r330::c37
232,bb_1870::r330::c38
233,bb_1870::r330::c39
234,bb_1870::r330::c4
235,bb_1870::r330::c40
236,bb_1870::r330::c41
237,bb_1870::r330::c42
238,bb_1870::r330::c43
239,bb_1870::r330::c44
240,bb_1870::r330::c45
241,bb_1870::r330::c46
242,bb_1870::r330::c47
243,bb_1870::r330::c48
244,bb_1870::r330::c49
245,bb_1870::r330::c5
246,bb_1870::r330::c50
247,bb_1870::r330::c51
248,bb_1870::r330::c52
249,bb_1870::r330::c53
250,bb_1870::r330::c54
251,bb_1870::r330::c55
252,bb_1870::r330::c56
253,bb_1870::r330::c57
254,bb_1870::r330::c58
255,bb_1870::r330::c59
256,bb_1870::r330::c6
257,bb_1870::r330::c60
258,bb_1870::r330::c61
259,bb_1870::r330::c62
260,bb_1870::r330::c63
261,bb_1870::r330::c64
262,bb_1870::r330::c65
263,bb_1870::r330::c66
264,bb_1870::r330::c67
265,bb_1870::r330::c68
266,bb_1870::r330::c7
267,bb_1870::r330::c8
268,bb_1870::r330::c9
269,bb_196::r60::c0
270,bb_196::r60::c1
271,bb_196::r60::c10
272,bb_196::r60::c11
273,bb_196::r60::c12
274,bb_196::r60::c13
275,bb_196::r60::c2
276,bb_196::r60::c3
277,bb_196::r60::c4
278,bb_196::r60::c5
279,bb_196::r60::c6
280,bb_196::r60::c7
281,bb_196::r60::c8
282,bb_196::r60::c9
283,bb_2256::r303::c0
284,bb_2256::r303::c1
285,bb_2256::r303::c10
286,bb_2256::r303::c11
287,bb_2256::r303::c12
288,bb_2256::r303::c13
289,bb_2256::r303::c14
290,bb_2256::r303::c15
291,bb_2256::r303::c16
292,bb_2256::r303::c2
293,bb_2256::r303::c3
294,bb_2256::r303::c4
295,bb_2256::r303::c5
296,bb_2256::r303::c6
297,bb_2256::r303::c7
298,bb_2256::r303::c8
299,bb_2256::r303::c9
300,bb_2266::r87::c0
301,bb_2266::r87::c1
302,bb_2266::r87::c10
303,bb_2266::r87::c11
304,bb_2266::r87::c12
305,bb_2266::r87::c13
306,bb_2266::r87::c14
307,bb_2266::r87::c15
308,bb_2266::r87::c16
309,bb_2266::r87::c17
310,bb_2266::r87::c18
311,bb_2266::r87::c19
312,bb_2266::r87::c2
313,bb_2266::r87::c20
314,bb_2266::r87::c21
315,bb_2266::r87::c22
316,bb_2266::r87::c23
317,bb_2266::r87::c24
318,bb_2266::r87::c25
319,bb_2266::r87::c26
320,bb_2266::r87::c27
321,bb_2266::r87::c28
322,bb_2266::r87::c29
323,bb_2266::r87::c3
324,bb_2266::r87::c30
325,bb_2266::r87::c4
326,bb_2266::r87::c5
327,bb_2266::r87::c6
328,bb_2266::r87::c7
329,bb_2266::r87::c8
330,bb_2266::r87::c9
331,bb_2858::r314::c0
332,bb_2858::r314::c1
333,bb_2858::r314::c10
334,bb_2858::r314::c11
335,bb_2858::r314::c12
336,bb_2858::r314::c13
337,bb_2858::r314::c14
338,bb_2858::r314::c2
339,bb_2858::r314::c3
340,bb_2858::r314::c4
341,bb_2858::r314::c5
342,bb_2858::r314::c6
343,bb_2858::r314::c7
344,bb_2858::r314::c8
345,bb_2858::r314::c9
346,bb_2863::r361::c0
347,bb_2863::r361::c1
348,bb_2863::r361::c10
349,bb_2863::r361::c11
350,bb_2863::r361::c12
351,bb_2863::r361::c13
352,bb_2863::r361::c2
353,bb_2863::r361::c3
354,bb_2863::r361::c4
355,bb_2863::r361::c5
356,bb_2863::r361::c6
357,bb_2863::r361::c7
358,bb_2863::r361::c8
359,bb_2863::r361::c9
360,bb_3778::r201::c0
361,bb_3778::r201::c1
362,bb_3778::r201::c2
363,bb_3778::r201::c3
364,bb_4020::r59::c0
365,bb_4020::r59::c1
366,bb_4028::r23::c0
367,bb_4028::r23::c1
368,bb_4028::r23::c2
369,bb_4028::r23::c3
370,bb_4028::r23::c4
371,bb_4028::r23::c5
372,bb_4028::r23::c6
373,bb_4028::r23::c7
374,bb_403::r32::c0
375,bb_403::r32::c1
376,bb_403::r32::c10
377,bb_403::r32::c11
378,bb_403::r32::c12
379,bb_403::r32::c13
380,bb_403::r32::c14
381,bb_403::r32::c15
382,bb_403::r32::c16
383,bb_403::r32::c17
384,bb_403::r32::c18
385,bb_403::r32::c19
386,bb_403::r32::c2
387,bb_403::r32::c20
388,bb_403::r32::c21
389,bb_403::r32::c3
390,bb_403::r32::c4
391,bb_403::r32::c5
392,bb_403::r32::c6
393,bb_403::r32::c7
394,bb_403::r32::c8
395,bb_403::r32::c9
396,bb_4195::r83::c0
397,bb_4195::r83::c1
398,bb_4195::r83::c2
399,bb_4195::r83::c3
400,bb_4195::r83::c4
401,bb_4319::r208::c0
402,bb_4319::r208::c1
403,bb_4319::r208::c10
404,bb_4319::r208::c11
405,bb_4319::r208::c12
406,bb_4319::r208::c2
407,bb_4319::r208::c3
408,bb_4319::r208::c4
409,bb_4319::r208::c5
410,bb_4319::r208::c6
411,bb_4319::r208::c7
412,bb_4319::r208::c8
413,bb_4319::r208::c9
414,bb_4368::r225::c0
415,bb_4368::r225::c1
416,bb_4368::r225::c10
417,bb_4368::r225::c11
418,bb_4368::r225::c12
419,bb_4368::r225::c13
420,bb_4368::r225::c14
421,bb_4368::r225::c15
422,bb_4368::r225::c16
423,bb_4368::r225::c17
424,bb_4368::r225::c18
425,bb_4368::r225::c19
426,bb_4368::r225::c2
427,bb_4368::r225::c20
428,bb_4368::r225::c21
429,bb_4368::r225::c22
430,bb_4368::r225::c23
431,bb_4368::r225::c24
432,bb_4368::r225::c25
433,bb_4368::r225::c26
434,bb_4368::r225::c27
435,bb_4368::r225::c28
436,bb_4368::r225::c29
437,bb_4368::r225::c3
438,bb_4368::r225::c30
439,bb_4368::r225::c31
440,bb_4368::r225::c32
441,bb_4368::r225::c33
442,bb_4368::r225::c34
443,bb_4368::r225::c4
444,bb_4368::r225::c5
445,bb_4368::r225::c6
446,bb_4368::r225::c7
447,bb_4368::r225::c8
448,bb_4368::r225::c9
449,bb_4656::r424::c0
450,bb_4656::r424::c1
451,bb_4656::r424::c2
452,bb_4656::r424::c3
453,bb_4705::r144::c0
454,bb_4705::r144::c1
455,bb_4705::r144::c10
456,bb_4705::r144::c11
457,bb_4705::r144::c12
458,bb_4705::r144::c13
459,bb_4705::r144::c14
460,bb_4705::r144::c15
461,bb_4705::r144::c16
462,bb_4705::r144::c17
463,bb_4705::r144::c18
464,bb_4705::r144::c19
465,bb_4705::r144::c2
466,bb_4705::r144::c3
467,bb_4705::r144::c4
468,bb_4705::r144::c5
469,bb_4705::r144::c6
470,bb_4705::r144::c7
471,bb_4705::r144::c8
472,bb_4705::r144::c9
473,bb_4965::r10::c0
474,bb_4965::r10::c1
475,bb_4965::r10::c10
476,bb_4965::r10::c11
477,bb_4965::r10::c12
478,bb_4965::r10::c13
479,bb_4965::r10::c14
480,bb_4965::r10::c2
481,bb_4965::r10::c3
482,bb_4965::r10::c4
483,bb_4965::r10::c5
484,bb_4965::r10::c6
485,bb_4965::r10::c7
486,bb_4965::r10::c8
487,bb_4965::r10::c9
488,bb_5043::r363::c0
489,bb_5043::r363::c1
490,bb_5043::r363::c2
491,bb_5043::r363::c3
492,bb_5043::r363::c4
493,bb_5043::r363::c5
494,bb_5241::r96::c0
495,bb_5241::r96::c1
496,bb_5241::r96::c10
497,bb_5241::r96::c11
498,bb_5241::r96::c12
499,bb_5241::r96::c13
500,bb_5241::r96::c14
501,bb_5241::r96::c15
502,bb_5241::r96::c16
503,bb_5241::r96::c17
504,bb_5241::r96::c18
505,bb_5241::r96::c19
506,bb_5241::r96::c2
507,bb_5241::r96::c20
508,bb_5241::r96::c21
509,bb_5241::r96::c22
510,bb_5241::r96::c23
511,bb_5241::r96::c24
512,bb_5241::r96::c25
513,bb_5241::r96::c26
514,bb_5241::r96::c27
515,bb_5241::r96::c28
516,bb_5241::r96::c29
517,bb_5241::r96::c3
518,bb_5241::r96::c30
519,bb_5241::r96::c31
520,bb_5241::r96::c32
521,bb_5241::r96::c33
522,bb_5241::r96::c34
523,bb_5241::r96::c35
524,bb_5241::r96::c36
525,bb_5241::r96::c37
526,bb_5241::r96::c38
527,bb_5241::r96::c39
528,bb_5241::r96::c4
529,bb_5241::r96::c40
530,bb_5241::r96::c41
531,bb_5241::r96::c42
532,bb_5241::r96::c43
533,bb_5241::r96::c44
534,bb_5241::r96::c45
535,bb_5241::r96::c46
536,bb_5241::r96::c47
537,bb_5241::r96::c48
538,bb_5241::r96::c49
539,bb_5241::r96::c5
540,bb_5241::r96::c50
541,bb_5241::r96::c51
542,bb_5241::r96::c52
543,bb_5241::r96::c53
544,bb_5241::r96::c54
545,bb_5241::r96::c55
546,bb_5241::r96::c56
547,bb_5241::r96::c57
548,bb_5241::r96::c58
549,bb_5241::r96::c59
550,bb_5241::r96::c6
551,bb_5241::r96::c60
552,bb_5241::r96::c61
553,bb_5241::r96::c62
554,bb_5241::r96::c63
555,bb_5241::r96::c64
556,bb_5241::r96::c65
557,bb_5241::r96::c66
558,bb_5241::r96::c67
559,bb_5241::r96::c68
560,bb_5241::r96::c69
561,bb_5241::r96::c7
562,bb_5241::r96::c70
563,bb_5241::r96::c71
564,bb_5241::r96::c72
565,bb_5241::r96::c73
566,bb_5241::r96::c74
567,bb_5241::r96::c75
568,bb_5241::r96::c8
569,bb_5241::r96::c9
570,bb_5659::r422::c0
571,bb_5659::r422::c1
572,bb_5659::r422::c2
573,bb_5659::r422::c3
574,bb_5659::r422::c4
575,bb_6124::r115::c0
576,bb_6124::r115::c1
577,bb_6124::r115::c10
578,bb_6124::r115::c11
579,bb_6124::r115::c12
580,bb_6124::r115::c13
581,bb_6124::r115::c14
582,bb_6124::r115::c15
583,bb_6124::r115::c2
584,bb_6124::r115::c3
585,bb_6124::r115::c4
586,bb_6124::r115::c5
587,bb_6124::r115::c6
588,bb_6124::r115::c7
589,bb_6124::r115::c8
590,bb_6124::r115::c9
591,bb_6443::r274::c0
592,bb_6443::r274::c1
593,bb_6443::r274::c10
594,bb_6443::r274::c11
595,bb_6443::r274::c12
596,bb_6443::r274::c13
597,bb_6443::r274::c14
598,bb_6443::r274::c15
599,bb_6443::r274::c16
600,bb_6443::r274::c17
601,bb_6443::r274::c18
602,bb_6443::r274::c19
603,bb_6443::r274::c2
604,bb_6443::r274::c3
605,bb_6443::r274::c4
606,bb_6443::r274::c5
607,bb_6443::r274::c6
608,bb_6443::r274::c7
609,bb_6443::r274::c8
610,bb_6443::r274::c9
611,bb_6957::r250::c0
612,bb_6957::r250::c1
613,bb_6957::r250::c10
614,bb_6957::r250::c11
615,bb_6957::r250::c12
616,bb_6957::r250::c13
617,bb_6957::r250::c14
618,bb_6957::r250::c15
619,bb_6957::r250::c16
620,bb_6957::r250::c17
621,bb_6957::r250::c18
622,bb_6957::r250::c19
623,bb_6957::r250::c2
624,bb_6957::r250::c20
625,bb_6957::r250::c21
626,bb_6957::r250::c22
627,bb_6957::r250::c23
628,bb_6957::r250::c24
629,bb_6957::r250::c25
630,bb_6957::r250::c26
631,bb_6957::r250::c27
632,bb_6957::r250::c28
633,bb_6957::r250::c29
634,bb_6957::r250::c3
635,bb_6957::r250::c30
636,bb_6957::r250::c31
637,bb_6957::r250::c32
638,bb_6957::r250::c33
639,bb_6957::r250::c34
640,bb_6957::r250::c35
641,bb_6957::r250::c36
642,bb_6957::r250::c37
643,bb_6957::r250::c38
644,bb_6957::r250::c39
645,bb_6957::r250::c4
646,bb_6957::r250::c40
647,bb_6957::r250::c41
648,bb_6957::r250::c42
649,bb_6957::r250::c43
650,bb_6957::r250::c44
651,bb_6957::r250::c45
652,bb_6957::r250::c46
653,bb_6957::r250::c47
654,bb_6957::r250::c5
655,bb_6957::r250::c6
656,bb_6957::r250::c7
657,bb_6957::r250::c8
658,bb_6957::r250::c9
659,bb_7071::r88::c0
660,bb_7071::r88::c1
661,bb_7071::r88::c2
662,bb_7071::r88::c3
663,bb_7149::r400::c0
664,bb_7149::r400::c1
665,bb_7149::r400::c2
666,bb_7149::r400::c3
667,bb_7149::r400::c4
668,bb_7149::r400::c5
669,bb_7149::r400::c6
670,bb_7149::r400::c7
671,bb_7188::r327::c0
672,bb_7188::r327::c1
673,bb_7188::r327::c2
674,bb_7188::r327::c3
675,bb_7188::r327::c4
676,bb_7188::r327::c5
677,bb_7188::r327::c6
678,bb_7188::r327::c7
679,bb_7188::r327::c8
680,bb_7188::r327::c9
681,bb_7262::r394::c0
682,bb_7262::r394::c1
683,bb_7262::r394::c10
684,bb_7262::r394::c11
685,bb_7262::r394::c12
686,bb_7262::r394::c13
687,bb_7262::r394::c2
688,bb_7262::r394::c3
689,bb_7262::r394::c4
690,bb_7262::r394::c5
691,bb_7262::r394::c6
692,bb_7262::r394::c7
693,bb_7262::r394::c8
694,bb_7262::r394::c9
695,bb_7279::r110::c0
696,bb_7279::r110::c1
697,bb_7279::r110::c2
698,bb_7279::r110::c3
699,bb_7279::r110::c4
700,bb_7279::r110::c5
701,bb_7279::r110::c6
702,bb_7279::r110::c7
703,bb_7279::r110::c8
704,bb_7364::r332::c0
705,bb_7364::r332::c1
706,bb_7364::r332::c10
707,bb_7364::r332::c11
708,bb_7364::r332::c12
709,bb_7364::r332::c13
710,bb_7364::r332::c14
711,bb_7364::r332::c15
712,bb_7364::r332::c16
713,bb_7364::r332::c17
714,bb_7364::r332::c18
715,bb_7364::r332::c19
716,bb_7364::r332::c2
717,bb_7364::r332::c3
718,bb_7364::r332::c4
719,bb_7364::r332::c5
720,bb_7364::r332::c6
721,bb_7364::r332::c7
722,bb_7364::r332::c8
723,bb_7364::r332::c9
724,bb_7450::r145::c0
725,bb_7450::r145::c1
726,bb_8203::r385::c0
727,bb_8203::r385::c1
728,bb_8203::r385::c10
729,bb_8203::r385::c11
730,bb_8203::r385::c12
731,bb_8203::r385::c13
732,bb_8203::r385::c14
733,bb_8203::r385::c2
734,bb_8203::r385::c3
735,bb_8203::r385::c4
736,bb_8203::r385::c5
737,bb_8203::r385::c6
738,bb_8203::r385::c7
739,bb_8203::r385::c8
740,bb_8203::r385::c9
741,bb_8401::r56::c0
742,bb_8401::r56::c1
743,bb_8401::r56::c10
744,bb_8401::r56::c11
745,bb_8401::r56::c2
746,bb_8401::r56::c3
747,bb_8401::r56::c4
748,bb_8401::r56::c5
749,bb_8401::r56::c6
750,bb_8401::r56::c7
751,bb_8401::r56::c8
752,bb_8401::r56::c9
753,bb_8443::r368::c0
754,bb_8443::r368::c1
755,bb_8521::r282::c0
756,bb_8521::r282::c1
757,bb_8521::r282::c10
758,bb_8521::r282::c11
759,bb_8521::r282::c12
760,bb_8521::r282::c13
761,bb_8521::r282::c14
762,bb_8521::r282::c15
763,bb_8521::r282::c2
764,bb_8521::r282::c3
765,bb_8521::r282::c4
766,bb_8521::r282::c5
767,bb_8521::r282::c6
768,bb_8521::r282::c7
769,bb_8521::r282::c8
770,bb_8521::r282::c9
771,bb_8893::r159::c0
772,bb_8893::r159::c1
773,bb_9192::r54::c0
774,bb_9192::r54::c1
775,bb_9192::r54::c2
776,bb_9192::r54::c3
777,bb_9192::r54::c4
778,bb_9204::r262::c0
779,bb_9204::r262::c1
780,bb_9204::r262::c2
781,bb_9204::r262::c3
782,bb_9204::r262::c4
783,bb_92::r429::c0
784,bb_92::r429::c1
785,bb_92::r429::c2
786,bb_92::r429::c3
787,bb_92::r429::c4
788,bb_92::r429::c5
789,bb_92::r429::c6
790,bb_92::r429::c7
791,bb_92::r429::c8
792,bb_9396::r430::c0
793,bb_9396::r430::c1
794,bb_9396::r430::c10
795,bb_9396::r430::c11
796,bb_9396::r430::c12
797,bb_9396::r430::c13
798,bb_9396::r430::c14
799,bb_9396::r430::c15
800,bb_9396::r430::c16
801,bb_9396::r430::c17
802,bb_9396::r430::c18
803,bb_9396::r430::c19
804,bb_9396::r430::c2
805,bb_9396::r430::c20
806,bb_9396::r430::c21
807,bb_9396::r430::c22
808,bb_9396::r430::c23
809,bb_9396::r430::c24
810,bb_9396::r430::c25
811,bb_9396::r430::c26
812,bb_9396::r430::c27
813,bb_9396::r430::c3
814,bb_9396::r430::c4
815,bb_9396::r430::c5
816,bb_9396::r430::c6
817,bb_9396::r430::c7
818,bb_9396::r430::c8
819,bb_9396::r430::c9
820,bb_9418::r116::c0
821,bb_9418::r116::c1
822,bb_9418::r116::c10
823,bb_9418::r116::c11
824,bb_9418::r116::c12
825,bb_9418::r116::c13
826,bb_9418::r116::c14
827,bb_9418::r116::c15
828,bb_9418::r116::c2
829,bb_9418::r116::c3
830,bb_9418::r116::c4
831,bb_9418::r116::c5
832,bb_9418::r116::c6
833,bb_9418::r116::c7
834,bb_9418::r116::c8
835,bb_9418::r116::c9
836,bb_9453::r105::c0
837,bb_9453::r105::c1
838,bb_9453::r105::c10
839,bb_9453::r105::c11
840,bb_9453::r105::c12
841,bb_9453::r105::c13
842,bb_9453::r105::c2
843,bb_9453::r105::c3
844,bb_9453::r105::c4
845,bb_9453::r105::c5
846,bb_9453::r105::c6
847,bb_9453::r105::c7
848,bb_9453::r105::c8
849,bb_9453::r105::c9
850,bt_1131::r136::c0
851,bt_1131::r136::c1
852,bt_1131::r136::c10
853,bt_1131::r136::c11
854,bt_1131::r136::c12
855,bt_1131::r136::c13
856,bt_1131::r136::c14
857,bt_1131::r136::c15
858,bt_1131::r136::c16
859,bt_1131::r136::c2
860,bt_1131::r136::c3
861,bt_1131::r136::c4
862,bt_1131::r136::c5
863,bt_1131::r136::c6
864,bt_1131::r136::c7
865,bt_1131::r136::c8
866,bt_1131::r136::c9
867,bt_1215::r166::c0
868,bt_1215::r166::c1
869,bt_1215::r166::c10
870,bt_1215::r166::c11
871,bt_1215::r166::c12
872,bt_1215::r166::c13
873,bt_1215::r166::c14
874,bt_1215::r166::c15
875,bt_1215::r166::c16
876,bt_1215::r166::c17
877,bt_1215::r166::c18
878,bt_1215::r166::c19
879,bt_1215::r166::c2
880,bt_1215::r166::c3
881,bt_1215::r166::c4
882,bt_1215::r166::c5
883,bt_1215::r166::c6
884,bt_1215::r166::c7
885,bt_1215::r166::c8
886,bt_1215::r166::c9
887,bt_1356::r335::c0
888,bt_1356::r335::c1
889,bt_1356::r335::c2
890,bt_1568::r306::c0
891,bt_1568::r306::c1
892,bt_1568::r306::c2
893,bt_1568::r306::c3
894,bt_1568::r306::c4
895,bt_1568::r306::c5
896,bt_1568::r306::c6
897,bt_1568::r306::c7
898,bt_1568::r306::c8
899,bt_1861::r433::c0
900,bt_1861::r433::c1
901,bt_1861::r433::c2
902,bt_239::r3::c0
903,bt_239::r3::c1
904,bt_239::r3::c10
905,bt_239::r3::c11
906,bt_239::r3::c12
907,bt_239::r3::c13
908,bt_239::r3::c14
909,bt_239::r3::c15
910,bt_239::r3::c16
911,bt_239::r3::c2
912,bt_239::r3::c3
913,bt_239::r3::c4
914,bt_239::r3::c5
915,bt_239::r3::c6
916,bt_239::r3::c7
917,bt_239::r3::c8
918,bt_239::r3::c9
919,bt_2595::r253::c0
920,bt_2595::r253::c1
921,bt_2595::r253::c10
922,bt_2595::r253::c11
923,bt_2595::r253::c12
924,bt_2595::r253::c13
925,bt_2595::r253::c14
926,bt_2595::r253::c15
927,bt_2595::r253::c16
928,bt_2595::r253::c17
929,bt_2595::r253::c18
930,bt_2595::r253::c19
931,bt_2595::r253::c2
932,bt_2595::r253::c20
933,bt_2595::r253::c21
934,bt_2595::r253::c22
935,bt_2595::r253::c3
936,bt_2595::r253::c4
937,bt_2595::r253::c5
938,bt_2595::r253::c6
939,bt_2595::r253::c7
940,bt_2595::r253::c8
941,bt_2595::r253::c9
942,bt_2628::r67::c0
943,bt_2628::r67::c1
944,bt_2628::r67::c10
945,bt_2628::r67::c11
946,bt_2628::r67::c12
947,bt_2628::r67::c13
948,bt_2628::r67::c14
949,bt_2628::r67::c15
950,bt_2628::r67::c16
951,bt_2628::r67::c17
952,bt_2628::r67::c18
953,bt_2628::r67::c19
954,bt_2628::r67::c2
955,bt_2628::r67::c20
956,bt_2628::r67::c21
957,bt_2628::r67::c3
958,bt_2628::r67::c4
959,bt_2628::r67::c5
960,bt_2628::r67::c6
961,bt_2628::r67::c7
962,bt_2628::r67::c8
963,bt_2628::r67::c9
964,bt_2705::r316::c0
965,bt_2705::r316::c1
966,bt_2705::r316::c10
967,bt_2705::r316::c11
968,bt_2705::r316::c12
969,bt_2705::r316::c13
970,bt_2705::r316::c14
971,bt_2705::r316::c15
972,bt_2705::r316::c16
973,bt_2705::r316::c17
974,bt_2705::r316::c18
975,bt_2705::r316::c19
976,bt_2705::r316::c2
977,bt_2705::r316::c20
978,bt_2705::r316::c21
979,bt_2705::r316::c22
980,bt_2705::r316::c23
981,bt_2705::r316::c24
982,bt_2705::r316::c25
983,bt_2705::r316::c26
984,bt_2705::r316::c27
985,bt_2705::r316::c28
986,bt_2705::r316::c29
987,bt_2705::r316::c3
988,bt_2705::r316::c30
989,bt_2705::r316::c31
990,bt_2705::r316::c4
991,bt_2705::r316::c5
992,bt_2705::r316::c6
993,bt_2705::r316::c7
994,bt_2705::r316::c8
995,bt_2705::r316::c9
996,bt_3259::r102::c0
997,bt_3259::r102::c1
998,bt_3259::r102::c10
999,bt_3259::r102::c11
1000,bt_3259::r102::c12
1001,bt_3259::r102::c13
1002,bt_3259::r102::c14
1003,bt_3259::r102::c15
1004,bt_3259::r102::c16
1005,bt_3259::r102::c17
1006,bt_3259::r102::c18
1007,bt_3259::r102::c19
1008,bt_3259::r102::c2
1009,bt_3259::r102::c20
1010,bt_3259::r102::c3
1011,bt_3259::r102::c4
1012,bt_3259::r102::c5
1013,bt_3259::r102::c6
1014,bt_3259::r102::c7
1015,bt_3259::r102::c8
1016,bt_3259::r102::c9
1017,bt_3601::r71::c0
1018,bt_3601::r71::c1
1019,bt_3601::r71::c2
1020,bt_3601::r71::c3
1021,bt_726::r103::c0
1022,bt_726::r103::c1
1023,bt_726::r103::c2
1024,bt_726::r103::c3
1025,bt_726::r103::c4
1026,bt_726::r103::c5
1027,bt_726::r103::c6
1028,bt_726::r103::c7
1029,bt_726::r103::c8
1030,bt_726::r103::c9
1031,bt_97::r301::c0
1032,bt_97::r301::c1
1033,bt_97::r301::c2
1034,bt_97::r301::c3
1035,bt_97::r301::c4
1036,bt_97::r301::c5
1037,bt_97::r301::c6
1038,bt_97::r301::c7
1039,bt_97::r301::c8
1040,bt_97::r301::c9
1041,dpql_1280::r293::c0
1042,dpql_1280::r293::c1
1043,dpql_1280::r293::c10
1044,dpql_1280::r293::c11
1045,dpql_1280::r293::c12
1046,dpql_1280::r293::c13
1047,dpql_1280::r293::c14
1048,dpql_1280::r293::c15
1049,dpql_1280::r293::c16
1050,dpql_1280::r293::c17
1051,dpql_1280::r293::c18
1052,dpql_1280::r293::c19
1053,dpql_1280::r293::c2
1054,dpql_1280::r293::c20
1055,dpql_1280::r293::c21
1056,dpql_1280::r293::c22
1057,dpql_1280::r293::c23
1058,dpql_1280::r293::c24
1059,dpql_1280::r293::c25
1060,dpql_1280::r293::c26
1061,dpql_1280::r293::c27
1062,dpql_1280::r293::c28
1063,dpql_1280::r293::c29
1064,dpql_1280::r293::c3
1065,dpql_1280::r293::c30
1066,dpql_1280::r293::c31
1067,dpql_1280::r293::c32
1068,dpql_1280::r293::c33
1069,dpql_1280::r293::c34
1070,dpql_1280::r293::c35
1071,dpql_1280::r293::c36
1072,dpql_1280::r293::c37
1073,dpql_1280::r293::c38
1074,dpql_1280::r293::c39
1075,dpql_1280::r293::c4
1076,dpql_1280::r293::c40
1077,dpql_1280::r293::c41
1078,dpql_1280::r293::c42
1079,dpql_1280::r293::c43
1080,dpql_1280::r293::c44
1081,dpql_1280::r293::c45
1082,dpql_1280::r293::c46
1083,dpql_1280::r293::c47
1084,dpql_1280::r293::c48
1085,dpql_1280::r293::c5
1086,dpql_1280::r293::c6
1087,dpql_1280::r293::c7
1088,dpql_1280::r293::c8
1089,dpql_1280::r293::c9
1090,dpql_1404::r164::c0
1091,dpql_1404::r164::c1
1092,dpql_1404::r164::c10
1093,dpql_1404::r164::c11
1094,dpql_1404::r164::c12
1095,dpql_1404::r164::c13
1096,dpql_1404::r164::c14
1097,dpql_1404::r164::c15
1098,dpql_1404::r164::c2
1099,dpql_1404::r164::c3
1100,dpql_1404::r164::c4
1101,dpql_1404::r164::c5
1102,dpql_1404::r164::c6
1103,dpql_1404::r164::c7
1104,dpql_1404::r164::c8
1105,dpql_1404::r164::c9
1106,dpql_2139::r284::c0
1107,dpql_2139::r284::c1
1108,dpql_2139::r284::c10
1109,dpql_2139::r284::c11
1110,dpql_2139::r284::c12
1111,dpql_2139::r284::c13
1112,dpql_2139::r284::c14
1113,dpql_2139::r284::c15
1114,dpql_2139::r284::c2
1115,dpql_2139::r284::c3
1116,dpql_2139::r284::c4
1117,dpql_2139::r284::c5
1118,dpql_2139::r284::c6
1119,dpql_2139::r284::c7
1120,dpql_2139::r284::c8
1121,dpql_2139::r284::c9
1122,dpql_216::r163::c0
1123,dpql_216::r163::c1
1124,dpql_2238::r437::c14
1125,dpql_2238::r437::c15
1126,dpql_2238::r437::c16
1127,dpql_2238::r437::c17
1128,dpql_2238::r437::c18
1129,dpql_2238::r437::c19
1130,dpql_2271::r36::c0
1131,dpql_2271::r36::c1
1132,dpql_2271::r36::c2
1133,dpql_2271::r36::c3
1134,dpql_2271::r36::c4
1135,dpql_2271::r36::c5
1136,dpql_2271::r36::c6
1137,dpql_231::r217::c0
1138,dpql_231::r217::c1
1139,dpql_231::r217::c2
1140,dpql_231::r217::c3
1141,dpql_231::r217::c4
1142,dpql_2497::r312::c0
1143,dpql_2497::r312::c1
1144,dpql_2497::r312::c10
1145,dpql_2497::r312::c11
1146,dpql_2497::r312::c12
1147,dpql_2497::r312::c13
1148,dpql_2497::r312::c14
1149,dpql_2497::r312::c15
1150,dpql_2497::r312::c16
1151,dpql_2497::r312::c17
1152,dpql_2497::r312::c18
1153,dpql_2497::r312::c19
1154,dpql_2497::r312::c2
1155,dpql_2497::r312::c20
1156,dpql_2497::r312::c21
1157,dpql_2497::r312::c22
1158,dpql_2497::r312::c23
1159,dpql_2497::r312::c24
1160,dpql_2497::r312::c3
1161,dpql_2497::r312::c4
1162,dpql_2497::r312::c5
1163,dpql_2497::r312::c6
1164,dpql_2497::r312::c7
1165,dpql_2497::r312::c8
1166,dpql_2497::r312::c9
1167,dpql_3032::r386::c0
1168,dpql_3032::r386::c1
1169,dpql_3032::r386::c10
1170,dpql_3032::r386::c11
1171,dpql_3032::r386::c12
1172,dpql_3032::r386::c13
1173,dpql_3032::r386::c14
1174,dpql_3032::r386::c15
1175,dpql_3032::r386::c16
1176,dpql_3032::r386::c17
1177,dpql_3032::r386::c18
1178,dpql_3032::r386::c19
1179,dpql_3032::r386::c2
1180,dpql_3032::r386::c20
1181,dpql_3032::r386::c21
1182,dpql_3032::r386::c22
1183,dpql_3032::r386::c23
1184,dpql_3032::r386::c24
1185,dpql_3032::r386::c25
1186,dpql_3032::r386::c3
1187,dpql_3032::r386::c4
1188,dpql_3032::r386::c5
1189,dpql_3032::r386::c6
1190,dpql_3032::r386::c7
1191,dpql_3032::r386::c8
1192,dpql_3032::r386::c9
1193,dpql_3252::r0::c0
1194,dpql_3252::r0::c1
1195,dpql_3252::r0::c10
1196,dpql_3252::r0::c2
1197,dpql_3252::r0::c3
1198,dpql_3252::r0::c4
1199,dpql_3252::r0::c5
1200,dpql_3252::r0::c6
1201,dpql_3252::r0::c7
1202,dpql_3252::r0::c8
1203,dpql_3252::r0::c9
1204,dpql_3433::r140::c0
1205,dpql_3433::r140::c1
1206,dpql_3433::r140::c2
1207,dpql_3447::r434::c0
1208,dpql_3447::r434::c1
1209,dpql_3447::r434::c2
1210,dpql_3447::r434::c3
1211,dpql_3512::r219::c0
1212,dpql_3512::r219::c1
1213,dpql_3512::r219::c2
1214,dpql_3512::r219::c3
1215,dpql_3512::r219::c4
1216,dpql_3512::r219::c5
1217,dpql_3635::r296::c0
1218,dpql_3635::r296::c1
1219,dpql_3635::r296::c10
1220,dpql_3635::r296::c11
1221,dpql_3635::r296::c12
1222,dpql_3635::r296::c13
1223,dpql_3635::r296::c14
1224,dpql_3635::r296::c15
1225,dpql_3635::r296::c16
1226,dpql_3635::r296::c17
1227,dpql_3635::r296::c18
1228,dpql_3635::r296::c19
1229,dpql_3635::r296::c2
1230,dpql_3635::r296::c20
1231,dpql_3635::r296::c21
1232,dpql_3635::r296::c22
1233,dpql_3635::r296::c23
1234,dpql_3635::r296::c24
1235,dpql_3635::r296::c25
1236,dpql_3635::r296::c26
1237,dpql_3635::r296::c27
1238,dpql_3635::r296::c28
1239,dpql_3635::r296::c29
1240,dpql_3635::r296::c3
1241,dpql_3635::r296::c30
1242,dpql_3635::r296::c31
1243,dpql_3635::r296::c32
1244,dpql_3635::r296::c33
1245,dpql_3635::r296::c34
1246,dpql_3635::r296::c35
1247,dpql_3635::r296::c36
1248,dpql_3635::r296::c37
1249,dpql_3635::r296::c38
1250,dpql_3635::r296::c39
1251,dpql_3635::r296::c4
1252,dpql_3635::r296::c5
1253,dpql_3635::r296::c6
1254,dpql_3635::r296::c7
1255,dpql_3635::r296::c8
1256,dpql_3635::r296::c9
1257,dpql_4129::r11::c0
1258,dpql_4129::r11::c1
1259,dpql_4129::r11::c2
1260,dpql_4129::r11::c3
1261,dpql_4975::r344::c0
1262,dpql_4975::r344::c1
1263,dpql_4975::r344::c10
1264,dpql_4975::r344::c11
1265,dpql_4975::r344::c12
1266,dpql_4975::r344::c13
1267,dpql_4975::r344::c14
1268,dpql_4975::r344::c2
1269,dpql_4975::r344::c3
1270,dpql_4975::r344::c4
1271,dpql_4975::r344::c5
1272,dpql_4975::r344::c6
1273,dpql_4975::r344::c7
1274,dpql_4975::r344::c8
1275,dpql_4975::r344::c9
1276,dpql_5222::r127::c0
1277,dpql_5222::r127::c1
1278,dpql_5360::r28::c0
1279,dpql_5360::r28::c1
1280,dpql_5360::r28::c2
1281,dpql_5360::r28::c3
1282,dpql_5360::r28::c4
1283,dpql_5360::r28::c5
1284,dpql_5360::r28::c6
1285,dpql_5408::r192::c0
1286,dpql_5408::r192::c1
1287,dpql_5408::r192::c10
1288,dpql_5408::r192::c11
1289,dpql_5408::r192::c12
1290,dpql_5408::r192::c13
1291,dpql_5408::r192::c14
1292,dpql_5408::r192::c15
1293,dpql_5408::r192::c16
1294,dpql_5408::r192::c17
1295,dpql_5408::r192::c18
1296,dpql_5408::r192::c19
1297,dpql_5408::r192::c2
1298,dpql_5408::r192::c20
1299,dpql_5408::r192::c21
1300,dpql_5408::r192::c22
1301,dpql_5408::r192::c23
1302,dpql_5408::r192::c24
1303,dpql_5408::r192::c25
1304,dpql_5408::r192::c26
1305,dpql_5408::r192::c27
1306,dpql_5408::r192::c28
1307,dpql_5408::r192::c3
1308,dpql_5408::r192::c4
1309,dpql_5408::r192::c5
1310,dpql_5408::r192::c6
1311,dpql_5408::r192::c7
1312,dpql_5408::r192::c8
1313,dpql_5408::r192::c9
1314,dpql_6084::r92::c0
1315,dpql_6084::r92::c1
1316,dpql_6084::r92::c10
1317,dpql_6084::r92::c11
1318,dpql_6084::r92::c12
1319,dpql_6084::r92::c13
1320,dpql_6084::r92::c14
1321,dpql_6084::r92::c15
1322,dpql_6084::r92::c16
1323,dpql_6084::r92::c17
1324,dpql_6084::r92::c18
1325,dpql_6084::r92::c19
1326,dpql_6084::r92::c2
1327,dpql_6084::r92::c20
1328,dpql_6084::r92::c21
1329,dpql_6084::r92::c22
1330,dpql_6084::r92::c23
1331,dpql_6084::r92::c24
1332,dpql_6084::r92::c25
1333,dpql_6084::r92::c26
1334,dpql_6084::r92::c27
1335,dpql_6084::r92::c28
1336,dpql_6084::r92::c29
1337,dpql_6084::r92::c3
1338,dpql_6084::r92::c30
1339,dpql_6084::r92::c31
1340,dpql_6084::r92::c32
1341,dpql_6084::r92::c4
1342,dpql_6084::r92::c5
1343,dpql_6084::r92::c6
1344,dpql_6084::r92::c7
1345,dpql_6084::r92::c8
1346,dpql_6084::r92::c9
1347,dpql_6289::r255::c0
1348,dpql_6289::r255::c1
1349,dpql_6289::r255::c2
1350,dpql_6289::r255::c3
1351,dpql_6289::r255::c4
1352,dpql_6289::r255::c5
1353,dpql_6289::r255::c6
1354,dpql_6289::r255::c7
1355,dpql_6289::r255::c8
1356,dpql_6289::r255::c9
1357,dpql_647::r21::c0
1358,dpql_647::r21::c1
1359,dpql_647::r21::c2
1360,dpql_647::r21::c3
1361,dpql_647::r21::c4
1362,dpql_647::r21::c5
1363,dpql_647::r21::c6
1364,dpql_971::r94::c0
1365,dpql_971::r94::c1
1366,jp_1299::r326::c0
1367,jp_1299::r326::c1
1368,jp_1299::r326::c2
1369,jp_1299::r326::c3
1370,jp_1299::r326::c4
1371,jp_1299::r326::c5
1372,jp_1299::r326::c6
1373,jp_1299::r326::c7
1374,jp_1393::r396::c0
1375,jp_1393::r396::c1
1376,jp_1393::r396::c10
1377,jp_1393::r396::c11
1378,jp_1393::r396::c12
1379,jp_1393::r396::c13
1380,jp_1393::r396::c2
1381,jp_1393::r396::c3
1382,jp_1393::r396::c4
1383,jp_1393::r396::c5
1384,jp_1393::r396::c6
1385,jp_1393::r396::c7
1386,jp_1393::r396::c8
1387,jp_1393::r396::c9
1388,jp_1567::r118::c0
1389,jp_1567::r118::c1
1390,jp_1567::r118::c2
1391,jp_1567::r118::c3
1392,jp_1567::r118::c4
1393,jp_1696::r313::c0
1394,jp_1696::r313::c1
1395,jp_1696::r313::c10
1396,jp_1696::r313::c11
1397,jp_1696::r313::c12
1398,jp_1696::r313::c13
1399,jp_1696::r313::c14
1400,jp_1696::r313::c15
1401,jp_1696::r313::c16
1402,jp_1696::r313::c17
1403,jp_1696::r313::c18
1404,jp_1696::r313::c19
1405,jp_1696::r313::c2
1406,jp_1696::r313::c20
1407,jp_1696::r313::c21
1408,jp_1696::r313::c3
1409,jp_1696::r313::c4
1410,jp_1696::r313::c5
1411,jp_1696::r313::c6
1412,jp_1696::r313::c7
1413,jp_1696::r313::c8
1414,jp_1696::r313::c9
1415,jp_1725::r123::c17
1416,jp_1725::r123::c18
1417,jp_1725::r123::c19
1418,jp_1725::r123::c20
1419,jp_1725::r123::c21
1420,jp_1725::r123::c22
1421,jp_1725::r123::c23
1422,jp_1725::r123::c24
1423,jp_1725::r123::c25
1424,jp_1928::r199::c0
1425,jp_1928::r199::c1
1426,jp_1928::r199::c2
1427,jp_1928::r199::c3
1428,jp_1928::r199::c4
1429,jp_1928::r199::c5
1430,jp_1928::r199::c6
1431,jp_2149::r241::c0
1432,jp_2149::r241::c1
1433,jp_2149::r241::c2
1434,jp_2149::r241::c3
1435,jp_2261::r256::c0
1436,jp_2261::r256::c1
1437,jp_2261::r256::c2
1438,jp_2261::r256::c3
1439,jp_2261::r256::c4
1440,jp_2261::r256::c5
1441,jp_2839::r101::c0
1442,jp_2839::r101::c1
1443,jp_2839::r101::c10
1444,jp_2839::r101::c2
1445,jp_2839::r101::c3
1446,jp_2839::r101::c4
1447,jp_2839::r101::c5
1448,jp_2839::r101::c6
1449,jp_2839::r101::c7
1450,jp_2839::r101::c8
1451,jp_2839::r101::c9
1452,jp_3148::r195::c0
1453,jp_3148::r195::c1
1454,jp_3148::r195::c2
1455,jp_3148::r195::c3
1456,jp_3148::r195::c4
1457,jp_3148::r195::c5
1458,jp_3148::r195::c6
1459,jp_3148::r195::c7
1460,jp_3148::r195::c8
1461,jp_3278::r128::c0
1462,jp_3278::r128::c1
1463,jp_3278::r128::c2
1464,jp_3278::r128::c3
1465,jp_3278::r128::c4
1466,jp_3278::r128::c5
1467,jp_3278::r128::c6
1468,jp_3278::r128::c7
1469,jp_3476::r254::c0
1470,jp_3476::r254::c1
1471,jp_3476::r254::c10
1472,jp_3476::r254::c11
1473,jp_3476::r254::c12
1474,jp_3476::r254::c13
1475,jp_3476::r254::c14
1476,jp_3476::r254::c15
1477,jp_3476::r254::c16
1478,jp_3476::r254::c17
1479,jp_3476::r254::c18
1480,jp_3476::r254::c19
1481,jp_3476::r254::c2
1482,jp_3476::r254::c20
1483,jp_3476::r254::c21
1484,jp_3476::r254::c22
1485,jp_3476::r254::c23
1486,jp_3476::r254::c3
1487,jp_3476::r254::c4
1488,jp_3476::r254::c5
1489,jp_3476::r254::c6
1490,jp_3476::r254::c7
1491,jp_3476::r254::c8
1492,jp_3476::r254::c9
1493,jp_3505::r40::c0
1494,jp_3505::r40::c1
1495,jp_3505::r40::c2
1496,jp_3505::r40::c3
1497,jp_3505::r40::c4
1498,jp_3505::r40::c5
1499,jp_3505::r40::c6
1500,jp_3505::r40::c7
1501,jp_3505::r40::c8
1502,jp_3747::r5::c0
1503,jp_3747::r5::c1
1504,jp_3747::r5::c10
1505,jp_3747::r5::c11
1506,jp_3747::r5::c12
1507,jp_3747::r5::c13
1508,jp_3747::r5::c14
1509,jp_3747::r5::c15
1510,jp_3747::r5::c16
1511,jp_3747::r5::c17
1512,jp_3747::r5::c18
1513,jp_3747::r5::c19
1514,jp_3747::r5::c2
1515,jp_3747::r5::c20
1516,jp_3747::r5::c21
1517,jp_3747::r5::c22
1518,jp_3747::r5::c23
1519,jp_3747::r5::c24
1520,jp_3747::r5::c25
1521,jp_3747::r5::c26
1522,jp_3747::r5::c27
1523,jp_3747::r5::c28
1524,jp_3747::r5::c29
1525,jp_3747::r5::c3
1526,jp_3747::r5::c30
1527,jp_3747::r5::c31
1528,jp_3747::r5::c32
1529,jp_3747::r5::c33
1530,jp_3747::r5::c34
1531,jp_3747::r5::c35
1532,jp_3747::r5::c36
1533,jp_3747::r5::c37
1534,jp_3747::r5::c38
1535,jp_3747::r5::c39
1536,jp_3747::r5::c4
1537,jp_3747::r5::c40
1538,jp_3747::r5::c41
1539,jp_3747::r5::c42
1540,jp_3747::r5::c43
1541,jp_3747::r5::c44
1542,jp_3747::r5::c45
1543,jp_3747::r5::c46
1544,jp_3747::r5::c47
1545,jp_3747::r5::c48
1546,jp_3747::r5::c49
1547,jp_3747::r5::c5
1548,jp_3747::r5::c50
1549,jp_3747::r5::c51
1550,jp_3747::r5::c52
1551,jp_3747::r5::c53
1552,jp_3747::r5::c54
1553,jp_3747::r5::c55
1554,jp_3747::r5::c56
1555,jp_3747::r5::c57
1556,jp_3747::r5::c58
1557,jp_3747::r5::c59
1558,jp_3747::r5::c6
1559,jp_3747::r5::c60
1560,jp_3747::r5::c61
1561,jp_3747::r5::c7
1562,jp_3747::r5::c8
1563,jp_3747::r5::c9
1564,jp_4009::r220::c0
1565,jp_4009::r220::c1
1566,jp_4009::r220::c10
1567,jp_4009::r220::c11
1568,jp_4009::r220::c12
1569,jp_4009::r220::c13
1570,jp_4009::r220::c14
1571,jp_4009::r220::c15
1572,jp_4009::r220::c16
1573,jp_4009::r220::c17
1574,jp_4009::r220::c2
1575,jp_4009::r220::c3
1576,jp_4009::r220::c4
1577,jp_4009::r220::c5
1578,jp_4009::r220::c6
1579,jp_4009::r220::c7
1580,jp_4009::r220::c8
1581,jp_4009::r220::c9
1582,jp_4058::r423::c0
1583,jp_4058::r423::c1
1584,jp_4058::r423::c10
1585,jp_4058::r423::c11
1586,jp_4058::r423::c12
1587,jp_4058::r423::c13
1588,jp_4058::r423::c14
1589,jp_4058::r423::c15
1590,jp_4058::r423::c2
1591,jp_4058::r423::c3
1592,jp_4058::r423::c4
1593,jp_4058::r423::c5
1594,jp_4058::r423::c6
1595,jp_4058::r423::c7
1596,jp_4058::r423::c8
1597,jp_4058::r423::c9
1598,jp_4278::r161::c0
1599,jp_4292::r6::c0
1600,jp_4292::r6::c1
1601,odql_10257::r234::c0
1602,odql_10257::r234::c1
1603,odql_10257::r234::c10
1604,odql_10257::r234::c11
1605,odql_10257::r234::c12
1606,odql_10257::r234::c13
1607,odql_10257::r234::c14
1608,odql_10257::r234::c2
1609,odql_10257::r234::c3
1610,odql_10257::r234::c4
1611,odql_10257::r234::c5
1612,odql_10257::r234::c6
1613,odql_10257::r234::c7
1614,odql_10257::r234::c8
1615,odql_10257::r234::c9
1616,odql_10315::r213::c0
1617,odql_10315::r213::c1
1618,odql_10315::r213::c10
1619,odql_10315::r213::c11
1620,odql_10315::r213::c12
1621,odql_10315::r213::c13
1622,odql_10315::r213::c14
1623,odql_10315::r213::c15
1624,odql_10315::r213::c16
1625,odql_10315::r213::c17
1626,odql_10315::r213::c18
1627,odql_10315::r213::c19
1628,odql_10315::r213::c2
1629,odql_10315::r213::c20
1630,odql_10315::r213::c21
1631,odql_10315::r213::c22
1632,odql_10315::r213::c23
1633,odql_10315::r213::c24
1634,odql_10315::r213::c25
1635,odql_10315::r213::c26
1636,odql_10315::r213::c27
1637,odql_10315::r213::c28
1638,odql_10315::r213::c29
1639,odql_10315::r213::c3
1640,odql_10315::r213::c30
1641,odql_10315::r213::c31
1642,odql_10315::r213::c32
1643,odql_10315::r213::c33
1644,odql_10315::r213::c34
1645,odql_10315::r213::c35
1646,odql_10315::r213::c36
1647,odql_10315::r213::c37
1648,odql_10315::r213::c38
1649,odql_10315::r213::c39
1650,odql_10315::r213::c4
1651,odql_10315::r213::c40
1652,odql_10315::r213::c41
1653,odql_10315::r213::c5
1654,odql_10315::r213::c6
1655,odql_10315::r213::c7
1656,odql_10315::r213::c8
1657,odql_10315::r213::c9
1658,odql_10652::r99::c0
1659,odql_10652::r99::c1
1660,odql_10869::r333::c0
1661,odql_11103::r221::c0
1662,odql_11103::r221::c1
1663,odql_11103::r221::c2
1664,odql_11103::r221::c3
1665,odql_11103::r221::c4
1666,odql_11166::r267::c0
1667,odql_11166::r267::c1
1668,odql_11166::r267::c10
1669,odql_11166::r267::c11
1670,odql_11166::r267::c12
1671,odql_11166::r267::c13
1672,odql_11166::r267::c14
1673,odql_11166::r267::c15
1674,odql_11166::r267::c16
1675,odql_11166::r267::c17
1676,odql_11166::r267::c18
1677,odql_11166::r267::c19
1678,odql_11166::r267::c2
1679,odql_11166::r267::c20
1680,odql_11166::r267::c21
1681,odql_11166::r267::c22
1682,odql_11166::r267::c23
1683,odql_11166::r267::c24
1684,odql_11166::r267::c25
1685,odql_11166::r267::c26
1686,odql_11166::r267::c27
1687,odql_11166::r267::c28
1688,odql_11166::r267::c29
1689,odql_11166::r267::c3
1690,odql_11166::r267::c4
1691,odql_11166::r267::c5
1692,odql_11166::r267::c6
1693,odql_11166::r267::c7
1694,odql_11166::r267::c8
1695,odql_11166::r267::c9
1696,odql_11176::r297::c0
1697,odql_11176::r297::c1
1698,odql_11176::r297::c10
1699,odql_11176::r297::c11
1700,odql_11176::r297::c12
1701,odql_11176::r297::c13
1702,odql_11176::r297::c2
1703,odql_11176::r297::c3
1704,odql_11176::r297::c4
1705,odql_11176::r297::c5
1706,odql_11176::r297::c6
1707,odql_11176::r297::c7
1708,odql_11176::r297::c8
1709,odql_11176::r297::c9
1710,odql_113::r109::c0
1711,odql_113::r109::c1
1712,odql_113::r109::c10
1713,odql_113::r109::c11
1714,odql_113::r109::c12
1715,odql_113::r109::c13
1716,odql_113::r109::c14
1717,odql_113::r109::c15
1718,odql_113::r109::c16
1719,odql_113::r109::c17
1720,odql_113::r109::c18
1721,odql_113::r109::c19
1722,odql_113::r109::c2
1723,odql_113::r109::c20
1724,odql_113::r109::c21
1725,odql_113::r109::c22
1726,odql_113::r109::c23
1727,odql_113::r109::c24
1728,odql_113::r109::c25
1729,odql_113::r109::c26
1730,odql_113::r109::c27
1731,odql_113::r109::c28
1732,odql_113::r109::c29
1733,odql_113::r109::c3
1734,odql_113::r109::c30
1735,odql_113::r109::c31
1736,odql_113::r109::c32
1737,odql_113::r109::c33
1738,odql_113::r109::c34
1739,odql_113::r109::c35
1740,odql_113::r109::c36
1741,odql_113::r109::c37
1742,odql_113::r109::c4
1743,odql_113::r109::c5
1744,odql_113::r109::c6
1745,odql_113::r109::c7
1746,odql_113::r109::c8
1747,odql_113::r109::c9
1748,odql_11810::r350::c0
1749,odql_11810::r350::c1
1750,odql_11810::r350::c2
1751,odql_11942::r370::c0
1752,odql_11942::r370::c1
1753,odql_11942::r370::c10
1754,odql_11942::r370::c11
1755,odql_11942::r370::c12
1756,odql_11942::r370::c13
1757,odql_11942::r370::c14
1758,odql_11942::r370::c15
1759,odql_11942::r370::c16
1760,odql_11942::r370::c17
1761,odql_11942::r370::c18
1762,odql_11942::r370::c19
1763,odql_11942::r370::c2
1764,odql_11942::r370::c20
1765,odql_11942::r370::c3
1766,odql_11942::r370::c4
1767,odql_11942::r370::c5
1768,odql_11942::r370::c6
1769,odql_11942::r370::c7
1770,odql_11942::r370::c8
1771,odql_11942::r370::c9
1772,odql_12235::r412::c10
1773,odql_12235::r412::c11
1774,odql_12235::r412::c12
1775,odql_12235::r412::c13
1776,odql_12235::r412::c14
1777,odql_12235::r412::c15
1778,odql_12235::r412::c16
1779,odql_12235::r412::c17
1780,odql_12235::r412::c18
1781,odql_12235::r412::c19
1782,odql_12235::r412::c20
1783,odql_12235::r412::c21
1784,odql_12235::r412::c8
1785,odql_12235::r412::c9
1786,odql_12481::r186::c0
1787,odql_12481::r186::c1
1788,odql_12481::r186::c2
1789,odql_12481::r186::c3
1790,odql_12481::r186::c4
1791,odql_12481::r186::c5
1792,odql_12481::r186::c6
1793,odql_12481::r186::c7
1794,odql_12481::r186::c8
1795,odql_12481::r186::c9
1796,odql_13565::r447::c0
1797,odql_13565::r447::c1
1798,odql_13565::r447::c2
1799,odql_13565::r447::c3
1800,odql_13588::r338::c0
1801,odql_13588::r338::c1
1802,odql_13588::r338::c10
1803,odql_13588::r338::c11
1804,odql_13588::r338::c12
1805,odql_13588::r338::c13
1806,odql_13588::r338::c14
1807,odql_13588::r338::c15
1808,odql_13588::r338::c16
1809,odql_13588::r338::c17
1810,odql_13588::r338::c18
1811,odql_13588::r338::c19
1812,odql_13588::r338::c2
1813,odql_13588::r338::c20
1814,odql_13588::r338::c21
1815,odql_13588::r338::c22
1816,odql_13588::r338::c23
1817,odql_13588::r338::c24
1818,odql_13588::r338::c3
1819,odql_13588::r338::c4
1820,odql_13588::r338::c5
1821,odql_13588::r338::c6
1822,odql_13588::r338::c7
1823,odql_13588::r338::c8
1824,odql_13588::r338::c9
1825,odql_1389::r436::c0
1826,odql_1389::r436::c1
1827,odql_1389::r436::c2
1828,odql_1389::r436::c3
1829,odql_1389::r436::c4
1830,odql_1389::r436::c5
1831,odql_1389::r436::c6
1832,odql_14537::r324::c0
1833,odql_14537::r324::c1
1834,odql_14537::r324::c10
1835,odql_14537::r324::c11
1836,odql_14537::r324::c12
1837,odql_14537::r324::c13
1838,odql_14537::r324::c14
1839,odql_14537::r324::c15
1840,odql_14537::r324::c2
1841,odql_14537::r324::c3
1842,odql_14537::r324::c4
1843,odql_14537::r324::c5
1844,odql_14537::r324::c6
1845,odql_14537::r324::c7
1846,odql_14537::r324::c8
1847,odql_14537::r324::c9
1848,odql_14539::r382::c0
1849,odql_14539::r382::c1
1850,odql_14539::r382::c10
1851,odql_14539::r382::c11
1852,odql_14539::r382::c12
1853,odql_14539::r382::c13
1854,odql_14539::r382::c14
1855,odql_14539::r382::c15
1856,odql_14539::r382::c16
1857,odql_14539::r382::c17
1858,odql_14539::r382::c18
1859,odql_14539::r382::c19
1860,odql_14539::r382::c2
1861,odql_14539::r382::c20
1862,odql_14539::r382::c21
1863,odql_14539::r382::c3
1864,odql_14539::r382::c4
1865,odql_14539::r382::c5
1866,odql_14539::r382::c6
1867,odql_14539::r382::c7
1868,odql_14539::r382::c8
1869,odql_14539::r382::c9
1870,odql_14815::r371::c0
1871,odql_14815::r371::c1
1872,odql_14815::r371::c10
1873,odql_14815::r371::c11
1874,odql_14815::r371::c12
1875,odql_14815::r371::c13
1876,odql_14815::r371::c14
1877,odql_14815::r371::c15
1878,odql_14815::r371::c2
1879,odql_14815::r371::c3
1880,odql_14815::r371::c4
1881,odql_14815::r371::c5
1882,odql_14815::r371::c6
1883,odql_14815::r371::c7
1884,odql_14815::r371::c8
1885,odql_14815::r371::c9
1886,odql_15048::r265::c0
1887,odql_15048::r265::c1
1888,odql_15048::r265::c10
1889,odql_15048::r265::c11
1890,odql_15048::r265::c12
1891,odql_15048::r265::c13
1892,odql_15048::r265::c14
1893,odql_15048::r265::c15
1894,odql_15048::r265::c16
1895,odql_15048::r265::c2
1896,odql_15048::r265::c3
1897,odql_15048::r265::c4
1898,odql_15048::r265::c5
1899,odql_15048::r265::c6
1900,odql_15048::r265::c7
1901,odql_15048::r265::c8
1902,odql_15048::r265::c9
1903,odql_15122::r137::c0
1904,odql_15122::r137::c1
1905,odql_15122::r137::c10
1906,odql_15122::r137::c11
1907,odql_15122::r137::c12
1908,odql_15122::r137::c13
1909,odql_15122::r137::c14
1910,odql_15122::r137::c15
1911,odql_15122::r137::c16
1912,odql_15122::r137::c17
1913,odql_15122::r137::c18
1914,odql_15122::r137::c19
1915,odql_15122::r137::c2
1916,odql_15122::r137::c20
1917,odql_15122::r137::c21
1918,odql_15122::r137::c22
1919,odql_15122::r137::c23
1920,odql_15122::r137::c24
1921,odql_15122::r137::c25
1922,odql_15122::r137::c26
1923,odql_15122::r137::c27
1924,odql_15122::r137::c28
1925,odql_15122::r137::c3
1926,odql_15122::r137::c4
1927,odql_15122::r137::c5
1928,odql_15122::r137::c6
1929,odql_15122::r137::c7
1930,odql_15122::r137::c8
1931,odql_15122::r137::c9
1932,odql_2332::r197::c0
1933,odql_2420::r334::c0
1934,odql_2420::r334::c1
1935,odql_2420::r334::c10
1936,odql_2420::r334::c11
1937,odql_2420::r334::c12
1938,odql_2420::r334::c2
1939,odql_2420::r334::c3
1940,odql_2420::r334::c4
1941,odql_2420::r334::c5
1942,odql_2420::r334::c6
1943,odql_2420::r334::c7
1944,odql_2420::r334::c8
1945,odql_2420::r334::c9
1946,odql_2466::r289::c0
1947,odql_2466::r289::c1
1948,odql_2466::r289::c10
1949,odql_2466::r289::c11
1950,odql_2466::r289::c12
1951,odql_2466::r289::c13
1952,odql_2466::r289::c14
1953,odql_2466::r289::c15
1954,odql_2466::r289::c16
1955,odql_2466::r289::c17
1956,odql_2466::r289::c18
1957,odql_2466::r289::c2
1958,odql_2466::r289::c3
1959,odql_2466::r289::c4
1960,odql_2466::r289::c5
1961,odql_2466::r289::c6
1962,odql_2466::r289::c7
1963,odql_2466::r289::c8
1964,odql_2466::r289::c9
1965,odql_2571::r216::c0
1966,odql_2571::r216::c1
1967,odql_2571::r216::c10
1968,odql_2571::r216::c11
1969,odql_2571::r216::c12
1970,odql_2571::r216::c13
1971,odql_2571::r216::c14
1972,odql_2571::r216::c15
1973,odql_2571::r216::c16
1974,odql_2571::r216::c17
1975,odql_2571::r216::c18
1976,odql_2571::r216::c19
1977,odql_2571::r216::c2
1978,odql_2571::r216::c3
1979,odql_2571::r216::c4
1980,odql_2571::r216::c5
1981,odql_2571::r216::c6
1982,odql_2571::r216::c7
1983,odql_2571::r216::c8
1984,odql_2571::r216::c9
1985,odql_424::r29::c0
1986,odql_424::r29::c1
1987,odql_424::r29::c10
1988,odql_424::r29::c11
1989,odql_424::r29::c12
1990,odql_424::r29::c2
1991,odql_424::r29::c3
1992,odql_424::r29::c4
1993,odql_424::r29::c5
1994,odql_424::r29::c6
1995,odql_424::r29::c7
1996,odql_424::r29::c8
1997,odql_424::r29::c9
1998,odql_4856::r403::c0
1999,odql_4856::r403::c1
2000,odql_4856::r403::c2
2001,odql_4883::r366::c0
2002,odql_4883::r366::c1
2003,odql_4883::r366::c10
2004,odql_4883::r366::c11
2005,odql_4883::r366::c12
2006,odql_4883::r366::c13
2007,odql_4883::r366::c14
2008,odql_4883::r366::c15
2009,odql_4883::r366::c16
2010,odql_4883::r366::c17
2011,odql_4883::r366::c18
2012,odql_4883::r366::c19
2013,odql_4883::r366::c2
2014,odql_4883::r366::c20
2015,odql_4883::r366::c21
2016,odql_4883::r366::c22
2017,odql_4883::r366::c23
2018,odql_4883::r366::c24
2019,odql_4883::r366::c25
2020,odql_4883::r366::c26
2021,odql_4883::r366::c27
2022,odql_4883::r366::c28
2023,odql_4883::r366::c29
2024,odql_4883::r366::c3
2025,odql_4883::r366::c4
2026,odql_4883::r366::c5
2027,odql_4883::r366::c6
2028,odql_4883::r366::c7
2029,odql_4883::r366::c8
2030,odql_4883::r366::c9
2031,odql_525::r46::c0
2032,odql_525::r46::c1
2033,odql_525::r46::c10
2034,odql_525::r46::c11
2035,odql_525::r46::c12
2036,odql_525::r46::c13
2037,odql_525::r46::c14
2038,odql_525::r46::c15
2039,odql_525::r46::c16
2040,odql_525::r46::c17
2041,odql_525::r46::c18
2042,odql_525::r46::c19
2043,odql_525::r46::c2
2044,odql_525::r46::c20
2045,odql_525::r46::c21
2046,odql_525::r46::c22
2047,odql_525::r46::c23
2048,odql_525::r46::c24
2049,odql_525::r46::c3
2050,odql_525::r46::c4
2051,odql_525::r46::c5
2052,odql_525::r46::c6
2053,odql_525::r46::c7
2054,odql_525::r46::c8
2055,odql_525::r46::c9
2056,odql_5844::r373::c0
2057,odql_5844::r373::c1
2058,odql_5844::r373::c2
2059,odql_5844::r373::c3
2060,odql_5844::r373::c4
2061,odql_5844::r373::c5
2062,odql_5844::r373::c6
2063,odql_5896::r9::c0
2064,odql_5896::r9::c1
2065,odql_5896::r9::c10
2066,odql_5896::r9::c11
2067,odql_5896::r9::c2
2068,odql_5896::r9::c3
2069,odql_5896::r9::c4
2070,odql_5896::r9::c5
2071,odql_5896::r9::c6
2072,odql_5896::r9::c7
2073,odql_5896::r9::c8
2074,odql_5896::r9::c9
2075,odql_5900::r252::c0
2076,odql_5900::r252::c1
2077,odql_5900::r252::c10
2078,odql_5900::r252::c11
2079,odql_5900::r252::c12
2080,odql_5900::r252::c13
2081,odql_5900::r252::c14
2082,odql_5900::r252::c15
2083,odql_5900::r252::c16
2084,odql_5900::r252::c17
2085,odql_5900::r252::c18
2086,odql_5900::r252::c19
2087,odql_5900::r252::c2
2088,odql_5900::r252::c20
2089,odql_5900::r252::c21
2090,odql_5900::r252::c22
2091,odql_5900::r252::c23
2092,odql_5900::r252::c24
2093,odql_5900::r252::c25
2094,odql_5900::r252::c3
2095,odql_5900::r252::c4
2096,odql_5900::r252::c5
2097,odql_5900::r252::c6
2098,odql_5900::r252::c7
2099,odql_5900::r252::c8
2100,odql_5900::r252::c9
2101,odql_599::r258::c0
2102,odql_599::r258::c1
2103,odql_599::r258::c10
2104,odql_599::r258::c2
2105,odql_599::r258::c3
2106,odql_599::r258::c4
2107,odql_599::r258::c5
2108,odql_599::r258::c6
2109,odql_599::r258::c7
2110,odql_599::r258::c8
2111,odql_599::r258::c9
2112,odql_6295::r248::c15
2113,odql_6295::r248::c16
2114,odql_6295::r248::c17
2115,odql_6295::r248::c18
2116,odql_6295::r248::c19
2117,odql_6295::r248::c20
2118,odql_6295::r248::c21
2119,odql_6295::r248::c22
2120,odql_6295::r248::c23
2121,odql_6295::r248::c24
2122,odql_6295::r248::c25
2123,odql_6295::r248::c26
2124,odql_6295::r248::c27
2125,odql_6295::r248::c28
2126,odql_6295::r248::c29
2127,odql_6295::r248::c30
2128,odql_6295::r248::c31
2129,odql_6295::r248::c32
2130,odql_6295::r248::c33
2131,odql_6295::r248::c34
2132,odql_6295::r248::c35
2133,odql_6295::r248::c36
2134,odql_6295::r248::c37
2135,odql_6295::r248::c38
2136,odql_6295::r248::c39
2137,odql_6295::r248::c40
2138,odql_6295::r248::c41
2139,odql_6295::r248::c42
2140,odql_6295::r248::c43
2141,odql_6295::r248::c44
2142,odql_6295::r248::c45
2143,odql_6295::r248::c46
2144,odql_6295::r248::c47
2145,odql_6295::r248::c48
2146,odql_6295::r248::c49
2147,odql_6295::r248::c50
2148,odql_6295::r248::c51
2149,odql_6295::r248::c52
2150,odql_6295::r248::c53
2151,odql_6295::r248::c54
2152,odql_6295::r248::c55
2153,odql_6295::r248::c56
2154,odql_6295::r248::c57
2155,odql_6295::r248::c58
2156,odql_6295::r248::c59
2157,odql_6295::r248::c60
2158,odql_6295::r248::c61
2159,odql_6295::r248::c62
2160,odql_6295::r248::c63
2161,odql_6295::r248::c64
2162,odql_6295::r248::c65
2163,odql_6295::r248::c66
2164,odql_6295::r248::c67
2165,odql_6295::r248::c68
2166,odql_6295::r248::c69
2167,odql_6295::r248::c70
2168,odql_6295::r248::c71
2169,odql_6295::r248::c72
2170,odql_6295::r248::c73
2171,odql_6295::r248::c74
2172,odql_6295::r248::c75
2173,odql_6295::r248::c76
2174,odql_6295::r248::c77
2175,odql_6295::r248::c78
2176,odql_6295::r248::c79
2177,odql_6295::r248::c80
2178,odql_6295::r248::c81
2179,odql_6295::r248::c82
2180,odql_6295::r248::c83
2181,odql_6295::r248::c84
2182,odql_6295::r248::c85
2183,odql_6295::r248::c86
2184,odql_6295::r248::c87
2185,odql_6295::r248::c88
2186,odql_6295::r248::c89
2187,odql_6295::r248::c90
2188,odql_6295::r248::c91
2189,odql_6431::r229::c0
2190,odql_6431::r229::c1
2191,odql_6431::r229::c10
2192,odql_6431::r229::c11
2193,odql_6431::r229::c12
2194,odql_6431::r229::c13
2195,odql_6431::r229::c14
2196,odql_6431::r229::c2
2197,odql_6431::r229::c3
2198,odql_6431::r229::c4
2199,odql_6431::r229::c5
2200,odql_6431::r229::c6
2201,odql_6431::r229::c7
2202,odql_6431::r229::c8
2203,odql_6431::r229::c9
2204,odql_6714::r337::c0
2205,odql_6714::r337::c1
2206,odql_6714::r337::c10
2207,odql_6714::r337::c11
2208,odql_6714::r337::c12
2209,odql_6714::r337::c13
2210,odql_6714::r337::c14
2211,odql_6714::r337::c15
2212,odql_6714::r337::c16
2213,odql_6714::r337::c17
2214,odql_6714::r337::c18
2215,odql_6714::r337::c19
2216,odql_6714::r337::c2
2217,odql_6714::r337::c20
2218,odql_6714::r337::c21
2219,odql_6714::r337::c22
2220,odql_6714::r337::c23
2221,odql_6714::r337::c24
2222,odql_6714::r337::c25
2223,odql_6714::r337::c26
2224,odql_6714::r337::c27
2225,odql_6714::r337::c28
2226,odql_6714::r337::c29
2227,odql_6714::r337::c3
2228,odql_6714::r337::c4
2229,odql_6714::r337::c5
2230,odql_6714::r337::c6
2231,odql_6714::r337::c7
2232,odql_6714::r337::c8
2233,odql_6714::r337::c9
2234,odql_7061::r336::c0
2235,odql_7061::r336::c1
2236,odql_7079::r42::c0
2237,odql_7079::r42::c1
2238,odql_724::r18::c0
2239,odql_724::r18::c1
2240,odql_724::r18::c2
2241,odql_724::r18::c3
2242,odql_724::r18::c4
2243,odql_724::r18::c5
2244,odql_724::r18::c6
2245,odql_724::r18::c7
2246,odql_724::r18::c8
2247,odql_724::r18::c9
2248,odql_7293::r142::c0
2249,odql_7293::r142::c1
2250,odql_7293::r142::c2
2251,odql_7293::r142::c3
2252,odql_7293::r142::c4
2253,odql_7587::r367::c0
2254,odql_7587::r367::c1
2255,odql_7587::r367::c10
2256,odql_7587::r367::c11
2257,odql_7587::r367::c12
2258,odql_7587::r367::c13
2259,odql_7587::r367::c14
2260,odql_7587::r367::c15
2261,odql_7587::r367::c16
2262,odql_7587::r367::c2
2263,odql_7587::r367::c3
2264,odql_7587::r367::c4
2265,odql_7587::r367::c5
2266,odql_7587::r367::c6
2267,odql_7587::r367::c7
2268,odql_7587::r367::c8
2269,odql_7587::r367::c9
2270,odql_776::r98::c0
2271,odql_776::r98::c1
2272,odql_776::r98::c10
2273,odql_776::r98::c11
2274,odql_776::r98::c12
2275,odql_776::r98::c13
2276,odql_776::r98::c14
2277,odql_776::r98::c15
2278,odql_776::r98::c16
2279,odql_776::r98::c17
2280,odql_776::r98::c2
2281,odql_776::r98::c3
2282,odql_776::r98::c4
2283,odql_776::r98::c5
2284,odql_776::r98::c6
2285,odql_776::r98::c7
2286,odql_776::r98::c8
2287,odql_776::r98::c9
2288,odql_8942::r232::c0
2289,odql_8942::r232::c1
2290,odql_8942::r232::c10
2291,odql_8942::r232::c11
2292,odql_8942::r232::c2
2293,odql_8942::r232::c3
2294,odql_8942::r232::c4
2295,odql_8942::r232::c5
2296,odql_8942::r232::c6
2297,odql_8942::r232::c7
2298,odql_8942::r232::c8
2299,odql_8942::r232::c9
2300,odql_8959::r374::c0
2301,odql_8959::r374::c1
2302,odql_8959::r374::c10
2303,odql_8959::r374::c11
2304,odql_8959::r374::c12
2305,odql_8959::r374::c13
2306,odql_8959::r374::c14
2307,odql_8959::r374::c15
2308,odql_8959::r374::c16
2309,odql_8959::r374::c17
2310,odql_8959::r374::c18
2311,odql_8959::r374::c19
2312,odql_8959::r374::c2
2313,odql_8959::r374::c20
2314,odql_8959::r374::c21
2315,odql_8959::r374::c22
2316,odql_8959::r374::c3
2317,odql_8959::r374::c4
2318,odql_8959::r374::c5
2319,odql_8959::r374::c6
2320,odql_8959::r374::c7
2321,odql_8959::r374::c8
2322,odql_8959::r374::c9
2323,odql_9756::r264::c100
2324,odql_9756::r264::c101
2325,odql_9756::r264::c102
2326,odql_9756::r264::c103
2327,odql_9756::r264::c104
2328,odql_9756::r264::c105
2329,odql_9756::r264::c106
2330,odql_9756::r264::c107
2331,odql_9756::r264::c108
2332,odql_9756::r264::c109
2333,odql_9756::r264::c110
2334,odql_9756::r264::c111
2335,odql_9756::r264::c112
2336,odql_9756::r264::c113
2337,odql_9756::r264::c114
2338,odql_9756::r264::c115
2339,odql_9756::r264::c116
2340,odql_9756::r264::c82
2341,odql_9756::r264::c83
2342,odql_9756::r264::c84
2343,odql_9756::r264::c85
2344,odql_9756::r264::c86
2345,odql_9756::r264::c87
2346,odql_9756::r264::c88
2347,odql_9756::r264::c89
2348,odql_9756::r264::c90
2349,odql_9756::r264::c91
2350,odql_9756::r264::c92
2351,odql_9756::r264::c93
2352,odql_9756::r264::c94
2353,odql_9756::r264::c95
2354,odql_9756::r264::c96
2355,odql_9756::r264::c97
2356,odql_9756::r264::c98
2357,odql_9756::r264::c99
2358,odql_9756::r55::c0
2359,odql_9756::r55::c1
2360,odql_9756::r55::c10
2361,odql_9756::r55::c100
2362,odql_9756::r55::c101
2363,odql_9756::r55::c102
2364,odql_9756::r55::c103
2365,odql_9756::r55::c104
2366,odql_9756::r55::c105
2367,odql_9756::r55::c106
2368,odql_9756::r55::c107
2369,odql_9756::r55::c108
2370,odql_9756::r55::c109
2371,odql_9756::r55::c11
2372,odql_9756::r55::c110
2373,odql_9756::r55::c111
2374,odql_9756::r55::c112
2375,odql_9756::r55::c113
2376,odql_9756::r55::c114
2377,odql_9756::r55::c12
2378,odql_9756::r55::c13
2379,odql_9756::r55::c14
2380,odql_9756::r55::c15
2381,odql_9756::r55::c16
2382,odql_9756::r55::c17
2383,odql_9756::r55::c18
2384,odql_9756::r55::c19
2385,odql_9756::r55::c2
2386,odql_9756::r55::c20
2387,odql_9756::r55::c21
2388,odql_9756::r55::c22
2389,odql_9756::r55::c23
2390,odql_9756::r55::c24
2391,odql_9756::r55::c25
2392,odql_9756::r55::c26
2393,odql_9756::r55::c27
2394,odql_9756::r55::c28
2395,odql_9756::r55::c29
2396,odql_9756::r55::c3
2397,odql_9756::r55::c30
2398,odql_9756::r55::c31
2399,odql_9756::r55::c32
2400,odql_9756::r55::c33
2401,odql_9756::r55::c34
2402,odql_9756::r55::c35
2403,odql_9756::r55::c36
2404,odql_9756::r55::c37
2405,odql_9756::r55::c38
2406,odql_9756::r55::c39
2407,odql_9756::r55::c4
2408,odql_9756::r55::c40
2409,odql_9756::r55::c41
2410,odql_9756::r55::c42
2411,odql_9756::r55::c43
2412,odql_9756::r55::c44
2413,odql_9756::r55::c45
2414,odql_9756::r55::c46
2415,odql_9756::r55::c47
2416,odql_9756::r55::c48
2417,odql_9756::r55::c49
2418,odql_9756::r55::c5
2419,odql_9756::r55::c50
2420,odql_9756::r55::c51
2421,odql_9756::r55::c52
2422,odql_9756::r55::c53
2423,odql_9756::r55::c54
2424,odql_9756::r55::c55
2425,odql_9756::r55::c56
2426,odql_9756::r55::c57
2427,odql_9756::r55::c58
2428,odql_9756::r55::c59
2429,odql_9756::r55::c6
2430,odql_9756::r55::c60
2431,odql_9756::r55::c61
2432,odql_9756::r55::c62
2433,odql_9756::r55::c63
2434,odql_9756::r55::c64
2435,odql_9756::r55::c65
2436,odql_9756::r55::c66
2437,odql_9756::r55::c67
2438,odql_9756::r55::c68
2439,odql_9756::r55::c69
2440,odql_9756::r55::c7
2441,odql_9756::r55::c70
2442,odql_9756::r55::c71
2443,odql_9756::r55::c72
2444,odql_9756::r55::c73
2445,odql_9756::r55::c74
2446,odql_9756::r55::c75
2447,odql_9756::r55::c76
2448,odql_9756::r55::c77
2449,odql_9756::r55::c78
2450,odql_9756::r55::c79
2451,odql_9756::r55::c8
2452,odql_9756::r55::c80
2453,odql_9756::r55::c81
2454,odql_9756::r55::c82
2455,odql_9756::r55::c83
2456,odql_9756::r55::c84
2457,odql_9756::r55::c85
2458,odql_9756::r55::c86
2459,odql_9756::r55::c87
2460,odql_9756::r55::c88
2461,odql_9756::r55::c89
2462,odql_9756::r55::c9
2463,odql_9756::r55::c90
2464,odql_9756::r55::c91
2465,odql_9756::r55::c92
2466,odql_9756::r55::c93
2467,odql_9756::r55::c94
2468,odql_9756::r55::c95
2469,odql_9756::r55::c96
2470,odql_9756::r55::c97
2471,odql_9756::r55::c98
2472,odql_9756::r55::c99
2473,odql_981::r342::c0
2474,odql_981::r342::c1
2475,odql_981::r342::c2
2476,odql_981::r342::c3
2477,odql_981::r342::c4
2478,odql_981::r342::c5
2479,odql_981::r342::c6
2480,odql_9968::r209::c0
2481,odql_9968::r209::c1
2482,odql_9968::r209::c10
2483,odql_9968::r209::c11
2484,odql_9968::r209::c12
2485,odql_9968::r209::c2
2486,odql_9968::r209::c3
2487,odql_9968::r209::c4
2488,odql_9968::r209::c5
2489,odql_9968::r209::c6
2490,odql_9968::r209::c7
2491,odql_9968::r209::c8
2492,odql_9968::r209::c9
2493,qb_10186::r375::c0
2494,qb_10186::r375::c1
2495,qb_10186::r375::c10
2496,qb_10186::r375::c11
2497,qb_10186::r375::c12
2498,qb_10186::r375::c13
2499,qb_10186::r375::c14
2500,qb_10186::r375::c2
2501,qb_10186::r375::c3
2502,qb_10186::r375::c4
2503,qb_10186::r375::c5
2504,qb_10186::r375::c6
2505,qb_10186::r375::c7
2506,qb_10186::r375::c8
2507,qb_10186::r375::c9
2508,qb_1050::r259::c0
2509,qb_1050::r259::c1
2510,qb_1050::r259::c10
2511,qb_1050::r259::c11
2512,qb_1050::r259::c12
2513,qb_1050::r259::c13
2514,qb_1050::r259::c14
2515,qb_1050::r259::c15
2516,qb_1050::r259::c16
2517,qb_1050::r259::c17
2518,qb_1050::r259::c18
2519,qb_1050::r259::c19
2520,qb_1050::r259::c2
2521,qb_1050::r259::c20
2522,qb_1050::r259::c21
2523,qb_1050::r259::c22
2524,qb_1050::r259::c23
2525,qb_1050::r259::c24
2526,qb_1050::r259::c25
2527,qb_1050::r259::c26
2528,qb_1050::r259::c27
2529,qb_1050::r259::c28
2530,qb_1050::r259::c29
2531,qb_1050::r259::c3
2532,qb_1050::r259::c30
2533,qb_1050::r259::c31
2534,qb_1050::r259::c32
2535,qb_1050::r259::c33
2536,qb_1050::r259::c34
2537,qb_1050::r259::c35
2538,qb_1050::r259::c36
2539,qb_1050::r259::c37
2540,qb_1050::r259::c38
2541,qb_1050::r259::c39
2542,qb_1050::r259::c4
2543,qb_1050::r259::c40
2544,qb_1050::r259::c41
2545,qb_1050::r259::c42
2546,qb_1050::r259::c43
2547,qb_1050::r259::c44
2548,qb_1050::r259::c45
2549,qb_1050::r259::c46
2550,qb_1050::r259::c47
2551,qb_1050::r259::c48
2552,qb_1050::r259::c49
2553,qb_1050::r259::c5
2554,qb_1050::r259::c6
2555,qb_1050::r259::c7
2556,qb_1050::r259::c8
2557,qb_1050::r259::c9
2558,qb_1191::r1::c0
2559,qb_1191::r1::c1
2560,qb_1191::r1::c10
2561,qb_1191::r1::c11
2562,qb_1191::r1::c12
2563,qb_1191::r1::c2
2564,qb_1191::r1::c3
2565,qb_1191::r1::c4
2566,qb_1191::r1::c5
2567,qb_1191::r1::c6
2568,qb_1191::r1::c7
2569,qb_1191::r1::c8
2570,qb_1191::r1::c9
2571,qb_1429::r198::c0
2572,qb_1429::r198::c1
2573,qb_1429::r198::c10
2574,qb_1429::r198::c11
2575,qb_1429::r198::c12
2576,qb_1429::r198::c13
2577,qb_1429::r198::c14
2578,qb_1429::r198::c15
2579,qb_1429::r198::c16
2580,qb_1429::r198::c17
2581,qb_1429::r198::c18
2582,qb_1429::r198::c19
2583,qb_1429::r198::c2
2584,qb_1429::r198::c20
2585,qb_1429::r198::c21
2586,qb_1429::r198::c22
2587,qb_1429::r198::c23
2588,qb_1429::r198::c24
2589,qb_1429::r198::c25
2590,qb_1429::r198::c26
2591,qb_1429::r198::c27
2592,qb_1429::r198::c28
2593,qb_1429::r198::c29
2594,qb_1429::r198::c3
2595,qb_1429::r198::c30
2596,qb_1429::r198::c31
2597,qb_1429::r198::c32
2598,qb_1429::r198::c33
2599,qb_1429::r198::c34
2600,qb_1429::r198::c35
2601,qb_1429::r198::c36
2602,qb_1429::r198::c37
2603,qb_1429::r198::c38
2604,qb_1429::r198::c39
2605,qb_1429::r198::c4
2606,qb_1429::r198::c40
2607,qb_1429::r198::c41
2608,qb_1429::r198::c42
2609,qb_1429::r198::c43
2610,qb_1429::r198::c44
2611,qb_1429::r198::c45
2612,qb_1429::r198::c46
2613,qb_1429::r198::c47
2614,qb_1429::r198::c48
2615,qb_1429::r198::c49
2616,qb_1429::r198::c5
2617,qb_1429::r198::c50
2618,qb_1429::r198::c51
2619,qb_1429::r198::c52
2620,qb_1429::r198::c53
2621,qb_1429::r198::c6
2622,qb_1429::r198::c7
2623,qb_1429::r198::c8
2624,qb_1429::r198::c9
2625,qb_2020::r321::c0
2626,qb_2020::r321::c1
2627,qb_2020::r321::c10
2628,qb_2020::r321::c11
2629,qb_2020::r321::c2
2630,qb_2020::r321::c3
2631,qb_2020::r321::c4
2632,qb_2020::r321::c5
2633,qb_2020::r321::c6
2634,qb_2020::r321::c7
2635,qb_2020::r321::c8
2636,qb_2020::r321::c9
2637,qb_203::r353::c0
2638,qb_203::r353::c1
2639,qb_203::r353::c10
2640,qb_203::r353::c11
2641,qb_203::r353::c12
2642,qb_203::r353::c13
2643,qb_203::r353::c14
2644,qb_203::r353::c15
2645,qb_203::r353::c16
2646,qb_203::r353::c17
2647,qb_203::r353::c18
2648,qb_203::r353::c2
2649,qb_203::r353::c3
2650,qb_203::r353::c4
2651,qb_203::r353::c5
2652,qb_203::r353::c6
2653,qb_203::r353::c7
2654,qb_203::r353::c8
2655,qb_203::r353::c9
2656,qb_2199::r432::c0
2657,qb_2199::r432::c1
2658,qb_2199::r432::c2
2659,qb_2377::r401::c0
2660,qb_2377::r401::c1
2661,qb_2377::r401::c10
2662,qb_2377::r401::c11
2663,qb_2377::r401::c12
2664,qb_2377::r401::c13
2665,qb_2377::r401::c14
2666,qb_2377::r401::c15
2667,qb_2377::r401::c16
2668,qb_2377::r401::c17
2669,qb_2377::r401::c18
2670,qb_2377::r401::c19
2671,qb_2377::r401::c2
2672,qb_2377::r401::c20
2673,qb_2377::r401::c21
2674,qb_2377::r401::c22
2675,qb_2377::r401::c23
2676,qb_2377::r401::c24
2677,qb_2377::r401::c25
2678,qb_2377::r401::c26
2679,qb_2377::r401::c27
2680,qb_2377::r401::c28
2681,qb_2377::r401::c29
2682,qb_2377::r401::c3
2683,qb_2377::r401::c30
2684,qb_2377::r401::c31
2685,qb_2377::r401::c32
2686,qb_2377::r401::c33
2687,qb_2377::r401::c34
2688,qb_2377::r401::c35
2689,qb_2377::r401::c36
2690,qb_2377::r401::c37
2691,qb_2377::r401::c38
2692,qb_2377::r401::c39
2693,qb_2377::r401::c4
2694,qb_2377::r401::c40
2695,qb_2377::r401::c41
2696,qb_2377::r401::c42
2697,qb_2377::r401::c43
2698,qb_2377::r401::c44
2699,qb_2377::r401::c45
2700,qb_2377::r401::c46
2701,qb_2377::r401::c47
2702,qb_2377::r401::c48
2703,qb_2377::r401::c49
2704,qb_2377::r401::c5
2705,qb_2377::r401::c50
2706,qb_2377::r401::c6
2707,qb_2377::r401::c7
2708,qb_2377::r401::c8
2709,qb_2377::r401::c9
2710,qb_241::r302::c0
2711,qb_241::r302::c1
2712,qb_2551::r175::c0
2713,qb_2551::r175::c1
2714,qb_2551::r175::c2
2715,qb_2551::r175::c3
2716,qb_2551::r175::c4
2717,qb_2551::r175::c5
2718,qb_2551::r175::c6
2719,qb_2551::r175::c7
2720,qb_2589::r64::c0
2721,qb_3003::r272::c0
2722,qb_3003::r272::c1
2723,qb_3003::r272::c10
2724,qb_3003::r272::c11
2725,qb_3003::r272::c2
2726,qb_3003::r272::c3
2727,qb_3003::r272::c4
2728,qb_3003::r272::c5
2729,qb_3003::r272::c6
2730,qb_3003::r272::c7
2731,qb_3003::r272::c8
2732,qb_3003::r272::c9
2733,qb_3103::r53::c0
2734,qb_3103::r53::c1
2735,qb_3581::r426::c0
2736,qb_3581::r426::c1
2737,qb_3581::r426::c10
2738,qb_3581::r426::c11
2739,qb_3581::r426::c12
2740,qb_3581::r426::c13
2741,qb_3581::r426::c14
2742,qb_3581::r426::c15
2743,qb_3581::r426::c16
2744,qb_3581::r426::c17
2745,qb_3581::r426::c18
2746,qb_3581::r426::c19
2747,qb_3581::r426::c2
2748,qb_3581::r426::c20
2749,qb_3581::r426::c21
2750,qb_3581::r426::c22
2751,qb_3581::r426::c23
2752,qb_3581::r426::c24
2753,qb_3581::r426::c25
2754,qb_3581::r426::c26
2755,qb_3581::r426::c27
2756,qb_3581::r426::c28
2757,qb_3581::r426::c29
2758,qb_3581::r426::c3
2759,qb_3581::r426::c30
2760,qb_3581::r426::c31
2761,qb_3581::r426::c32
2762,qb_3581::r426::c33
2763,qb_3581::r426::c34
2764,qb_3581::r426::c4
2765,qb_3581::r426::c5
2766,qb_3581::r426::c6
2767,qb_3581::r426::c7
2768,qb_3581::r426::c8
2769,qb_3581::r426::c9
2770,qb_4163::r13::c0
2771,qb_4163::r13::c1
2772,qb_4163::r13::c2
2773,qb_4173::r226::c0
2774,qb_4173::r226::c1
2775,qb_4173::r226::c2
2776,qb_4173::r226::c3
2777,qb_4173::r226::c4
2778,qb_4173::r226::c5
2779,qb_4173::r226::c6
2780,qb_4173::r226::c7
2781,qb_4173::r226::c8
2782,qb_4219::r428::c21
2783,qb_4219::r428::c22
2784,qb_4219::r428::c23
2785,qb_4219::r428::c24
2786,qb_4219::r428::c25
2787,qb_4219::r428::c26
2788,qb_4219::r428::c27
2789,qb_4219::r428::c28
2790,qb_4219::r428::c29
2791,qb_4219::r428::c30
2792,qb_4219::r428::c31
2793,qb_4219::r428::c32
2794,qb_4219::r428::c33
2795,qb_4219::r428::c34
2796,qb_4219::r428::c35
2797,qb_4219::r428::c36
2798,qb_4219::r428::c37
2799,qb_4219::r428::c38
2800,qb_4219::r428::c39
2801,qb_4219::r428::c40
2802,qb_4219::r428::c41
2803,qb_4219::r428::c42
2804,qb_4219::r428::c43
2805,qb_4219::r428::c44
2806,qb_4219::r428::c45
2807,qb_4219::r428::c46
2808,qb_4219::r428::c47
2809,qb_4219::r428::c48
2810,qb_4219::r428::c49
2811,qb_4219::r428::c50
2812,qb_4219::r428::c51
2813,qb_4219::r428::c52
2814,qb_4219::r428::c53
2815,qb_4219::r428::c54
2816,qb_4219::r428::c55
2817,qb_4219::r428::c56
2818,qb_4219::r428::c57
2819,qb_4219::r428::c58
2820,qb_4220::r52::c0
2821,qb_4220::r52::c1
2822,qb_4220::r52::c10
2823,qb_4220::r52::c2
2824,qb_4220::r52::c3
2825,qb_4220::r52::c4
2826,qb_4220::r52::c5
2827,qb_4220::r52::c6
2828,qb_4220::r52::c7
2829,qb_4220::r52::c8
2830,qb_4220::r52::c9
2831,qb_4528::r176::c0
2832,qb_4528::r176::c1
2833,qb_4528::r176::c10
2834,qb_4528::r176::c11
2835,qb_4528::r176::c12
2836,qb_4528::r176::c13
2837,qb_4528::r176::c14
2838,qb_4528::r176::c15
2839,qb_4528::r176::c16
2840,qb_4528::r176::c17
2841,qb_4528::r176::c18
2842,qb_4528::r176::c19
2843,qb_4528::r176::c2
2844,qb_4528::r176::c20
2845,qb_4528::r176::c3
2846,qb_4528::r176::c4
2847,qb_4528::r176::c5
2848,qb_4528::r176::c6
2849,qb_4528::r176::c7
2850,qb_4528::r176::c8
2851,qb_4528::r176::c9
2852,qb_468::r155::c0
2853,qb_468::r155::c1
2854,qb_468::r155::c10
2855,qb_468::r155::c2
2856,qb_468::r155::c3
2857,qb_468::r155::c4
2858,qb_468::r155::c5
2859,qb_468::r155::c6
2860,qb_468::r155::c7
2861,qb_468::r155::c8
2862,qb_468::r155::c9
2863,qb_4695::r279::c0
2864,qb_4695::r279::c1
2865,qb_4695::r279::c10
2866,qb_4695::r279::c11
2867,qb_4695::r279::c12
2868,qb_4695::r279::c13
2869,qb_4695::r279::c14
2870,qb_4695::r279::c15
2871,qb_4695::r279::c16
2872,qb_4695::r279::c17
2873,qb_4695::r279::c18
2874,qb_4695::r279::c19
2875,qb_4695::r279::c2
2876,qb_4695::r279::c20
2877,qb_4695::r279::c21
2878,qb_4695::r279::c22
2879,qb_4695::r279::c23
2880,qb_4695::r279::c24
2881,qb_4695::r279::c25
2882,qb_4695::r279::c26
2883,qb_4695::r279::c27
2884,qb_4695::r279::c28
2885,qb_4695::r279::c29
2886,qb_4695::r279::c3
2887,qb_4695::r279::c30
2888,qb_4695::r279::c31
2889,qb_4695::r279::c32
2890,qb_4695::r279::c33
2891,qb_4695::r279::c34
2892,qb_4695::r279::c35
2893,qb_4695::r279::c36
2894,qb_4695::r279::c37
2895,qb_4695::r279::c38
2896,qb_4695::r279::c39
2897,qb_4695::r279::c4
2898,qb_4695::r279::c40
2899,qb_4695::r279::c41
2900,qb_4695::r279::c42
2901,qb_4695::r279::c43
2902,qb_4695::r279::c44
2903,qb_4695::r279::c45
2904,qb_4695::r279::c46
2905,qb_4695::r279::c47
2906,qb_4695::r279::c48
2907,qb_4695::r279::c49
2908,qb_4695::r279::c5
2909,qb_4695::r279::c50
2910,qb_4695::r279::c51
2911,qb_4695::r279::c52
2912,qb_4695::r279::c53
2913,qb_4695::r279::c54
2914,qb_4695::r279::c55
2915,qb_4695::r279::c56
2916,qb_4695::r279::c57
2917,qb_4695::r279::c58
2918,qb_4695::r279::c59
2919,qb_4695::r279::c6
2920,qb_4695::r279::c60
2921,qb_4695::r279::c61
2922,qb_4695::r279::c62
2923,qb_4695::r279::c63
2924,qb_4695::r279::c64
2925,qb_4695::r279::c65
2926,qb_4695::r279::c66
2927,qb_4695::r279::c67
2928,qb_4695::r279::c68
2929,qb_4695::r279::c69
2930,qb_4695::r279::c7
2931,qb_4695::r279::c70
2932,qb_4695::r279::c71
2933,qb_4695::r279::c72
2934,qb_4695::r279::c73
2935,qb_4695::r279::c74
2936,qb_4695::r279::c75
2937,qb_4695::r279::c76
2938,qb_4695::r279::c77
2939,qb_4695::r279::c78
2940,qb_4695::r279::c79
2941,qb_4695::r279::c8
2942,qb_4695::r279::c80
2943,qb_4695::r279::c81
2944,qb_4695::r279::c82
2945,qb_4695::r279::c83
2946,qb_4695::r279::c84
2947,qb_4695::r279::c85
2948,qb_4695::r279::c86
2949,qb_4695::r279::c87
2950,qb_4695::r279::c88
2951,qb_4695::r279::c89
2952,qb_4695::r279::c9
2953,qb_4695::r279::c90
2954,qb_4695::r279::c91
2955,qb_4695::r279::c92
2956,qb_4695::r279::c93
2957,qb_4719::r82::c0
2958,qb_4719::r82::c1
2959,qb_4719::r82::c10
2960,qb_4719::r82::c11
2961,qb_4719::r82::c12
2962,qb_4719::r82::c13
2963,qb_4719::r82::c14
2964,qb_4719::r82::c15
2965,qb_4719::r82::c16
2966,qb_4719::r82::c17
2967,qb_4719::r82::c18
2968,qb_4719::r82::c19
2969,qb_4719::r82::c2
2970,qb_4719::r82::c20
2971,qb_4719::r82::c21
2972,qb_4719::r82::c22
2973,qb_4719::r82::c3
2974,qb_4719::r82::c4
2975,qb_4719::r82::c5
2976,qb_4719::r82::c6
2977,qb_4719::r82::c7
2978,qb_4719::r82::c8
2979,qb_4719::r82::c9
2980,qb_4726::r444::c0
2981,qb_4726::r444::c1
2982,qb_4726::r444::c2
2983,qb_4726::r444::c3
2984,qb_4726::r444::c4
2985,qb_4863::r171::c0
2986,qb_4863::r171::c1
2987,qb_4863::r171::c10
2988,qb_4863::r171::c11
2989,qb_4863::r171::c12
2990,qb_4863::r171::c13
2991,qb_4863::r171::c14
2992,qb_4863::r171::c15
2993,qb_4863::r171::c16
2994,qb_4863::r171::c17
2995,qb_4863::r171::c18
2996,qb_4863::r171::c19
2997,qb_4863::r171::c2
2998,qb_4863::r171::c20
2999,qb_4863::r171::c21
3000,qb_4863::r171::c22
3001,qb_4863::r171::c23
3002,qb_4863::r171::c24
3003,qb_4863::r171::c25
3004,qb_4863::r171::c26
3005,qb_4863::r171::c27
3006,qb_4863::r171::c28
3007,qb_4863::r171::c29
3008,qb_4863::r171::c3
3009,qb_4863::r171::c4
3010,qb_4863::r171::c5
3011,qb_4863::r171::c6
3012,qb_4863::r171::c7
3013,qb_4863::r171::c8
3014,qb_4863::r171::c9
3015,qb_4901::r177::c25
3016,qb_4911::r384::c0
3017,qb_4911::r384::c1
3018,qb_4949::r22::c0
3019,qb_4949::r22::c1
3020,qb_5175::r58::c0
3021,qb_5175::r58::c1
3022,qb_5175::r58::c10
3023,qb_5175::r58::c11
3024,qb_5175::r58::c12
3025,qb_5175::r58::c13
3026,qb_5175::r58::c14
3027,qb_5175::r58::c15
3028,qb_5175::r58::c16
3029,qb_5175::r58::c17
3030,qb_5175::r58::c18
3031,qb_5175::r58::c19
3032,qb_5175::r58::c2
3033,qb_5175::r58::c20
3034,qb_5175::r58::c21
3035,qb_5175::r58::c22
3036,qb_5175::r58::c23
3037,qb_5175::r58::c24
3038,qb_5175::r58::c25
3039,qb_5175::r58::c26
3040,qb_5175::r58::c3
3041,qb_5175::r58::c4
3042,qb_5175::r58::c5
3043,qb_5175::r58::c6
3044,qb_5175::r58::c7
3045,qb_5175::r58::c8
3046,qb_5175::r58::c9
3047,qb_5398::r397::c0
3048,qb_5398::r397::c1
3049,qb_5398::r397::c2
3050,qb_5398::r397::c3
3051,qb_5398::r397::c4
3052,qb_5398::r397::c5
3053,qb_5398::r397::c6
3054,qb_5398::r397::c7
3055,qb_5398::r397::c8
3056,qb_5398::r397::c9
3057,qb_547::r245::c0
3058,qb_5752::r406::c0
3059,qb_5752::r406::c1
3060,qb_5752::r406::c10
3061,qb_5752::r406::c11
3062,qb_5752::r406::c12
3063,qb_5752::r406::c13
3064,qb_5752::r406::c14
3065,qb_5752::r406::c15
3066,qb_5752::r406::c16
3067,qb_5752::r406::c17
3068,qb_5752::r406::c18
3069,qb_5752::r406::c19
3070,qb_5752::r406::c2
3071,qb_5752::r406::c20
3072,qb_5752::r406::c21
3073,qb_5752::r406::c22
3074,qb_5752::r406::c23
3075,qb_5752::r406::c3
3076,qb_5752::r406::c4
3077,qb_5752::r406::c5
3078,qb_5752::r406::c6
3079,qb_5752::r406::c7
3080,qb_5752::r406::c8
3081,qb_5752::r406::c9
3082,qb_6527::r35::c0
3083,qb_6527::r35::c1
3084,qb_6527::r35::c10
3085,qb_6527::r35::c11
3086,qb_6527::r35::c12
3087,qb_6527::r35::c13
3088,qb_6527::r35::c14
3089,qb_6527::r35::c15
3090,qb_6527::r35::c16
3091,qb_6527::r35::c17
3092,qb_6527::r35::c18
3093,qb_6527::r35::c19
3094,qb_6527::r35::c2
3095,qb_6527::r35::c20
3096,qb_6527::r35::c21
3097,qb_6527::r35::c22
3098,qb_6527::r35::c23
3099,qb_6527::r35::c24
3100,qb_6527::r35::c25
3101,qb_6527::r35::c26
3102,qb_6527::r35::c27
3103,qb_6527::r35::c28
3104,qb_6527::r35::c29
3105,qb_6527::r35::c3
3106,qb_6527::r35::c30
3107,qb_6527::r35::c31
3108,qb_6527::r35::c32
3109,qb_6527::r35::c33
3110,qb_6527::r35::c34
3111,qb_6527::r35::c35
3112,qb_6527::r35::c36
3113,qb_6527::r35::c37
3114,qb_6527::r35::c38
3115,qb_6527::r35::c39
3116,qb_6527::r35::c4
3117,qb_6527::r35::c5
3118,qb_6527::r35::c6
3119,qb_6527::r35::c7
3120,qb_6527::r35::c8
3121,qb_6527::r35::c9
3122,qb_6622::r7::c0
3123,qb_6622::r7::c1
3124,qb_6622::r7::c10
3125,qb_6622::r7::c11
3126,qb_6622::r7::c12
3127,qb_6622::r7::c13
3128,qb_6622::r7::c14
3129,qb_6622::r7::c15
3130,qb_6622::r7::c16
3131,qb_6622::r7::c17
3132,qb_6622::r7::c18
3133,qb_6622::r7::c19
3134,qb_6622::r7::c2
3135,qb_6622::r7::c20
3136,qb_6622::r7::c21
3137,qb_6622::r7::c22
3138,qb_6622::r7::c23
3139,qb_6622::r7::c24
3140,qb_6622::r7::c25
3141,qb_6622::r7::c26
3142,qb_6622::r7::c27
3143,qb_6622::r7::c28
3144,qb_6622::r7::c29
3145,qb_6622::r7::c3
3146,qb_6622::r7::c30
3147,qb_6622::r7::c31
3148,qb_6622::r7::c32
3149,qb_6622::r7::c33
3150,qb_6622::r7::c34
3151,qb_6622::r7::c4
3152,qb_6622::r7::c5
3153,qb_6622::r7::c6
3154,qb_6622::r7::c7
3155,qb_6622::r7::c8
3156,qb_6622::r7::c9
3157,qb_6828::r206::c0
3158,qb_6828::r206::c1
3159,qb_6828::r206::c2
3160,qb_6828::r206::c3
3161,qb_7411::r275::c0
3162,qb_7411::r275::c1
3163,qb_7411::r275::c10
3164,qb_7411::r275::c11
3165,qb_7411::r275::c12
3166,qb_7411::r275::c13
3167,qb_7411::r275::c14
3168,qb_7411::r275::c15
3169,qb_7411::r275::c16
3170,qb_7411::r275::c17
3171,qb_7411::r275::c18
3172,qb_7411::r275::c19
3173,qb_7411::r275::c2
3174,qb_7411::r275::c20
3175,qb_7411::r275::c21
3176,qb_7411::r275::c3
3177,qb_7411::r275::c4
3178,qb_7411::r275::c5
3179,qb_7411::r275::c6
3180,qb_7411::r275::c7
3181,qb_7411::r275::c8
3182,qb_7411::r275::c9
3183,qb_7790::r339::c0
3184,qb_7790::r339::c1
3185,qb_7790::r339::c2
3186,qb_8036::r328::c0
3187,qb_8036::r328::c1
3188,qb_8036::r328::c10
3189,qb_8036::r328::c11
3190,qb_8036::r328::c12
3191,qb_8036::r328::c13
3192,qb_8036::r328::c14
3193,qb_8036::r328::c15
3194,qb_8036::r328::c16
3195,qb_8036::r328::c17
3196,qb_8036::r328::c18
3197,qb_8036::r328::c19
3198,qb_8036::r328::c2
3199,qb_8036::r328::c20
3200,qb_8036::r328::c21
3201,qb_8036::r328::c22
3202,qb_8036::r328::c23
3203,qb_8036::r328::c24
3204,qb_8036::r328::c25
3205,qb_8036::r328::c26
3206,qb_8036::r328::c27
3207,qb_8036::r328::c28
3208,qb_8036::r328::c29
3209,qb_8036::r328::c3
3210,qb_8036::r328::c30
3211,qb_8036::r328::c31
3212,qb_8036::r328::c4
3213,qb_8036::r328::c5
3214,qb_8036::r328::c6
3215,qb_8036::r328::c7
3216,qb_8036::r328::c8
3217,qb_8036::r328::c9
3218,qb_8267::r15::c0
3219,qb_8379::r238::c0
3220,qb_8379::r238::c1
3221,qb_8379::r238::c10
3222,qb_8379::r238::c11
3223,qb_8379::r238::c12
3224,qb_8379::r238::c13
3225,qb_8379::r238::c14
3226,qb_8379::r238::c15
3227,qb_8379::r238::c16
3228,qb_8379::r238::c17
3229,qb_8379::r238::c18
3230,qb_8379::r238::c19
3231,qb_8379::r238::c2
3232,qb_8379::r238::c20
3233,qb_8379::r238::c21
3234,qb_8379::r238::c22
3235,qb_8379::r238::c23
3236,qb_8379::r238::c24
3237,qb_8379::r238::c25
3238,qb_8379::r238::c26
3239,qb_8379::r238::c27
3240,qb_8379::r238::c28
3241,qb_8379::r238::c29
3242,qb_8379::r238::c3
3243,qb_8379::r238::c30
3244,qb_8379::r238::c31
3245,qb_8379::r238::c32
3246,qb_8379::r238::c33
3247,qb_8379::r238::c34
3248,qb_8379::r238::c35
3249,qb_8379::r238::c36
3250,qb_8379::r238::c37
3251,qb_8379::r238::c38
3252,qb_8379::r238::c39
3253,qb_8379::r238::c4
3254,qb_8379::r238::c40
3255,qb_8379::r238::c41
3256,qb_8379::r238::c42
3257,qb_8379::r238::c43
3258,qb_8379::r238::c44
3259,qb_8379::r238::c45
3260,qb_8379::r238::c46
3261,qb_8379::r238::c47
3262,qb_8379::r238::c48
3263,qb_8379::r238::c49
3264,qb_8379::r238::c5
3265,qb_8379::r238::c50
3266,qb_8379::r238::c51
3267,qb_8379::r238::c52
3268,qb_8379::r238::c53
3269,qb_8379::r238::c54
3270,qb_8379::r238::c55
3271,qb_8379::r238::c56
3272,qb_8379::r238::c57
3273,qb_8379::r238::c58
3274,qb_8379::r238::c59
3275,qb_8379::r238::c6
3276,qb_8379::r238::c60
3277,qb_8379::r238::c61
3278,qb_8379::r238::c62
3279,qb_8379::r238::c63
3280,qb_8379::r238::c64
3281,qb_8379::r238::c65
3282,qb_8379::r238::c66
3283,qb_8379::r238::c67
3284,qb_8379::r238::c68
3285,qb_8379::r238::c7
3286,qb_8379::r238::c8
3287,qb_8379::r238::c9
3288,qb_883::r415::c0
3289,qb_883::r415::c1
3290,qb_883::r415::c2
3291,qb_883::r415::c3
3292,qb_883::r415::c4
3293,qb_883::r415::c5
3294,qb_9149::r122::c0
3295,qb_9149::r122::c1
3296,qb_9149::r122::c2
3297,qb_9149::r122::c3
3298,qb_9149::r122::c4
3299,qb_9149::r122::c5
3300,qb_9149::r122::c6
3301,qb_9149::r122::c7
3302,qb_9149::r122::c8
3303,qb_916::r66::c0
3304,qb_916::r66::c1
3305,qb_916::r66::c2
3306,qb_916::r66::c3
3307,qb_9283::r358::c0
3308,qb_9283::r358::c1
3309,qb_9283::r358::c10
3310,qb_9283::r358::c11
3311,qb_9283::r358::c12
3312,qb_9283::r358::c13
3313,qb_9283::r358::c14
3314,qb_9283::r358::c15
3315,qb_9283::r358::c2
3316,qb_9283::r358::c3
3317,qb_9283::r358::c4
3318,qb_9283::r358::c5
3319,qb_9283::r358::c6
3320,qb_9283::r358::c7
3321,qb_9283::r358::c8
3322,qb_9283::r358::c9
3323,qb_9338::r224::c0
3324,qb_9338::r224::c1
3325,qb_9338::r224::c2
3326,qb_9338::r224::c3
3327,qb_9338::r224::c4
3328,qb_9338::r224::c5
3329,qb_9338::r224::c6
3330,qb_936::r188::c0
3331,qb_936::r188::c1
3332,qb_936::r188::c10
3333,qb_936::r188::c11
3334,qb_936::r188::c12
3335,qb_936::r188::c13
3336,qb_936::r188::c14
3337,qb_936::r188::c15
3338,qb_936::r188::c16
3339,qb_936::r188::c17
3340,qb_936::r188::c18
3341,qb_936::r188::c19
3342,qb_936::r188::c2
3343,qb_936::r188::c20
3344,qb_936::r188::c21
3345,qb_936::r188::c22
3346,qb_936::r188::c23
3347,qb_936::r188::c24
3348,qb_936::r188::c25
3349,qb_936::r188::c26
3350,qb_936::r188::c27
3351,qb_936::r188::c28
3352,qb_936::r188::c29
3353,qb_936::r188::c3
3354,qb_936::r188::c30
3355,qb_936::r188::c31
3356,qb_936::r188::c4
3357,qb_936::r188::c5
3358,qb_936::r188::c6
3359,qb_936::r188::c7
3360,qb_936::r188::c8
3361,qb_936::r188::c9
3362,qb_9779::r435::c0
3363,qb_9779::r435::c1
3364,qb_9779::r435::c2
3365,qb_9779::r435::c3
3366,qb_9779::r435::c4
3367,qf_1366::r205::c0
3368,qf_1366::r205::c1
3369,qf_1366::r205::c10
3370,qf_1366::r205::c11
3371,qf_1366::r205::c2
3372,qf_1366::r205::c3
3373,qf_1366::r205::c4
3374,qf_1366::r205::c5
3375,qf_1366::r205::c6
3376,qf_1366::r205::c7
3377,qf_1366::r205::c8
3378,qf_1366::r205::c9
3379,qf_1615::r323::c0
3380,qf_1615::r323::c1
3381,qf_1615::r323::c10
3382,qf_1615::r323::c11
3383,qf_1615::r323::c12
3384,qf_1615::r323::c13
3385,qf_1615::r323::c14
3386,qf_1615::r323::c15
3387,qf_1615::r323::c16
3388,qf_1615::r323::c17
3389,qf_1615::r323::c18
3390,qf_1615::r323::c19
3391,qf_1615::r323::c2
3392,qf_1615::r323::c20
3393,qf_1615::r323::c21
3394,qf_1615::r323::c22
3395,qf_1615::r323::c23
3396,qf_1615::r323::c24
3397,qf_1615::r323::c25
3398,qf_1615::r323::c26
3399,qf_1615::r323::c27
3400,qf_1615::r323::c28
3401,qf_1615::r323::c29
3402,qf_1615::r323::c3
3403,qf_1615::r323::c30
3404,qf_1615::r323::c31
3405,qf_1615::r323::c32
3406,qf_1615::r323::c33
3407,qf_1615::r323::c4
3408,qf_1615::r323::c5
3409,qf_1615::r323::c6
3410,qf_1615::r323::c7
3411,qf_1615::r323::c8
3412,qf_1615::r323::c9
3413,qf_1634::r379::c0
3414,qf_1634::r379::c1
3415,qf_1634::r379::c10
3416,qf_1634::r379::c11
3417,qf_1634::r379::c12
3418,qf_1634::r379::c13
3419,qf_1634::r379::c14
3420,qf_1634::r379::c15
3421,qf_1634::r379::c16
3422,qf_1634::r379::c17
3423,qf_1634::r379::c18
3424,qf_1634::r379::c19
3425,qf_1634::r379::c2
3426,qf_1634::r379::c20
3427,qf_1634::r379::c21
3428,qf_1634::r379::c22
3429,qf_1634::r379::c23
3430,qf_1634::r379::c24
3431,qf_1634::r379::c25
3432,qf_1634::r379::c26
3433,qf_1634::r379::c27
3434,qf_1634::r379::c28
3435,qf_1634::r379::c29
3436,qf_1634::r379::c3
3437,qf_1634::r379::c30
3438,qf_1634::r379::c31
3439,qf_1634::r379::c32
3440,qf_1634::r379::c4
3441,qf_1634::r379::c5
3442,qf_1634::r379::c6
3443,qf_1634::r379::c7
3444,qf_1634::r379::c8
3445,qf_1634::r379::c9
3446,qf_1650::r405::c0
3447,qf_1650::r405::c1
3448,qf_1650::r405::c10
3449,qf_1650::r405::c11
3450,qf_1650::r405::c12
3451,qf_1650::r405::c2
3452,qf_1650::r405::c3
3453,qf_1650::r405::c4
3454,qf_1650::r405::c5
3455,qf_1650::r405::c6
3456,qf_1650::r405::c7
3457,qf_1650::r405::c8
3458,qf_1650::r405::c9
3459,qf_1667::r193::c0
3460,qf_1667::r193::c1
3461,qf_1667::r193::c10
3462,qf_1667::r193::c11
3463,qf_1667::r193::c12
3464,qf_1667::r193::c13
3465,qf_1667::r193::c14
3466,qf_1667::r193::c15
3467,qf_1667::r193::c16
3468,qf_1667::r193::c17
3469,qf_1667::r193::c18
3470,qf_1667::r193::c19
3471,qf_1667::r193::c2
3472,qf_1667::r193::c20
3473,qf_1667::r193::c21
3474,qf_1667::r193::c22
3475,qf_1667::r193::c23
3476,qf_1667::r193::c24
3477,qf_1667::r193::c25
3478,qf_1667::r193::c26
3479,qf_1667::r193::c27
3480,qf_1667::r193::c28
3481,qf_1667::r193::c29
3482,qf_1667::r193::c3
3483,qf_1667::r193::c30
3484,qf_1667::r193::c31
3485,qf_1667::r193::c4
3486,qf_1667::r193::c5
3487,qf_1667::r193::c6
3488,qf_1667::r193::c7
3489,qf_1667::r193::c8
3490,qf_1667::r193::c9
3491,qf_1758::r391::c0
3492,qf_1758::r391::c1
3493,qf_1758::r391::c10
3494,qf_1758::r391::c11
3495,qf_1758::r391::c12
3496,qf_1758::r391::c13
3497,qf_1758::r391::c14
3498,qf_1758::r391::c15
3499,qf_1758::r391::c16
3500,qf_1758::r391::c17
3501,qf_1758::r391::c18
3502,qf_1758::r391::c19
3503,qf_1758::r391::c2
3504,qf_1758::r391::c20
3505,qf_1758::r391::c21
3506,qf_1758::r391::c22
3507,qf_1758::r391::c3
3508,qf_1758::r391::c4
3509,qf_1758::r391::c5
3510,qf_1758::r391::c6
3511,qf_1758::r391::c7
3512,qf_1758::r391::c8
3513,qf_1758::r391::c9
3514,qf_1931::r80::c0
3515,qf_1931::r80::c1
3516,qf_1931::r80::c10
3517,qf_1931::r80::c11
3518,qf_1931::r80::c2
3519,qf_1931::r80::c3
3520,qf_1931::r80::c4
3521,qf_1931::r80::c5
3522,qf_1931::r80::c6
3523,qf_1931::r80::c7
3524,qf_1931::r80::c8
3525,qf_1931::r80::c9
3526,qf_220::r77::c0
3527,qf_220::r77::c1
3528,qf_2473::r298::c0
3529,qf_2473::r298::c1
3530,qf_2678::r364::c0
3531,qf_2678::r364::c1
3532,qf_2678::r364::c10
3533,qf_2678::r364::c11
3534,qf_2678::r364::c12
3535,qf_2678::r364::c13
3536,qf_2678::r364::c14
3537,qf_2678::r364::c15
3538,qf_2678::r364::c16
3539,qf_2678::r364::c17
3540,qf_2678::r364::c18
3541,qf_2678::r364::c19
3542,qf_2678::r364::c2
3543,qf_2678::r364::c3
3544,qf_2678::r364::c4
3545,qf_2678::r364::c5
3546,qf_2678::r364::c6
3547,qf_2678::r364::c7
3548,qf_2678::r364::c8
3549,qf_2678::r364::c9
3550,qf_2755::r131::c0
3551,qf_2755::r131::c1
3552,qf_2755::r131::c10
3553,qf_2755::r131::c11
3554,qf_2755::r131::c12
3555,qf_2755::r131::c13
3556,qf_2755::r131::c14
3557,qf_2755::r131::c15
3558,qf_2755::r131::c16
3559,qf_2755::r131::c17
3560,qf_2755::r131::c18
3561,qf_2755::r131::c19
3562,qf_2755::r131::c2
3563,qf_2755::r131::c20
3564,qf_2755::r131::c21
3565,qf_2755::r131::c22
3566,qf_2755::r131::c23
3567,qf_2755::r131::c24
3568,qf_2755::r131::c25
3569,qf_2755::r131::c26
3570,qf_2755::r131::c27
3571,qf_2755::r131::c28
3572,qf_2755::r131::c29
3573,qf_2755::r131::c3
3574,qf_2755::r131::c4
3575,qf_2755::r131::c5
3576,qf_2755::r131::c6
3577,qf_2755::r131::c7
3578,qf_2755::r131::c8
3579,qf_2755::r131::c9
3580,qf_3084::r78::c0
3581,qf_3084::r78::c1
3582,qf_3084::r78::c10
3583,qf_3084::r78::c11
3584,qf_3084::r78::c12
3585,qf_3084::r78::c13
3586,qf_3084::r78::c14
3587,qf_3084::r78::c15
3588,qf_3084::r78::c16
3589,qf_3084::r78::c17
3590,qf_3084::r78::c2
3591,qf_3084::r78::c3
3592,qf_3084::r78::c4
3593,qf_3084::r78::c5
3594,qf_3084::r78::c6
3595,qf_3084::r78::c7
3596,qf_3084::r78::c8
3597,qf_3084::r78::c9
3598,qf_345::r200::c4
3599,qf_345::r200::c5
3600,qf_345::r200::c6
3601,qf_345::r200::c7
3602,qf_345::r200::c8
3603,qf_76::r269::c0
3604,qf_76::r269::c1
3605,qf_76::r269::c2
3606,qf_76::r269::c3
3607,qf_847::r387::c0
3608,qf_847::r387::c1
3609,qf_979::r416::c0
3610,qf_979::r416::c1
3611,qf_979::r416::c2
3612,qf_979::r416::c3
3613,qf_979::r416::c4
3614,qg_1218::r240::c0
3615,qg_1218::r240::c1
3616,qg_1218::r240::c10
3617,qg_1218::r240::c2
3618,qg_1218::r240::c3
3619,qg_1218::r240::c4
3620,qg_1218::r240::c5
3621,qg_1218::r240::c6
3622,qg_1218::r240::c7
3623,qg_1218::r240::c8
3624,qg_1218::r240::c9
3625,qg_1241::r347::c0
3626,qg_1241::r347::c1
3627,qg_1241::r347::c10
3628,qg_1241::r347::c11
3629,qg_1241::r347::c12
3630,qg_1241::r347::c13
3631,qg_1241::r347::c14
3632,qg_1241::r347::c15
3633,qg_1241::r347::c16
3634,qg_1241::r347::c17
3635,qg_1241::r347::c18
3636,qg_1241::r347::c19
3637,qg_1241::r347::c2
3638,qg_1241::r347::c20
3639,qg_1241::r347::c21
3640,qg_1241::r347::c22
3641,qg_1241::r347::c23
3642,qg_1241::r347::c24
3643,qg_1241::r347::c25
3644,qg_1241::r347::c26
3645,qg_1241::r347::c27
3646,qg_1241::r347::c28
3647,qg_1241::r347::c29
3648,qg_1241::r347::c3
3649,qg_1241::r347::c30
3650,qg_1241::r347::c31
3651,qg_1241::r347::c4
3652,qg_1241::r347::c5
3653,qg_1241::r347::c6
3654,qg_1241::r347::c7
3655,qg_1241::r347::c8
3656,qg_1241::r347::c9
3657,qg_1309::r212::c0
3658,qg_1309::r212::c1
3659,qg_1309::r212::c10
3660,qg_1309::r212::c11
3661,qg_1309::r212::c12
3662,qg_1309::r212::c13
3663,qg_1309::r212::c14
3664,qg_1309::r212::c15
3665,qg_1309::r212::c16
3666,qg_1309::r212::c17
3667,qg_1309::r212::c18
3668,qg_1309::r212::c19
3669,qg_1309::r212::c2
3670,qg_1309::r212::c20
3671,qg_1309::r212::c21
3672,qg_1309::r212::c22
3673,qg_1309::r212::c23
3674,qg_1309::r212::c24
3675,qg_1309::r212::c25
3676,qg_1309::r212::c26
3677,qg_1309::r212::c27
3678,qg_1309::r212::c28
3679,qg_1309::r212::c29
3680,qg_1309::r212::c3
3681,qg_1309::r212::c30
3682,qg_1309::r212::c31
3683,qg_1309::r212::c32
3684,qg_1309::r212::c33
3685,qg_1309::r212::c34
3686,qg_1309::r212::c35
3687,qg_1309::r212::c36
3688,qg_1309::r212::c37
3689,qg_1309::r212::c38
3690,qg_1309::r212::c39
3691,qg_1309::r212::c4
3692,qg_1309::r212::c40
3693,qg_1309::r212::c41
3694,qg_1309::r212::c42
3695,qg_1309::r212::c43
3696,qg_1309::r212::c44
3697,qg_1309::r212::c45
3698,qg_1309::r212::c46
3699,qg_1309::r212::c47
3700,qg_1309::r212::c5
3701,qg_1309::r212::c6
3702,qg_1309::r212::c7
3703,qg_1309::r212::c8
3704,qg_1309::r212::c9
3705,qg_1555::r124::c0
3706,qg_1555::r124::c1
3707,qg_1555::r124::c10
3708,qg_1555::r124::c11
3709,qg_1555::r124::c12
3710,qg_1555::r124::c13
3711,qg_1555::r124::c14
3712,qg_1555::r124::c15
3713,qg_1555::r124::c16
3714,qg_1555::r124::c17
3715,qg_1555::r124::c18
3716,qg_1555::r124::c19
3717,qg_1555::r124::c2
3718,qg_1555::r124::c20
3719,qg_1555::r124::c21
3720,qg_1555::r124::c22
3721,qg_1555::r124::c23
3722,qg_1555::r124::c24
3723,qg_1555::r124::c25
3724,qg_1555::r124::c26
3725,qg_1555::r124::c27
3726,qg_1555::r124::c28
3727,qg_1555::r124::c29
3728,qg_1555::r124::c3
3729,qg_1555::r124::c30
3730,qg_1555::r124::c31
3731,qg_1555::r124::c32
3732,qg_1555::r124::c33
3733,qg_1555::r124::c34
3734,qg_1555::r124::c35
3735,qg_1555::r124::c36
3736,qg_1555::r124::c37
3737,qg_1555::r124::c38
3738,qg_1555::r124::c39
3739,qg_1555::r124::c4
3740,qg_1555::r124::c40
3741,qg_1555::r124::c41
3742,qg_1555::r124::c42
3743,qg_1555::r124::c43
3744,qg_1555::r124::c44
3745,qg_1555::r124::c45
3746,qg_1555::r124::c46
3747,qg_1555::r124::c47
3748,qg_1555::r124::c48
3749,qg_1555::r124::c49
3750,qg_1555::r124::c5
3751,qg_1555::r124::c50
3752,qg_1555::r124::c51
3753,qg_1555::r124::c52
3754,qg_1555::r124::c53
3755,qg_1555::r124::c54
3756,qg_1555::r124::c55
3757,qg_1555::r124::c56
3758,qg_1555::r124::c57
3759,qg_1555::r124::c58
3760,qg_1555::r124::c6
3761,qg_1555::r124::c7
3762,qg_1555::r124::c8
3763,qg_1555::r124::c9
3764,qg_1652::r185::c0
3765,qg_1652::r185::c1
3766,qg_1652::r185::c10
3767,qg_1652::r185::c11
3768,qg_1652::r185::c12
3769,qg_1652::r185::c13
3770,qg_1652::r185::c2
3771,qg_1652::r185::c3
3772,qg_1652::r185::c4
3773,qg_1652::r185::c5
3774,qg_1652::r185::c6
3775,qg_1652::r185::c7
3776,qg_1652::r185::c8
3777,qg_1652::r185::c9
3778,qg_1914::r263::c0
3779,qg_1914::r263::c1
3780,qg_1914::r263::c10
3781,qg_1914::r263::c11
3782,qg_1914::r263::c12
3783,qg_1914::r263::c13
3784,qg_1914::r263::c14
3785,qg_1914::r263::c15
3786,qg_1914::r263::c16
3787,qg_1914::r263::c17
3788,qg_1914::r263::c18
3789,qg_1914::r263::c19
3790,qg_1914::r263::c2
3791,qg_1914::r263::c20
3792,qg_1914::r263::c21
3793,qg_1914::r263::c22
3794,qg_1914::r263::c23
3795,qg_1914::r263::c24
3796,qg_1914::r263::c25
3797,qg_1914::r263::c26
3798,qg_1914::r263::c27
3799,qg_1914::r263::c28
3800,qg_1914::r263::c29
3801,qg_1914::r263::c3
3802,qg_1914::r263::c30
3803,qg_1914::r263::c31
3804,qg_1914::r263::c32
3805,qg_1914::r263::c33
3806,qg_1914::r263::c34
3807,qg_1914::r263::c35
3808,qg_1914::r263::c36
3809,qg_1914::r263::c37
3810,qg_1914::r263::c38
3811,qg_1914::r263::c39
3812,qg_1914::r263::c4
3813,qg_1914::r263::c40
3814,qg_1914::r263::c41
3815,qg_1914::r263::c42
3816,qg_1914::r263::c43
3817,qg_1914::r263::c44
3818,qg_1914::r263::c45
3819,qg_1914::r263::c46
3820,qg_1914::r263::c47
3821,qg_1914::r263::c48
3822,qg_1914::r263::c49
3823,qg_1914::r263::c5
3824,qg_1914::r263::c50
3825,qg_1914::r263::c51
3826,qg_1914::r263::c52
3827,qg_1914::r263::c53
3828,qg_1914::r263::c54
3829,qg_1914::r263::c55
3830,qg_1914::r263::c56
3831,qg_1914::r263::c6
3832,qg_1914::r263::c7
3833,qg_1914::r263::c8
3834,qg_1914::r263::c9
3835,qg_2042::r44::c0
3836,qg_2042::r44::c1
3837,qg_2042::r44::c10
3838,qg_2042::r44::c11
3839,qg_2042::r44::c12
3840,qg_2042::r44::c13
3841,qg_2042::r44::c14
3842,qg_2042::r44::c15
3843,qg_2042::r44::c16
3844,qg_2042::r44::c17
3845,qg_2042::r44::c18
3846,qg_2042::r44::c19
3847,qg_2042::r44::c2
3848,qg_2042::r44::c20
3849,qg_2042::r44::c21
3850,qg_2042::r44::c22
3851,qg_2042::r44::c23
3852,qg_2042::r44::c24
3853,qg_2042::r44::c25
3854,qg_2042::r44::c26
3855,qg_2042::r44::c27
3856,qg_2042::r44::c28
3857,qg_2042::r44::c29
3858,qg_2042::r44::c3
3859,qg_2042::r44::c30
3860,qg_2042::r44::c31
3861,qg_2042::r44::c32
3862,qg_2042::r44::c33
3863,qg_2042::r44::c34
3864,qg_2042::r44::c35
3865,qg_2042::r44::c36
3866,qg_2042::r44::c37
3867,qg_2042::r44::c38
3868,qg_2042::r44::c4
3869,qg_2042::r44::c5
3870,qg_2042::r44::c6
3871,qg_2042::r44::c7
3872,qg_2042::r44::c8
3873,qg_2042::r44::c9
3874,qg_2066::r156::c0
3875,qg_2066::r156::c1
3876,qg_2066::r156::c10
3877,qg_2066::r156::c11
3878,qg_2066::r156::c12
3879,qg_2066::r156::c13
3880,qg_2066::r156::c14
3881,qg_2066::r156::c15
3882,qg_2066::r156::c16
3883,qg_2066::r156::c17
3884,qg_2066::r156::c18
3885,qg_2066::r156::c2
3886,qg_2066::r156::c3
3887,qg_2066::r156::c4
3888,qg_2066::r156::c5
3889,qg_2066::r156::c6
3890,qg_2066::r156::c7
3891,qg_2066::r156::c8
3892,qg_2066::r156::c9
3893,qg_2643::r352::c0
3894,qg_2643::r352::c1
3895,qg_2643::r352::c10
3896,qg_2643::r352::c11
3897,qg_2643::r352::c12
3898,qg_2643::r352::c13
3899,qg_2643::r352::c14
3900,qg_2643::r352::c15
3901,qg_2643::r352::c16
3902,qg_2643::r352::c17
3903,qg_2643::r352::c18
3904,qg_2643::r352::c19
3905,qg_2643::r352::c2
3906,qg_2643::r352::c20
3907,qg_2643::r352::c21
3908,qg_2643::r352::c22
3909,qg_2643::r352::c23
3910,qg_2643::r352::c24
3911,qg_2643::r352::c25
3912,qg_2643::r352::c26
3913,qg_2643::r352::c27
3914,qg_2643::r352::c28
3915,qg_2643::r352::c29
3916,qg_2643::r352::c3
3917,qg_2643::r352::c30
3918,qg_2643::r352::c31
3919,qg_2643::r352::c32
3920,qg_2643::r352::c33
3921,qg_2643::r352::c34
3922,qg_2643::r352::c35
3923,qg_2643::r352::c36
3924,qg_2643::r352::c37
3925,qg_2643::r352::c38
3926,qg_2643::r352::c39
3927,qg_2643::r352::c4
3928,qg_2643::r352::c40
3929,qg_2643::r352::c41
3930,qg_2643::r352::c42
3931,qg_2643::r352::c43
3932,qg_2643::r352::c44
3933,qg_2643::r352::c45
3934,qg_2643::r352::c46
3935,qg_2643::r352::c47
3936,qg_2643::r352::c48
3937,qg_2643::r352::c49
3938,qg_2643::r352::c5
3939,qg_2643::r352::c50
3940,qg_2643::r352::c51
3941,qg_2643::r352::c52
3942,qg_2643::r352::c53
3943,qg_2643::r352::c54
3944,qg_2643::r352::c55
3945,qg_2643::r352::c56
3946,qg_2643::r352::c57
3947,qg_2643::r352::c58
3948,qg_2643::r352::c59
3949,qg_2643::r352::c6
3950,qg_2643::r352::c60
3951,qg_2643::r352::c61
3952,qg_2643::r352::c62
3953,qg_2643::r352::c63
3954,qg_2643::r352::c64
3955,qg_2643::r352::c65
3956,qg_2643::r352::c66
3957,qg_2643::r352::c67
3958,qg_2643::r352::c68
3959,qg_2643::r352::c69
3960,qg_2643::r352::c7
3961,qg_2643::r352::c70
3962,qg_2643::r352::c71
3963,qg_2643::r352::c72
3964,qg_2643::r352::c73
3965,qg_2643::r352::c74
3966,qg_2643::r352::c75
3967,qg_2643::r352::c8
3968,qg_2643::r352::c9
3969,qg_2648::r4::c0
3970,qg_2648::r4::c1
3971,qg_2648::r4::c2
3972,qg_2648::r4::c3
3973,qg_2648::r4::c4
3974,qg_271::r138::c0
3975,qg_271::r138::c1
3976,qg_271::r138::c10
3977,qg_271::r138::c11
3978,qg_271::r138::c12
3979,qg_271::r138::c13
3980,qg_271::r138::c14
3981,qg_271::r138::c15
3982,qg_271::r138::c16
3983,qg_271::r138::c17
3984,qg_271::r138::c18
3985,qg_271::r138::c19
3986,qg_271::r138::c2
3987,qg_271::r138::c20
3988,qg_271::r138::c21
3989,qg_271::r138::c22
3990,qg_271::r138::c23
3991,qg_271::r138::c24
3992,qg_271::r138::c25
3993,qg_271::r138::c26
3994,qg_271::r138::c3
3995,qg_271::r138::c4
3996,qg_271::r138::c5
3997,qg_271::r138::c6
3998,qg_271::r138::c7
3999,qg_271::r138::c8
4000,qg_271::r138::c9
4001,qg_3186::r147::c0
4002,qg_3186::r147::c1
4003,qg_3186::r147::c10
4004,qg_3186::r147::c11
4005,qg_3186::r147::c12
4006,qg_3186::r147::c13
4007,qg_3186::r147::c14
4008,qg_3186::r147::c15
4009,qg_3186::r147::c2
4010,qg_3186::r147::c3
4011,qg_3186::r147::c4
4012,qg_3186::r147::c5
4013,qg_3186::r147::c6
4014,qg_3186::r147::c7
4015,qg_3186::r147::c8
4016,qg_3186::r147::c9
4017,qg_3338::r408::c0
4018,qg_3338::r408::c1
4019,qg_3338::r408::c10
4020,qg_3338::r408::c11
4021,qg_3338::r408::c12
4022,qg_3338::r408::c13
4023,qg_3338::r408::c14
4024,qg_3338::r408::c15
4025,qg_3338::r408::c16
4026,qg_3338::r408::c17
4027,qg_3338::r408::c18
4028,qg_3338::r408::c19
4029,qg_3338::r408::c2
4030,qg_3338::r408::c20
4031,qg_3338::r408::c21
4032,qg_3338::r408::c22
4033,qg_3338::r408::c23
4034,qg_3338::r408::c24
4035,qg_3338::r408::c25
4036,qg_3338::r408::c26
4037,qg_3338::r408::c27
4038,qg_3338::r408::c28
4039,qg_3338::r408::c29
4040,qg_3338::r408::c3
4041,qg_3338::r408::c30
4042,qg_3338::r408::c31
4043,qg_3338::r408::c32
4044,qg_3338::r408::c33
4045,qg_3338::r408::c34
4046,qg_3338::r408::c35
4047,qg_3338::r408::c36
4048,qg_3338::r408::c37
4049,qg_3338::r408::c4
4050,qg_3338::r408::c5
4051,qg_3338::r408::c6
4052,qg_3338::r408::c7
4053,qg_3338::r408::c8
4054,qg_3338::r408::c9
4055,qg_3384::r167::c0
4056,qg_3384::r167::c1
4057,qg_3384::r167::c10
4058,qg_3384::r167::c11
4059,qg_3384::r167::c12
4060,qg_3384::r167::c2
4061,qg_3384::r167::c3
4062,qg_3384::r167::c4
4063,qg_3384::r167::c5
4064,qg_3384::r167::c6
4065,qg_3384::r167::c7
4066,qg_3384::r167::c8
4067,qg_3384::r167::c9
4068,qg_347::r398::c0
4069,qg_347::r398::c1
4070,qg_347::r398::c10
4071,qg_347::r398::c11
4072,qg_347::r398::c12
4073,qg_347::r398::c13
4074,qg_347::r398::c14
4075,qg_347::r398::c15
4076,qg_347::r398::c16
4077,qg_347::r398::c17
4078,qg_347::r398::c18
4079,qg_347::r398::c2
4080,qg_347::r398::c3
4081,qg_347::r398::c4
4082,qg_347::r398::c5
4083,qg_347::r398::c6
4084,qg_347::r398::c7
4085,qg_347::r398::c8
4086,qg_347::r398::c9
4087,qg_4107::r24::c0
4088,qg_4434::r211::c0
4089,qg_4434::r211::c1
4090,qg_4434::r211::c2
4091,qg_4434::r211::c3
4092,qg_4434::r211::c4
4093,qg_4446::r179::c0
4094,qg_4446::r179::c1
4095,qg_4446::r179::c10
4096,qg_4446::r179::c11
4097,qg_4446::r179::c12
4098,qg_4446::r179::c13
4099,qg_4446::r179::c14
4100,qg_4446::r179::c15
4101,qg_4446::r179::c16
4102,qg_4446::r179::c17
4103,qg_4446::r179::c18
4104,qg_4446::r179::c2
4105,qg_4446::r179::c3
4106,qg_4446::r179::c4
4107,qg_4446::r179::c5
4108,qg_4446::r179::c6
4109,qg_4446::r179::c7
4110,qg_4446::r179::c8
4111,qg_4446::r179::c9
4112,qg_517::r17::c0
4113,qg_517::r17::c1
4114,qg_517::r17::c10
4115,qg_517::r17::c11
4116,qg_517::r17::c12
4117,qg_517::r17::c13
4118,qg_517::r17::c14
4119,qg_517::r17::c15
4120,qg_517::r17::c16
4121,qg_517::r17::c17
4122,qg_517::r17::c2
4123,qg_517::r17::c3
4124,qg_517::r17::c4
4125,qg_517::r17::c5
4126,qg_517::r17::c6
4127,qg_517::r17::c7
4128,qg_517::r17::c8
4129,qg_517::r17::c9
4130,qg_726::r331::c0
4131,qg_726::r331::c1
4132,qg_726::r331::c2
4133,qg_726::r331::c3
4134,qg_726::r331::c4
4135,qg_726::r331::c5
4136,qg_808::r86::c0
4137,qg_808::r86::c1
4138,qg_808::r86::c10
4139,qg_808::r86::c11
4140,qg_808::r86::c2
4141,qg_808::r86::c3
4142,qg_808::r86::c4
4143,qg_808::r86::c5
4144,qg_808::r86::c6
4145,qg_808::r86::c7
4146,qg_808::r86::c8
4147,qg_808::r86::c9
4148,qg_965::r443::c0
4149,qg_965::r443::c1
4150,qg_965::r443::c10
4151,qg_965::r443::c11
4152,qg_965::r443::c12
4153,qg_965::r443::c13
4154,qg_965::r443::c14
4155,qg_965::r443::c15
4156,qg_965::r443::c16
4157,qg_965::r443::c17
4158,qg_965::r443::c18
4159,qg_965::r443::c19
4160,qg_965::r443::c2
4161,qg_965::r443::c20
4162,qg_965::r443::c21
4163,qg_965::r443::c22
4164,qg_965::r443::c23
4165,qg_965::r443::c24
4166,qg_965::r443::c25
4167,qg_965::r443::c26
4168,qg_965::r443::c27
4169,qg_965::r443::c28
4170,qg_965::r443::c29
4171,qg_965::r443::c3
4172,qg_965::r443::c30
4173,qg_965::r443::c31
4174,qg_965::r443::c32
4175,qg_965::r443::c33
4176,qg_965::r443::c34
4177,qg_965::r443::c35
4178,qg_965::r443::c36
4179,qg_965::r443::c37
4180,qg_965::r443::c38
4181,qg_965::r443::c4
4182,qg_965::r443::c5
4183,qg_965::r443::c6
4184,qg_965::r443::c7
4185,qg_965::r443::c8
4186,qg_965::r443::c9
4187,qw_1016::r174::c0
4188,qw_1016::r174::c1
4189,qw_1016::r174::c10
4190,qw_1016::r174::c11
4191,qw_1016::r174::c12
4192,qw_1016::r174::c13
4193,qw_1016::r174::c2
4194,qw_1016::r174::c3
4195,qw_1016::r174::c4
4196,qw_1016::r174::c5
4197,qw_1016::r174::c6
4198,qw_1016::r174::c7
4199,qw_1016::r174::c8
4200,qw_1016::r174::c9
4201,qw_10354::r319::c0
4202,qw_10354::r319::c1
4203,qw_10354::r319::c10
4204,qw_10354::r319::c11
4205,qw_10354::r319::c12
4206,qw_10354::r319::c13
4207,qw_10354::r319::c14
4208,qw_10354::r319::c15
4209,qw_10354::r319::c16
4210,qw_10354::r319::c17
4211,qw_10354::r319::c18
4212,qw_10354::r319::c19
4213,qw_10354::r319::c2
4214,qw_10354::r319::c20
4215,qw_10354::r319::c21
4216,qw_10354::r319::c22
4217,qw_10354::r319::c23
4218,qw_10354::r319::c24
4219,qw_10354::r319::c25
4220,qw_10354::r319::c26
4221,qw_10354::r319::c27
4222,qw_10354::r319::c28
4223,qw_10354::r319::c29
4224,qw_10354::r319::c3
4225,qw_10354::r319::c30
4226,qw_10354::r319::c31
4227,qw_10354::r319::c32
4228,qw_10354::r319::c33
4229,qw_10354::r319::c34
4230,qw_10354::r319::c35
4231,qw_10354::r319::c36
4232,qw_10354::r319::c37
4233,qw_10354::r319::c38
4234,qw_10354::r319::c39
4235,qw_10354::r319::c4
4236,qw_10354::r319::c40
4237,qw_10354::r319::c41
4238,qw_10354::r319::c42
4239,qw_10354::r319::c43
4240,qw_10354::r319::c44
4241,qw_10354::r319::c45
4242,qw_10354::r319::c46
4243,qw_10354::r319::c47
4244,qw_10354::r319::c48
4245,qw_10354::r319::c49
4246,qw_10354::r319::c5
4247,qw_10354::r319::c50
4248,qw_10354::r319::c51
4249,qw_10354::r319::c52
4250,qw_10354::r319::c53
4251,qw_10354::r319::c54
4252,qw_10354::r319::c55
4253,qw_10354::r319::c56
4254,qw_10354::r319::c57
4255,qw_10354::r319::c58
4256,qw_10354::r319::c59
4257,qw_10354::r319::c6
4258,qw_10354::r319::c60
4259,qw_10354::r319::c61
4260,qw_10354::r319::c62
4261,qw_10354::r319::c63
4262,qw_10354::r319::c64
4263,qw_10354::r319::c65
4264,qw_10354::r319::c66
4265,qw_10354::r319::c67
4266,qw_10354::r319::c68
4267,qw_10354::r319::c69
4268,qw_10354::r319::c7
4269,qw_10354::r319::c70
4270,qw_10354::r319::c71
4271,qw_10354::r319::c72
4272,qw_10354::r319::c73
4273,qw_10354::r319::c74
4274,qw_10354::r319::c75
4275,qw_10354::r319::c76
4276,qw_10354::r319::c77
4277,qw_10354::r319::c78
4278,qw_10354::r319::c79
4279,qw_10354::r319::c8
4280,qw_10354::r319::c80
4281,qw_10354::r319::c81
4282,qw_10354::r319::c82
4283,qw_10354::r319::c83
4284,qw_10354::r319::c84
4285,qw_10354::r319::c85
4286,qw_10354::r319::c86
4287,qw_10354::r319::c87
4288,qw_10354::r319::c88
4289,qw_10354::r319::c89
4290,qw_10354::r319::c9
4291,qw_10354::r319::c90
4292,qw_10354::r319::c91
4293,qw_10354::r319::c92
4294,qw_10354::r319::c93
4295,qw_10354::r319::c94
4296,qw_10354::r319::c95
4297,qw_10354::r319::c96
4298,qw_10354::r319::c97
4299,qw_10354::r319::c98
4300,qw_10929::r113::c0
4301,qw_10929::r113::c1
4302,qw_10929::r113::c2
4303,qw_10929::r113::c3
4304,qw_10929::r113::c4
4305,qw_10929::r113::c5
4306,qw_10929::r113::c6
4307,qw_10929::r113::c7
4308,qw_10929::r113::c8
4309,qw_11432::r126::c0
4310,qw_11432::r126::c1
4311,qw_11432::r126::c2
4312,qw_11432::r126::c3
4313,qw_11432::r126::c4
4314,qw_11432::r126::c5
4315,qw_12124::r329::c0
4316,qw_12124::r329::c1
4317,qw_12124::r329::c10
4318,qw_12124::r329::c11
4319,qw_12124::r329::c12
4320,qw_12124::r329::c13
4321,qw_12124::r329::c14
4322,qw_12124::r329::c15
4323,qw_12124::r329::c16
4324,qw_12124::r329::c17
4325,qw_12124::r329::c2
4326,qw_12124::r329::c3
4327,qw_12124::r329::c4
4328,qw_12124::r329::c5
4329,qw_12124::r329::c6
4330,qw_12124::r329::c7
4331,qw_12124::r329::c8
4332,qw_12124::r329::c9
4333,qw_12302::r270::c0
4334,qw_12302::r270::c1
4335,qw_12302::r270::c10
4336,qw_12302::r270::c11
4337,qw_12302::r270::c12
4338,qw_12302::r270::c13
4339,qw_12302::r270::c14
4340,qw_12302::r270::c15
4341,qw_12302::r270::c16
4342,qw_12302::r270::c17
4343,qw_12302::r270::c18
4344,qw_12302::r270::c19
4345,qw_12302::r270::c2
4346,qw_12302::r270::c20
4347,qw_12302::r270::c21
4348,qw_12302::r270::c22
4349,qw_12302::r270::c23
4350,qw_12302::r270::c24
4351,qw_12302::r270::c25
4352,qw_12302::r270::c26
4353,qw_12302::r270::c27
4354,qw_12302::r270::c28
4355,qw_12302::r270::c29
4356,qw_12302::r270::c3
4357,qw_12302::r270::c30
4358,qw_12302::r270::c31
4359,qw_12302::r270::c32
4360,qw_12302::r270::c33
4361,qw_12302::r270::c34
4362,qw_12302::r270::c35
4363,qw_12302::r270::c36
4364,qw_12302::r270::c37
4365,qw_12302::r270::c38
4366,qw_12302::r270::c39
4367,qw_12302::r270::c4
4368,qw_12302::r270::c40
4369,qw_12302::r270::c41
4370,qw_12302::r270::c42
4371,qw_12302::r270::c43
4372,qw_12302::r270::c5
4373,qw_12302::r270::c6
4374,qw_12302::r270::c7
4375,qw_12302::r270::c8
4376,qw_12302::r270::c9
4377,qw_1239::r41::c0
4378,qw_1239::r41::c1
4379,qw_1239::r41::c10
4380,qw_1239::r41::c11
4381,qw_1239::r41::c12
4382,qw_1239::r41::c13
4383,qw_1239::r41::c14
4384,qw_1239::r41::c15
4385,qw_1239::r41::c16
4386,qw_1239::r41::c2
4387,qw_1239::r41::c3
4388,qw_1239::r41::c4
4389,qw_1239::r41::c5
4390,qw_1239::r41::c6
4391,qw_1239::r41::c7
4392,qw_1239::r41::c8
4393,qw_1239::r41::c9
4394,qw_12518::r414::c0
4395,qw_12518::r414::c1
4396,qw_12518::r414::c2
4397,qw_12647::r160::c0
4398,qw_12647::r160::c1
4399,qw_12647::r160::c2
4400,qw_12647::r160::c3
4401,qw_12647::r160::c4
4402,qw_12647::r160::c5
4403,qw_12647::r160::c6
4404,qw_12647::r160::c7
4405,qw_13276::r45::c0
4406,qw_13276::r45::c1
4407,qw_13276::r45::c10
4408,qw_13276::r45::c11
4409,qw_13276::r45::c12
4410,qw_13276::r45::c13
4411,qw_13276::r45::c14
4412,qw_13276::r45::c15
4413,qw_13276::r45::c16
4414,qw_13276::r45::c17
4415,qw_13276::r45::c18
4416,qw_13276::r45::c19
4417,qw_13276::r45::c2
4418,qw_13276::r45::c20
4419,qw_13276::r45::c21
4420,qw_13276::r45::c22
4421,qw_13276::r45::c23
4422,qw_13276::r45::c24
4423,qw_13276::r45::c25
4424,qw_13276::r45::c26
4425,qw_13276::r45::c27
4426,qw_13276::r45::c28
4427,qw_13276::r45::c29
4428,qw_13276::r45::c3
4429,qw_13276::r45::c30
4430,qw_13276::r45::c31
4431,qw_13276::r45::c32
4432,qw_13276::r45::c33
4433,qw_13276::r45::c34
4434,qw_13276::r45::c35
4435,qw_13276::r45::c36
4436,qw_13276::r45::c37
4437,qw_13276::r45::c38
4438,qw_13276::r45::c4
4439,qw_13276::r45::c5
4440,qw_13276::r45::c6
4441,qw_13276::r45::c7
4442,qw_13276::r45::c8
4443,qw_13276::r45::c9
4444,qw_13383::r318::c0
4445,qw_13383::r318::c1
4446,qw_13383::r318::c10
4447,qw_13383::r318::c11
4448,qw_13383::r318::c12
4449,qw_13383::r318::c13
4450,qw_13383::r318::c14
4451,qw_13383::r318::c15
4452,qw_13383::r318::c16
4453,qw_13383::r318::c17
4454,qw_13383::r318::c18
4455,qw_13383::r318::c19
4456,qw_13383::r318::c2
4457,qw_13383::r318::c20
4458,qw_13383::r318::c21
4459,qw_13383::r318::c22
4460,qw_13383::r318::c23
4461,qw_13383::r318::c24
4462,qw_13383::r318::c25
4463,qw_13383::r318::c26
4464,qw_13383::r318::c27
4465,qw_13383::r318::c28
4466,qw_13383::r318::c29
4467,qw_13383::r318::c3
4468,qw_13383::r318::c30
4469,qw_13383::r318::c31
4470,qw_13383::r318::c32
4471,qw_13383::r318::c33
4472,qw_13383::r318::c34
4473,qw_13383::r318::c35
4474,qw_13383::r318::c36
4475,qw_13383::r318::c37
4476,qw_13383::r318::c38
4477,qw_13383::r318::c39
4478,qw_13383::r318::c4
4479,qw_13383::r318::c40
4480,qw_13383::r318::c41
4481,qw_13383::r318::c42
4482,qw_13383::r318::c43
4483,qw_13383::r318::c44
4484,qw_13383::r318::c45
4485,qw_13383::r318::c46
4486,qw_13383::r318::c47
4487,qw_13383::r318::c48
4488,qw_13383::r318::c49
4489,qw_13383::r318::c5
4490,qw_13383::r318::c50
4491,qw_13383::r318::c51
4492,qw_13383::r318::c52
4493,qw_13383::r318::c53
4494,qw_13383::r318::c6
4495,qw_13383::r318::c7
4496,qw_13383::r318::c8
4497,qw_13383::r318::c9
4498,qw_13616::r57::c0
4499,qw_13616::r57::c1
4500,qw_13616::r57::c10
4501,qw_13616::r57::c11
4502,qw_13616::r57::c12
4503,qw_13616::r57::c13
4504,qw_13616::r57::c14
4505,qw_13616::r57::c15
4506,qw_13616::r57::c16
4507,qw_13616::r57::c17
4508,qw_13616::r57::c18
4509,qw_13616::r57::c19
4510,qw_13616::r57::c2
4511,qw_13616::r57::c20
4512,qw_13616::r57::c21
4513,qw_13616::r57::c22
4514,qw_13616::r57::c23
4515,qw_13616::r57::c24
4516,qw_13616::r57::c25
4517,qw_13616::r57::c26
4518,qw_13616::r57::c27
4519,qw_13616::r57::c28
4520,qw_13616::r57::c29
4521,qw_13616::r57::c3
4522,qw_13616::r57::c30
4523,qw_13616::r57::c31
4524,qw_13616::r57::c32
4525,qw_13616::r57::c33
4526,qw_13616::r57::c34
4527,qw_13616::r57::c35
4528,qw_13616::r57::c4
4529,qw_13616::r57::c5
4530,qw_13616::r57::c6
4531,qw_13616::r57::c7
4532,qw_13616::r57::c8
4533,qw_13616::r57::c9
4534,qw_14795::r271::c0
4535,qw_14795::r271::c1
4536,qw_14795::r271::c10
4537,qw_14795::r271::c11
4538,qw_14795::r271::c12
4539,qw_14795::r271::c13
4540,qw_14795::r271::c14
4541,qw_14795::r271::c15
4542,qw_14795::r271::c16
4543,qw_14795::r271::c17
4544,qw_14795::r271::c18
4545,qw_14795::r271::c19
4546,qw_14795::r271::c2
4547,qw_14795::r271::c20
4548,qw_14795::r271::c21
4549,qw_14795::r271::c22
4550,qw_14795::r271::c23
4551,qw_14795::r271::c24
4552,qw_14795::r271::c25
4553,qw_14795::r271::c26
4554,qw_14795::r271::c27
4555,qw_14795::r271::c28
4556,qw_14795::r271::c29
4557,qw_14795::r271::c3
4558,qw_14795::r271::c4
4559,qw_14795::r271::c5
4560,qw_14795::r271::c6
4561,qw_14795::r271::c7
4562,qw_14795::r271::c8
4563,qw_14795::r271::c9
4564,qw_14800::r48::c0
4565,qw_14862::r108::c0
4566,qw_14862::r108::c1
4567,qw_14862::r108::c2
4568,qw_14862::r108::c3
4569,qw_14862::r108::c4
4570,qw_14862::r108::c5
4571,qw_14862::r108::c6
4572,qw_14862::r108::c7
4573,qw_14862::r108::c8
4574,qw_14981::r125::c0
4575,qw_14981::r125::c1
4576,qw_14981::r125::c10
4577,qw_14981::r125::c11
4578,qw_14981::r125::c12
4579,qw_14981::r125::c13
4580,qw_14981::r125::c14
4581,qw_14981::r125::c15
4582,qw_14981::r125::c16
4583,qw_14981::r125::c17
4584,qw_14981::r125::c18
4585,qw_14981::r125::c19
4586,qw_14981::r125::c2
4587,qw_14981::r125::c20
4588,qw_14981::r125::c21
4589,qw_14981::r125::c22
4590,qw_14981::r125::c23
4591,qw_14981::r125::c24
4592,qw_14981::r125::c25
4593,qw_14981::r125::c26
4594,qw_14981::r125::c27
4595,qw_14981::r125::c28
4596,qw_14981::r125::c29
4597,qw_14981::r125::c3
4598,qw_14981::r125::c30
4599,qw_14981::r125::c31
4600,qw_14981::r125::c32
4601,qw_14981::r125::c33
4602,qw_14981::r125::c34
4603,qw_14981::r125::c35
4604,qw_14981::r125::c4
4605,qw_14981::r125::c5
4606,qw_14981::r125::c6
4607,qw_14981::r125::c7
4608,qw_14981::r125::c8
4609,qw_14981::r125::c9
4610,qw_15086::r50::c0
4611,qw_15489::r51::c0
4612,qw_15489::r51::c1
4613,qw_15489::r51::c2
4614,qw_15489::r51::c3
4615,qw_15489::r51::c4
4616,qw_15489::r51::c5
4617,qw_15489::r51::c6
4618,qw_1587::r356::c0
4619,qw_1587::r356::c1
4620,qw_1587::r356::c10
4621,qw_1587::r356::c11
4622,qw_1587::r356::c12
4623,qw_1587::r356::c13
4624,qw_1587::r356::c14
4625,qw_1587::r356::c15
4626,qw_1587::r356::c16
4627,qw_1587::r356::c2
4628,qw_1587::r356::c3
4629,qw_1587::r356::c4
4630,qw_1587::r356::c5
4631,qw_1587::r356::c6
4632,qw_1587::r356::c7
4633,qw_1587::r356::c8
4634,qw_1587::r356::c9
4635,qw_16018::r33::c0
4636,qw_16018::r33::c1
4637,qw_16177::r362::c0
4638,qw_16177::r362::c1
4639,qw_16177::r362::c2
4640,qw_16177::r362::c3
4641,qw_16177::r362::c4
4642,qw_181::r47::c0
4643,qw_181::r47::c1
4644,qw_181::r47::c10
4645,qw_181::r47::c11
4646,qw_181::r47::c12
4647,qw_181::r47::c13
4648,qw_181::r47::c14
4649,qw_181::r47::c15
4650,qw_181::r47::c16
4651,qw_181::r47::c17
4652,qw_181::r47::c18
4653,qw_181::r47::c19
4654,qw_181::r47::c2
4655,qw_181::r47::c20
4656,qw_181::r47::c21
4657,qw_181::r47::c22
4658,qw_181::r47::c23
4659,qw_181::r47::c24
4660,qw_181::r47::c25
4661,qw_181::r47::c26
4662,qw_181::r47::c27
4663,qw_181::r47::c28
4664,qw_181::r47::c29
4665,qw_181::r47::c3
4666,qw_181::r47::c30
4667,qw_181::r47::c31
4668,qw_181::r47::c32
4669,qw_181::r47::c33
4670,qw_181::r47::c34
4671,qw_181::r47::c35
4672,qw_181::r47::c36
4673,qw_181::r47::c37
4674,qw_181::r47::c38
4675,qw_181::r47::c39
4676,qw_181::r47::c4
4677,qw_181::r47::c40
4678,qw_181::r47::c41
4679,qw_181::r47::c42
4680,qw_181::r47::c43
4681,qw_181::r47::c44
4682,qw_181::r47::c45
4683,qw_181::r47::c46
4684,qw_181::r47::c47
4685,qw_181::r47::c48
4686,qw_181::r47::c49
4687,qw_181::r47::c5
4688,qw_181::r47::c50
4689,qw_181::r47::c51
4690,qw_181::r47::c52
4691,qw_181::r47::c53
4692,qw_181::r47::c54
4693,qw_181::r47::c55
4694,qw_181::r47::c56
4695,qw_181::r47::c57
4696,qw_181::r47::c58
4697,qw_181::r47::c59
4698,qw_181::r47::c6
4699,qw_181::r47::c60
4700,qw_181::r47::c61
4701,qw_181::r47::c62
4702,qw_181::r47::c63
4703,qw_181::r47::c64
4704,qw_181::r47::c65
4705,qw_181::r47::c66
4706,qw_181::r47::c67
4707,qw_181::r47::c68
4708,qw_181::r47::c69
4709,qw_181::r47::c7
4710,qw_181::r47::c70
4711,qw_181::r47::c71
4712,qw_181::r47::c72
4713,qw_181::r47::c73
4714,qw_181::r47::c74
4715,qw_181::r47::c75
4716,qw_181::r47::c76
4717,qw_181::r47::c77
4718,qw_181::r47::c78
4719,qw_181::r47::c79
4720,qw_181::r47::c8
4721,qw_181::r47::c80
4722,qw_181::r47::c81
4723,qw_181::r47::c82
4724,qw_181::r47::c83
4725,qw_181::r47::c84
4726,qw_181::r47::c85
4727,qw_181::r47::c86
4728,qw_181::r47::c87
4729,qw_181::r47::c88
4730,qw_181::r47::c89
4731,qw_181::r47::c9
4732,qw_181::r47::c90
4733,qw_181::r47::c91
4734,qw_181::r47::c92
4735,qw_181::r47::c93
4736,qw_181::r47::c94
4737,qw_181::r47::c95
4738,qw_181::r47::c96
4739,qw_181::r47::c97
4740,qw_181::r47::c98
4741,qw_1983::r85::c0
4742,qw_1983::r85::c1
4743,qw_1983::r85::c10
4744,qw_1983::r85::c11
4745,qw_1983::r85::c12
4746,qw_1983::r85::c13
4747,qw_1983::r85::c14
4748,qw_1983::r85::c15
4749,qw_1983::r85::c16
4750,qw_1983::r85::c17
4751,qw_1983::r85::c18
4752,qw_1983::r85::c19
4753,qw_1983::r85::c2
4754,qw_1983::r85::c20
4755,qw_1983::r85::c21
4756,qw_1983::r85::c3
4757,qw_1983::r85::c4
4758,qw_1983::r85::c5
4759,qw_1983::r85::c6
4760,qw_1983::r85::c7
4761,qw_1983::r85::c8
4762,qw_1983::r85::c9
4763,qw_2021::r441::c0
4764,qw_2021::r441::c1
4765,qw_2021::r441::c2
4766,qw_2021::r441::c3
4767,qw_2021::r441::c4
4768,qw_2021::r441::c5
4769,qw_2021::r441::c6
4770,qw_2021::r441::c7
4771,qw_2242::r223::c0
4772,qw_2242::r223::c1
4773,qw_2242::r223::c10
4774,qw_2242::r223::c11
4775,qw_2242::r223::c12
4776,qw_2242::r223::c13
4777,qw_2242::r223::c14
4778,qw_2242::r223::c2
4779,qw_2242::r223::c3
4780,qw_2242::r223::c4
4781,qw_2242::r223::c5
4782,qw_2242::r223::c6
4783,qw_2242::r223::c7
4784,qw_2242::r223::c8
4785,qw_2242::r223::c9
4786,qw_2530::r395::c0
4787,qw_2530::r395::c1
4788,qw_2530::r395::c10
4789,qw_2530::r395::c11
4790,qw_2530::r395::c2
4791,qw_2530::r395::c3
4792,qw_2530::r395::c4
4793,qw_2530::r395::c5
4794,qw_2530::r395::c6
4795,qw_2530::r395::c7
4796,qw_2530::r395::c8
4797,qw_2530::r395::c9
4798,qw_2548::r231::c0
4799,qw_2548::r231::c1
4800,qw_2548::r231::c2
4801,qw_2548::r231::c3
4802,qw_2548::r231::c4
4803,qw_2920::r402::c0
4804,qw_2920::r402::c1
4805,qw_2920::r402::c10
4806,qw_2920::r402::c11
4807,qw_2920::r402::c12
4808,qw_2920::r402::c13
4809,qw_2920::r402::c14
4810,qw_2920::r402::c15
4811,qw_2920::r402::c16
4812,qw_2920::r402::c17
4813,qw_2920::r402::c18
4814,qw_2920::r402::c19
4815,qw_2920::r402::c2
4816,qw_2920::r402::c20
4817,qw_2920::r402::c21
4818,qw_2920::r402::c22
4819,qw_2920::r402::c23
4820,qw_2920::r402::c24
4821,qw_2920::r402::c25
4822,qw_2920::r402::c26
4823,qw_2920::r402::c27
4824,qw_2920::r402::c28
4825,qw_2920::r402::c29
4826,qw_2920::r402::c3
4827,qw_2920::r402::c30
4828,qw_2920::r402::c31
4829,qw_2920::r402::c32
4830,qw_2920::r402::c33
4831,qw_2920::r402::c34
4832,qw_2920::r402::c35
4833,qw_2920::r402::c36
4834,qw_2920::r402::c37
4835,qw_2920::r402::c38
4836,qw_2920::r402::c39
4837,qw_2920::r402::c4
4838,qw_2920::r402::c40
4839,qw_2920::r402::c5
4840,qw_2920::r402::c6
4841,qw_2920::r402::c7
4842,qw_2920::r402::c8
4843,qw_2920::r402::c9
4844,qw_299::r389::c0
4845,qw_299::r389::c1
4846,qw_299::r389::c2
4847,qw_299::r389::c3
4848,qw_299::r389::c4
4849,qw_299::r389::c5
4850,qw_299::r389::c6
4851,qw_3195::r194::c0
4852,qw_3195::r194::c1
4853,qw_3195::r194::c2
4854,qw_3195::r194::c3
4855,qw_3195::r194::c4
4856,qw_3195::r194::c5
4857,qw_351::r445::c0
4858,qw_351::r445::c1
4859,qw_351::r445::c2
4860,qw_351::r445::c3
4861,qw_351::r445::c4
4862,qw_351::r445::c5
4863,qw_3904::r365::c0
4864,qw_3904::r365::c1
4865,qw_3904::r365::c10
4866,qw_3904::r365::c11
4867,qw_3904::r365::c12
4868,qw_3904::r365::c13
4869,qw_3904::r365::c14
4870,qw_3904::r365::c15
4871,qw_3904::r365::c16
4872,qw_3904::r365::c17
4873,qw_3904::r365::c18
4874,qw_3904::r365::c19
4875,qw_3904::r365::c2
4876,qw_3904::r365::c3
4877,qw_3904::r365::c4
4878,qw_3904::r365::c5
4879,qw_3904::r365::c6
4880,qw_3904::r365::c7
4881,qw_3904::r365::c8
4882,qw_3904::r365::c9
4883,qw_4463::r114::c0
4884,qw_4463::r114::c1
4885,qw_4463::r114::c2
4886,qw_4463::r114::c3
4887,qw_4463::r114::c4
4888,qw_4878::r376::c0
4889,qw_4878::r376::c1
4890,qw_4878::r376::c10
4891,qw_4878::r376::c11
4892,qw_4878::r376::c12
4893,qw_4878::r376::c13
4894,qw_4878::r376::c14
4895,qw_4878::r376::c15
4896,qw_4878::r376::c16
4897,qw_4878::r376::c17
4898,qw_4878::r376::c18
4899,qw_4878::r376::c19
4900,qw_4878::r376::c2
4901,qw_4878::r376::c20
4902,qw_4878::r376::c21
4903,qw_4878::r376::c22
4904,qw_4878::r376::c23
4905,qw_4878::r376::c24
4906,qw_4878::r376::c25
4907,qw_4878::r376::c26
4908,qw_4878::r376::c27
4909,qw_4878::r376::c28
4910,qw_4878::r376::c29
4911,qw_4878::r376::c3
4912,qw_4878::r376::c30
4913,qw_4878::r376::c31
4914,qw_4878::r376::c32
4915,qw_4878::r376::c33
4916,qw_4878::r376::c34
4917,qw_4878::r376::c35
4918,qw_4878::r376::c36
4919,qw_4878::r376::c4
4920,qw_4878::r376::c5
4921,qw_4878::r376::c6
4922,qw_4878::r376::c7
4923,qw_4878::r376::c8
4924,qw_4878::r376::c9
4925,qw_4953::r348::c0
4926,qw_4953::r348::c1
4927,qw_4953::r348::c10
4928,qw_4953::r348::c11
4929,qw_4953::r348::c12
4930,qw_4953::r348::c13
4931,qw_4953::r348::c14
4932,qw_4953::r348::c15
4933,qw_4953::r348::c16
4934,qw_4953::r348::c17
4935,qw_4953::r348::c2
4936,qw_4953::r348::c3
4937,qw_4953::r348::c4
4938,qw_4953::r348::c5
4939,qw_4953::r348::c6
4940,qw_4953::r348::c7
4941,qw_4953::r348::c8
4942,qw_4953::r348::c9
4943,qw_555::r182::c0
4944,qw_555::r182::c1
4945,qw_555::r182::c2
4946,qw_555::r182::c3
4947,qw_555::r182::c4
4948,qw_6209::r320::c17
4949,qw_6209::r320::c18
4950,qw_6209::r320::c19
4951,qw_6209::r320::c20
4952,qw_6209::r320::c21
4953,qw_6209::r320::c22
4954,qw_6209::r320::c23
4955,qw_6209::r320::c24
4956,qw_6209::r320::c25
4957,qw_6209::r320::c26
4958,qw_6209::r320::c27
4959,qw_6209::r320::c28
4960,qw_6209::r320::c29
4961,qw_6209::r320::c30
4962,qw_6209::r320::c31
4963,qw_6219::r311::c0
4964,qw_6219::r311::c1
4965,qw_6219::r311::c2
4966,qw_6281::r181::c0
4967,qw_6281::r181::c1
4968,qw_6281::r181::c10
4969,qw_6281::r181::c11
4970,qw_6281::r181::c12
4971,qw_6281::r181::c13
4972,qw_6281::r181::c14
4973,qw_6281::r181::c15
4974,qw_6281::r181::c16
4975,qw_6281::r181::c17
4976,qw_6281::r181::c18
4977,qw_6281::r181::c19
4978,qw_6281::r181::c2
4979,qw_6281::r181::c3
4980,qw_6281::r181::c4
4981,qw_6281::r181::c5
4982,qw_6281::r181::c6
4983,qw_6281::r181::c7
4984,qw_6281::r181::c8
4985,qw_6281::r181::c9
4986,qw_6435::r104::c0
4987,qw_6435::r104::c1
4988,qw_6435::r104::c10
4989,qw_6435::r104::c11
4990,qw_6435::r104::c12
4991,qw_6435::r104::c13
4992,qw_6435::r104::c2
4993,qw_6435::r104::c3
4994,qw_6435::r104::c4
4995,qw_6435::r104::c5
4996,qw_6435::r104::c6
4997,qw_6435::r104::c7
4998,qw_6435::r104::c8
4999,qw_6435::r104::c9
5000,qw_6477::r244::c0
5001,qw_6477::r244::c1
5002,qw_6477::r244::c10
5003,qw_6477::r244::c100
5004,qw_6477::r244::c101
5005,qw_6477::r244::c102
5006,qw_6477::r244::c103
5007,qw_6477::r244::c104
5008,qw_6477::r244::c105
5009,qw_6477::r244::c106
5010,qw_6477::r244::c107
5011,qw_6477::r244::c108
5012,qw_6477::r244::c109
5013,qw_6477::r244::c11
5014,qw_6477::r244::c110
5015,qw_6477::r244::c111
5016,qw_6477::r244::c112
5017,qw_6477::r244::c113
5018,qw_6477::r244::c114
5019,qw_6477::r244::c115
5020,qw_6477::r244::c116
5021,qw_6477::r244::c117
5022,qw_6477::r244::c118
5023,qw_6477::r244::c119
5024,qw_6477::r244::c12
5025,qw_6477::r244::c120
5026,qw_6477::r244::c121
5027,qw_6477::r244::c122
5028,qw_6477::r244::c123
5029,qw_6477::r244::c124
5030,qw_6477::r244::c125
5031,qw_6477::r244::c13
5032,qw_6477::r244::c14
5033,qw_6477::r244::c15
5034,qw_6477::r244::c16
5035,qw_6477::r244::c17
5036,qw_6477::r244::c18
5037,qw_6477::r244::c19
5038,qw_6477::r244::c2
5039,qw_6477::r244::c20
5040,qw_6477::r244::c21
5041,qw_6477::r244::c22
5042,qw_6477::r244::c23
5043,qw_6477::r244::c24
5044,qw_6477::r244::c25
5045,qw_6477::r244::c26
5046,qw_6477::r244::c27
5047,qw_6477::r244::c28
5048,qw_6477::r244::c29
5049,qw_6477::r244::c3
5050,qw_6477::r244::c30
5051,qw_6477::r244::c31
5052,qw_6477::r244::c32
5053,qw_6477::r244::c33
5054,qw_6477::r244::c34
5055,qw_6477::r244::c35
5056,qw_6477::r244::c36
5057,qw_6477::r244::c37
5058,qw_6477::r244::c38
5059,qw_6477::r244::c39
5060,qw_6477::r244::c4
5061,qw_6477::r244::c40
5062,qw_6477::r244::c41
5063,qw_6477::r244::c42
5064,qw_6477::r244::c43
5065,qw_6477::r244::c44
5066,qw_6477::r244::c45
5067,qw_6477::r244::c46
5068,qw_6477::r244::c47
5069,qw_6477::r244::c48
5070,qw_6477::r244::c49
5071,qw_6477::r244::c5
5072,qw_6477::r244::c50
5073,qw_6477::r244::c51
5074,qw_6477::r244::c52
5075,qw_6477::r244::c53
5076,qw_6477::r244::c54
5077,qw_6477::r244::c55
5078,qw_6477::r244::c56
5079,qw_6477::r244::c57
5080,qw_6477::r244::c58
5081,qw_6477::r244::c59
5082,qw_6477::r244::c6
5083,qw_6477::r244::c60
5084,qw_6477::r244::c61
5085,qw_6477::r244::c62
5086,qw_6477::r244::c63
5087,qw_6477::r244::c64
5088,qw_6477::r244::c65
5089,qw_6477::r244::c66
5090,qw_6477::r244::c67
5091,qw_6477::r244::c68
5092,qw_6477::r244::c69
5093,qw_6477::r244::c7
5094,qw_6477::r244::c70
5095,qw_6477::r244::c71
5096,qw_6477::r244::c72
5097,qw_6477::r244::c73
5098,qw_6477::r244::c74
5099,qw_6477::r244::c75
5100,qw_6477::r244::c76
5101,qw_6477::r244::c77
5102,qw_6477::r244::c78
5103,qw_6477::r244::c79
5104,qw_6477::r244::c8
5105,qw_6477::r244::c80
5106,qw_6477::r244::c81
5107,qw_6477::r244::c82
5108,qw_6477::r244::c83
5109,qw_6477::r244::c84
5110,qw_6477::r244::c85
5111,qw_6477::r244::c86
5112,qw_6477::r244::c87
5113,qw_6477::r244::c88
5114,qw_6477::r244::c89
5115,qw_6477::r244::c9
5116,qw_6477::r244::c90
5117,qw_6477::r244::c91
5118,qw_6477::r244::c92
5119,qw_6477::r244::c93
5120,qw_6477::r244::c94
5121,qw_6477::r244::c95
5122,qw_6477::r244::c96
5123,qw_6477::r244::c97
5124,qw_6477::r244::c98
5125,qw_6477::r244::c99
5126,qw_6572::r20::c0
5127,qw_6572::r20::c1
5128,qw_6572::r20::c10
5129,qw_6572::r20::c2
5130,qw_6572::r20::c3
5131,qw_6572::r20::c4
5132,qw_6572::r20::c5
5133,qw_6572::r20::c6
5134,qw_6572::r20::c7
5135,qw_6572::r20::c8
5136,qw_6572::r20::c9
5137,qw_6622::r351::c0
5138,qw_6622::r351::c1
5139,qw_6622::r351::c10
5140,qw_6622::r351::c11
5141,qw_6622::r351::c12
5142,qw_6622::r351::c13
5143,qw_6622::r351::c14
5144,qw_6622::r351::c15
5145,qw_6622::r351::c16
5146,qw_6622::r351::c17
5147,qw_6622::r351::c18
5148,qw_6622::r351::c19
5149,qw_6622::r351::c2
5150,qw_6622::r351::c20
5151,qw_6622::r351::c21
5152,qw_6622::r351::c22
5153,qw_6622::r351::c23
5154,qw_6622::r351::c3
5155,qw_6622::r351::c4
5156,qw_6622::r351::c5
5157,qw_6622::r351::c6
5158,qw_6622::r351::c7
5159,qw_6622::r351::c8
5160,qw_6622::r351::c9
5161,qw_66::r310::c0
5162,qw_66::r310::c1
5163,qw_66::r310::c10
5164,qw_66::r310::c11
5165,qw_66::r310::c12
5166,qw_66::r310::c13
5167,qw_66::r310::c14
5168,qw_66::r310::c15
5169,qw_66::r310::c16
5170,qw_66::r310::c17
5171,qw_66::r310::c18
5172,qw_66::r310::c19
5173,qw_66::r310::c2
5174,qw_66::r310::c20
5175,qw_66::r310::c21
5176,qw_66::r310::c22
5177,qw_66::r310::c23
5178,qw_66::r310::c24
5179,qw_66::r310::c25
5180,qw_66::r310::c26
5181,qw_66::r310::c27
5182,qw_66::r310::c28
5183,qw_66::r310::c3
5184,qw_66::r310::c4
5185,qw_66::r310::c5
5186,qw_66::r310::c6
5187,qw_66::r310::c7
5188,qw_66::r310::c8
5189,qw_66::r310::c9
5190,qw_6834::r93::c0
5191,qw_6834::r93::c1
5192,qw_6834::r93::c10
5193,qw_6834::r93::c11
5194,qw_6834::r93::c12
5195,qw_6834::r93::c13
5196,qw_6834::r93::c14
5197,qw_6834::r93::c15
5198,qw_6834::r93::c16
5199,qw_6834::r93::c17
5200,qw_6834::r93::c18
5201,qw_6834::r93::c19
5202,qw_6834::r93::c2
5203,qw_6834::r93::c20
5204,qw_6834::r93::c21
5205,qw_6834::r93::c22
5206,qw_6834::r93::c23
5207,qw_6834::r93::c24
5208,qw_6834::r93::c25
5209,qw_6834::r93::c26
5210,qw_6834::r93::c27
5211,qw_6834::r93::c28
5212,qw_6834::r93::c29
5213,qw_6834::r93::c3
5214,qw_6834::r93::c30
5215,qw_6834::r93::c31
5216,qw_6834::r93::c32
5217,qw_6834::r93::c33
5218,qw_6834::r93::c34
5219,qw_6834::r93::c35
5220,qw_6834::r93::c36
5221,qw_6834::r93::c37
5222,qw_6834::r93::c38
5223,qw_6834::r93::c39
5224,qw_6834::r93::c4
5225,qw_6834::r93::c40
5226,qw_6834::r93::c41
5227,qw_6834::r93::c42
5228,qw_6834::r93::c43
5229,qw_6834::r93::c44
5230,qw_6834::r93::c45
5231,qw_6834::r93::c46
5232,qw_6834::r93::c47
5233,qw_6834::r93::c48
5234,qw_6834::r93::c49
5235,qw_6834::r93::c5
5236,qw_6834::r93::c50
5237,qw_6834::r93::c51
5238,qw_6834::r93::c52
5239,qw_6834::r93::c53
5240,qw_6834::r93::c54
5241,qw_6834::r93::c55
5242,qw_6834::r93::c56
5243,qw_6834::r93::c57
5244,qw_6834::r93::c58
5245,qw_6834::r93::c59
5246,qw_6834::r93::c6
5247,qw_6834::r93::c60
5248,qw_6834::r93::c61
5249,qw_6834::r93::c62
5250,qw_6834::r93::c63
5251,qw_6834::r93::c64
5252,qw_6834::r93::c7
5253,qw_6834::r93::c8
5254,qw_6834::r93::c9
5255,qw_7014::r154::c0
5256,qw_7014::r154::c1
5257,qw_7014::r154::c10
5258,qw_7014::r154::c11
5259,qw_7014::r154::c12
5260,qw_7014::r154::c13
5261,qw_7014::r154::c14
5262,qw_7014::r154::c15
5263,qw_7014::r154::c16
5264,qw_7014::r154::c17
5265,qw_7014::r154::c18
5266,qw_7014::r154::c19
5267,qw_7014::r154::c2
5268,qw_7014::r154::c20
5269,qw_7014::r154::c21
5270,qw_7014::r154::c22
5271,qw_7014::r154::c23
5272,qw_7014::r154::c24
5273,qw_7014::r154::c25
5274,qw_7014::r154::c26
5275,qw_7014::r154::c27
5276,qw_7014::r154::c28
5277,qw_7014::r154::c29
5278,qw_7014::r154::c3
5279,qw_7014::r154::c30
5280,qw_7014::r154::c31
5281,qw_7014::r154::c32
5282,qw_7014::r154::c33
5283,qw_7014::r154::c34
5284,qw_7014::r154::c35
5285,qw_7014::r154::c36
5286,qw_7014::r154::c37
5287,qw_7014::r154::c38
5288,qw_7014::r154::c4
5289,qw_7014::r154::c5
5290,qw_7014::r154::c6
5291,qw_7014::r154::c7
5292,qw_7014::r154::c8
5293,qw_7014::r154::c9
5294,qw_7195::r129::c0
5295,qw_7195::r129::c1
5296,qw_7195::r129::c10
5297,qw_7195::r129::c11
5298,qw_7195::r129::c12
5299,qw_7195::r129::c13
5300,qw_7195::r129::c14
5301,qw_7195::r129::c15
5302,qw_7195::r129::c16
5303,qw_7195::r129::c17
5304,qw_7195::r129::c18
5305,qw_7195::r129::c19
5306,qw_7195::r129::c2
5307,qw_7195::r129::c20
5308,qw_7195::r129::c21
5309,qw_7195::r129::c22
5310,qw_7195::r129::c23
5311,qw_7195::r129::c24
5312,qw_7195::r129::c25
5313,qw_7195::r129::c26
5314,qw_7195::r129::c27
5315,qw_7195::r129::c28
5316,qw_7195::r129::c29
5317,qw_7195::r129::c3
5318,qw_7195::r129::c30
5319,qw_7195::r129::c31
5320,qw_7195::r129::c32
5321,qw_7195::r129::c33
5322,qw_7195::r129::c34
5323,qw_7195::r129::c35
5324,qw_7195::r129::c36
5325,qw_7195::r129::c37
5326,qw_7195::r129::c38
5327,qw_7195::r129::c39
5328,qw_7195::r129::c4
5329,qw_7195::r129::c40
5330,qw_7195::r129::c41
5331,qw_7195::r129::c42
5332,qw_7195::r129::c43
5333,qw_7195::r129::c44
5334,qw_7195::r129::c45
5335,qw_7195::r129::c46
5336,qw_7195::r129::c47
5337,qw_7195::r129::c48
5338,qw_7195::r129::c49
5339,qw_7195::r129::c5
5340,qw_7195::r129::c50
5341,qw_7195::r129::c51
5342,qw_7195::r129::c52
5343,qw_7195::r129::c53
5344,qw_7195::r129::c54
5345,qw_7195::r129::c55
5346,qw_7195::r129::c56
5347,qw_7195::r129::c57
5348,qw_7195::r129::c58
5349,qw_7195::r129::c6
5350,qw_7195::r129::c7
5351,qw_7195::r129::c8
5352,qw_7195::r129::c9
5353,qw_722::r307::c0
5354,qw_722::r307::c1
5355,qw_722::r307::c10
5356,qw_722::r307::c11
5357,qw_722::r307::c12
5358,qw_722::r307::c13
5359,qw_722::r307::c14
5360,qw_722::r307::c15
5361,qw_722::r307::c2
5362,qw_722::r307::c3
5363,qw_722::r307::c4
5364,qw_722::r307::c5
5365,qw_722::r307::c6
5366,qw_722::r307::c7
5367,qw_722::r307::c8
5368,qw_722::r307::c9
5369,qw_7793::r273::c0
5370,qw_7793::r273::c1
5371,qw_7793::r273::c2
5372,qw_7793::r273::c3
5373,qw_7793::r273::c4
5374,qw_7793::r273::c5
5375,qw_7793::r273::c6
5376,qw_7793::r273::c7
5377,qw_7793::r273::c8
5378,qw_8009::r168::c0
5379,qw_8009::r168::c1
5380,qw_8009::r168::c10
5381,qw_8009::r168::c11
5382,qw_8009::r168::c12
5383,qw_8009::r168::c13
5384,qw_8009::r168::c14
5385,qw_8009::r168::c15
5386,qw_8009::r168::c16
5387,qw_8009::r168::c17
5388,qw_8009::r168::c18
5389,qw_8009::r168::c19
5390,qw_8009::r168::c2
5391,qw_8009::r168::c20
5392,qw_8009::r168::c3
5393,qw_8009::r168::c4
5394,qw_8009::r168::c5
5395,qw_8009::r168::c6
5396,qw_8009::r168::c7
5397,qw_8009::r168::c8
5398,qw_8009::r168::c9
5399,qw_8039::r63::c0
5400,qw_8039::r63::c1
5401,qw_8418::r100::c0
5402,qw_8418::r100::c1
5403,qw_8418::r100::c10
5404,qw_8418::r100::c11
5405,qw_8418::r100::c12
5406,qw_8418::r100::c13
5407,qw_8418::r100::c14
5408,qw_8418::r100::c15
5409,qw_8418::r100::c16
5410,qw_8418::r100::c17
5411,qw_8418::r100::c18
5412,qw_8418::r100::c19
5413,qw_8418::r100::c2
5414,qw_8418::r100::c3
5415,qw_8418::r100::c4
5416,qw_8418::r100::c5
5417,qw_8418::r100::c6
5418,qw_8418::r100::c7
5419,qw_8418::r100::c8
5420,qw_8418::r100::c9
5421,qw_8435::r431::c0
5422,qw_8435::r431::c1
5423,qw_8435::r431::c10
5424,qw_8435::r431::c11
5425,qw_8435::r431::c12
5426,qw_8435::r431::c13
5427,qw_8435::r431::c14
5428,qw_8435::r431::c15
5429,qw_8435::r431::c16
5430,qw_8435::r431::c2
5431,qw_8435::r431::c3
5432,qw_8435::r431::c4
5433,qw_8435::r431::c5
5434,qw_8435::r431::c6
5435,qw_8435::r431::c7
5436,qw_8435::r431::c8
5437,qw_8435::r431::c9
5438,qw_859::r413::c0
5439,qw_859::r413::c1
5440,qw_859::r413::c10
5441,qw_859::r413::c11
5442,qw_859::r413::c12
5443,qw_859::r413::c13
5444,qw_859::r413::c14
5445,qw_859::r413::c15
5446,qw_859::r413::c16
5447,qw_859::r413::c17
5448,qw_859::r413::c18
5449,qw_859::r413::c19
5450,qw_859::r413::c2
5451,qw_859::r413::c20
5452,qw_859::r413::c21
5453,qw_859::r413::c22
5454,qw_859::r413::c23
5455,qw_859::r413::c24
5456,qw_859::r413::c25
5457,qw_859::r413::c26
5458,qw_859::r413::c27
5459,qw_859::r413::c28
5460,qw_859::r413::c29
5461,qw_859::r413::c3
5462,qw_859::r413::c30
5463,qw_859::r413::c31
5464,qw_859::r413::c32
5465,qw_859::r413::c33
5466,qw_859::r413::c4
5467,qw_859::r413::c5
5468,qw_859::r413::c6
5469,qw_859::r413::c7
5470,qw_859::r413::c8
5471,qw_859::r413::c9
5472,qw_8638::r19::c0
5473,qw_8638::r19::c1
5474,qw_8638::r19::c10
5475,qw_8638::r19::c11
5476,qw_8638::r19::c12
5477,qw_8638::r19::c13
5478,qw_8638::r19::c14
5479,qw_8638::r19::c15
5480,qw_8638::r19::c16
5481,qw_8638::r19::c17
5482,qw_8638::r19::c18
5483,qw_8638::r19::c19
5484,qw_8638::r19::c2
5485,qw_8638::r19::c3
5486,qw_8638::r19::c4
5487,qw_8638::r19::c5
5488,qw_8638::r19::c6
5489,qw_8638::r19::c7
5490,qw_8638::r19::c8
5491,qw_8638::r19::c9
5492,qw_9282::r381::c0
5493,qw_9282::r381::c1
5494,qw_9282::r381::c2
5495,qw_9282::r381::c3
5496,qz_1453::r31::c0
5497,qz_1453::r31::c1
5498,qz_1918::r207::c0
5499,qz_1918::r207::c1
5500,qz_1918::r207::c10
5501,qz_1918::r207::c11
5502,qz_1918::r207::c12
5503,qz_1918::r207::c13
5504,qz_1918::r207::c14
5505,qz_1918::r207::c15
5506,qz_1918::r207::c16
5507,qz_1918::r207::c17
5508,qz_1918::r207::c18
5509,qz_1918::r207::c19
5510,qz_1918::r207::c2
5511,qz_1918::r207::c20
5512,qz_1918::r207::c21
5513,qz_1918::r207::c22
5514,qz_1918::r207::c3
5515,qz_1918::r207::c4
5516,qz_1918::r207::c5
5517,qz_1918::r207::c6
5518,qz_1918::r207::c7
5519,qz_1918::r207::c8
5520,qz_1918::r207::c9
5521,qz_2217::r277::c0
5522,qz_2217::r277::c1
5523,qz_2784::r280::c0
5524,qz_2784::r280::c1
5525,qz_2784::r280::c10
5526,qz_2784::r280::c11
5527,qz_2784::r280::c12
5528,qz_2784::r280::c13
5529,qz_2784::r280::c14
5530,qz_2784::r280::c15
5531,qz_2784::r280::c16
5532,qz_2784::r280::c17
5533,qz_2784::r280::c18
5534,qz_2784::r280::c19
5535,qz_2784::r280::c2
5536,qz_2784::r280::c20
5537,qz_2784::r280::c21
5538,qz_2784::r280::c3
5539,qz_2784::r280::c4
5540,qz_2784::r280::c5
5541,qz_2784::r280::c6
5542,qz_2784::r280::c7
5543,qz_2784::r280::c8
5544,qz_2784::r280::c9
5545,qz_3040::r409::c15
5546,qz_3040::r409::c16
5547,qz_3040::r409::c17
5548,qz_3040::r409::c18
5549,qz_3040::r409::c19
5550,qz_3040::r409::c20
5551,qz_3040::r409::c21
5552,qz_3040::r409::c22
5553,qz_3040::r409::c23
5554,qz_3040::r409::c24
5555,qz_3040::r409::c25
5556,qz_3040::r409::c26
5557,qz_3040::r409::c27
5558,qz_3040::r409::c28
5559,qz_3040::r409::c29
5560,qz_3040::r409::c30
5561,qz_3040::r409::c31
5562,qz_3040::r409::c32
5563,qz_3040::r409::c33
5564,qz_3040::r409::c34
5565,qz_3040::r409::c35
5566,qz_3152::r130::c0
5567,qz_3152::r130::c1
5568,qz_3152::r130::c10
5569,qz_3152::r130::c11
5570,qz_3152::r130::c12
5571,qz_3152::r130::c13
5572,qz_3152::r130::c14
5573,qz_3152::r130::c15
5574,qz_3152::r130::c16
5575,qz_3152::r130::c17
5576,qz_3152::r130::c18
5577,qz_3152::r130::c19
5578,qz_3152::r130::c2
5579,qz_3152::r130::c20
5580,qz_3152::r130::c21
5581,qz_3152::r130::c22
5582,qz_3152::r130::c3
5583,qz_3152::r130::c4
5584,qz_3152::r130::c5
5585,qz_3152::r130::c6
5586,qz_3152::r130::c7
5587,qz_3152::r130::c8
5588,qz_3152::r130::c9
5589,qz_4575::r95::c0
5590,qz_4575::r95::c1
5591,qz_4575::r95::c2
5592,qz_4575::r95::c3
5593,qz_5796::r322::c0
5594,qz_5796::r322::c1
5595,qz_5796::r322::c2
5596,qz_5796::r322::c3
5597,qz_5796::r322::c4
5598,qz_6079::r34::c0
5599,qz_6079::r34::c1
5600,qz_6079::r34::c2
5601,qz_6079::r34::c3
5602,qz_6079::r34::c4
5603,qz_6079::r34::c5
5604,qz_6079::r34::c6
5605,qz_6079::r34::c7
5606,qz_644::r251::c0
5607,qz_644::r251::c1
5608,qz_644::r251::c10
5609,qz_644::r251::c11
5610,qz_644::r251::c12
5611,qz_644::r251::c13
5612,qz_644::r251::c14
5613,qz_644::r251::c15
5614,qz_644::r251::c16
5615,qz_644::r251::c17
5616,qz_644::r251::c18
5617,qz_644::r251::c19
5618,qz_644::r251::c2
5619,qz_644::r251::c20
5620,qz_644::r251::c21
5621,qz_644::r251::c22
5622,qz_644::r251::c23
5623,qz_644::r251::c24
5624,qz_644::r251::c25
5625,qz_644::r251::c26
5626,qz_644::r251::c3
5627,qz_644::r251::c4
5628,qz_644::r251::c5
5629,qz_644::r251::c6
5630,qz_644::r251::c7
5631,qz_644::r251::c8
5632,qz_644::r251::c9
5633,qz_726::r257::c0
5634,qz_726::r257::c1
5635,qz_726::r257::c2
5636,qz_726::r257::c3
5637,qz_860::r158::c0
5638,qz_860::r158::c1
5639,qz_860::r158::c10
5640,qz_860::r158::c11
5641,qz_860::r158::c12
5642,qz_860::r158::c13
5643,qz_860::r158::c14
5644,qz_860::r158::c2
5645,qz_860::r158::c3
5646,qz_860::r158::c4
5647,qz_860::r158::c5
5648,qz_860::r158::c6
5649,qz_860::r158::c7
5650,qz_860::r158::c8
5651,qz_860::r158::c9
5652,sfq_10109::r230::c0
5653,sfq_10109::r230::c1
5654,sfq_10109::r230::c2
5655,sfq_10109::r230::c3
5656,sfq_10109::r230::c4
5657,sfq_10109::r230::c5
5658,sfq_10109::r230::c6
5659,sfq_10996::r421::c0
5660,sfq_10996::r421::c1
5661,sfq_10996::r421::c10
5662,sfq_10996::r421::c11
5663,sfq_10996::r421::c12
5664,sfq_10996::r421::c13
5665,sfq_10996::r421::c14
5666,sfq_10996::r421::c15
5667,sfq_10996::r421::c16
5668,sfq_10996::r421::c17
5669,sfq_10996::r421::c18
5670,sfq_10996::r421::c19
5671,sfq_10996::r421::c2
5672,sfq_10996::r421::c20
5673,sfq_10996::r421::c21
5674,sfq_10996::r421::c22
5675,sfq_10996::r421::c23
5676,sfq_10996::r421::c24
5677,sfq_10996::r421::c25
5678,sfq_10996::r421::c26
5679,sfq_10996::r421::c27
5680,sfq_10996::r421::c28
5681,sfq_10996::r421::c29
5682,sfq_10996::r421::c3
5683,sfq_10996::r421::c30
5684,sfq_10996::r421::c31
5685,sfq_10996::r421::c32
5686,sfq_10996::r421::c33
5687,sfq_10996::r421::c34
5688,sfq_10996::r421::c35
5689,sfq_10996::r421::c36
5690,sfq_10996::r421::c37
5691,sfq_10996::r421::c38
5692,sfq_10996::r421::c39
5693,sfq_10996::r421::c4
5694,sfq_10996::r421::c40
5695,sfq_10996::r421::c41
5696,sfq_10996::r421::c42
5697,sfq_10996::r421::c43
5698,sfq_10996::r421::c44
5699,sfq_10996::r421::c45
5700,sfq_10996::r421::c46
5701,sfq_10996::r421::c47
5702,sfq_10996::r421::c48
5703,sfq_10996::r421::c49
5704,sfq_10996::r421::c5
5705,sfq_10996::r421::c50
5706,sfq_10996::r421::c51
5707,sfq_10996::r421::c52
5708,sfq_10996::r421::c53
5709,sfq_10996::r421::c54
5710,sfq_10996::r421::c55
5711,sfq_10996::r421::c6
5712,sfq_10996::r421::c7
5713,sfq_10996::r421::c8
5714,sfq_10996::r421::c9
5715,sfq_11239::r173::c0
5716,sfq_11239::r173::c1
5717,sfq_11239::r173::c2
5718,sfq_11239::r173::c3
5719,sfq_11239::r173::c4
5720,sfq_11239::r173::c5
5721,sfq_11239::r173::c6
5722,sfq_11239::r173::c7
5723,sfq_11360::r345::c0
5724,sfq_11360::r345::c1
5725,sfq_11478::r439::c0
5726,sfq_11478::r439::c1
5727,sfq_11478::r439::c10
5728,sfq_11478::r439::c11
5729,sfq_11478::r439::c12
5730,sfq_11478::r439::c13
5731,sfq_11478::r439::c14
5732,sfq_11478::r439::c15
5733,sfq_11478::r439::c16
5734,sfq_11478::r439::c17
5735,sfq_11478::r439::c18
5736,sfq_11478::r439::c19
5737,sfq_11478::r439::c2
5738,sfq_11478::r439::c20
5739,sfq_11478::r439::c21
5740,sfq_11478::r439::c22
5741,sfq_11478::r439::c23
5742,sfq_11478::r439::c24
5743,sfq_11478::r439::c25
5744,sfq_11478::r439::c26
5745,sfq_11478::r439::c27
5746,sfq_11478::r439::c28
5747,sfq_11478::r439::c29
5748,sfq_11478::r439::c3
5749,sfq_11478::r439::c30
5750,sfq_11478::r439::c31
5751,sfq_11478::r439::c32
5752,sfq_11478::r439::c33
5753,sfq_11478::r439::c34
5754,sfq_11478::r439::c35
5755,sfq_11478::r439::c36
5756,sfq_11478::r439::c37
5757,sfq_11478::r439::c4
5758,sfq_11478::r439::c5
5759,sfq_11478::r439::c6
5760,sfq_11478::r439::c7
5761,sfq_11478::r439::c8
5762,sfq_11478::r439::c9
5763,sfq_11635::r276::c0
5764,sfq_11635::r276::c1
5765,sfq_11635::r276::c10
5766,sfq_11635::r276::c11
5767,sfq_11635::r276::c12
5768,sfq_11635::r276::c13
5769,sfq_11635::r276::c14
5770,sfq_11635::r276::c15
5771,sfq_11635::r276::c2
5772,sfq_11635::r276::c3
5773,sfq_11635::r276::c4
5774,sfq_11635::r276::c5
5775,sfq_11635::r276::c6
5776,sfq_11635::r276::c7
5777,sfq_11635::r276::c8
5778,sfq_11635::r276::c9
5779,sfq_11794::r237::c0
5780,sfq_11794::r237::c1
5781,sfq_11794::r237::c10
5782,sfq_11794::r237::c11
5783,sfq_11794::r237::c2
5784,sfq_11794::r237::c3
5785,sfq_11794::r237::c4
5786,sfq_11794::r237::c5
5787,sfq_11794::r237::c6
5788,sfq_11794::r237::c7
5789,sfq_11794::r237::c8
5790,sfq_11794::r237::c9
5791,sfq_11799::r349::c0
5792,sfq_11799::r349::c1
5793,sfq_12324::r377::c0
5794,sfq_12324::r377::c1
5795,sfq_12324::r377::c10
5796,sfq_12324::r377::c11
5797,sfq_12324::r377::c12
5798,sfq_12324::r377::c13
5799,sfq_12324::r377::c14
5800,sfq_12324::r377::c15
5801,sfq_12324::r377::c16
5802,sfq_12324::r377::c2
5803,sfq_12324::r377::c3
5804,sfq_12324::r377::c4
5805,sfq_12324::r377::c5
5806,sfq_12324::r377::c6
5807,sfq_12324::r377::c7
5808,sfq_12324::r377::c8
5809,sfq_12324::r377::c9
5810,sfq_12871::r170::c0
5811,sfq_1303::r202::c0
5812,sfq_1303::r202::c1
5813,sfq_1303::r202::c10
5814,sfq_1303::r202::c11
5815,sfq_1303::r202::c12
5816,sfq_1303::r202::c13
5817,sfq_1303::r202::c14
5818,sfq_1303::r202::c15
5819,sfq_1303::r202::c16
5820,sfq_1303::r202::c17
5821,sfq_1303::r202::c18
5822,sfq_1303::r202::c19
5823,sfq_1303::r202::c2
5824,sfq_1303::r202::c20
5825,sfq_1303::r202::c21
5826,sfq_1303::r202::c22
5827,sfq_1303::r202::c23
5828,sfq_1303::r202::c24
5829,sfq_1303::r202::c25
5830,sfq_1303::r202::c26
5831,sfq_1303::r202::c3
5832,sfq_1303::r202::c4
5833,sfq_1303::r202::c5
5834,sfq_1303::r202::c6
5835,sfq_1303::r202::c7
5836,sfq_1303::r202::c8
5837,sfq_1303::r202::c9
5838,sfq_13239::r315::c0
5839,sfq_13320::r404::c0
5840,sfq_13799::r354::c0
5841,sfq_13799::r354::c1
5842,sfq_13799::r354::c10
5843,sfq_13799::r354::c11
5844,sfq_13799::r354::c12
5845,sfq_13799::r354::c13
5846,sfq_13799::r354::c14
5847,sfq_13799::r354::c15
5848,sfq_13799::r354::c16
5849,sfq_13799::r354::c17
5850,sfq_13799::r354::c18
5851,sfq_13799::r354::c19
5852,sfq_13799::r354::c2
5853,sfq_13799::r354::c20
5854,sfq_13799::r354::c21
5855,sfq_13799::r354::c22
5856,sfq_13799::r354::c23
5857,sfq_13799::r354::c24
5858,sfq_13799::r354::c25
5859,sfq_13799::r354::c26
5860,sfq_13799::r354::c27
5861,sfq_13799::r354::c28
5862,sfq_13799::r354::c29
5863,sfq_13799::r354::c3
5864,sfq_13799::r354::c30
5865,sfq_13799::r354::c31
5866,sfq_13799::r354::c32
5867,sfq_13799::r354::c33
5868,sfq_13799::r354::c34
5869,sfq_13799::r354::c35
5870,sfq_13799::r354::c36
5871,sfq_13799::r354::c37
5872,sfq_13799::r354::c38
5873,sfq_13799::r354::c39
5874,sfq_13799::r354::c4
5875,sfq_13799::r354::c40
5876,sfq_13799::r354::c41
5877,sfq_13799::r354::c42
5878,sfq_13799::r354::c43
5879,sfq_13799::r354::c44
5880,sfq_13799::r354::c45
5881,sfq_13799::r354::c46
5882,sfq_13799::r354::c47
5883,sfq_13799::r354::c48
5884,sfq_13799::r354::c5
5885,sfq_13799::r354::c6
5886,sfq_13799::r354::c7
5887,sfq_13799::r354::c8
5888,sfq_13799::r354::c9
5889,sfq_13873::r295::c0
5890,sfq_13873::r295::c1
5891,sfq_13873::r295::c2
5892,sfq_13873::r295::c3
5893,sfq_13873::r295::c4
5894,sfq_13873::r295::c5
5895,sfq_13873::r295::c6
5896,sfq_13873::r295::c7
5897,sfq_13873::r295::c8
5898,sfq_13873::r295::c9
5899,sfq_13946::r139::c0
5900,sfq_13946::r139::c1
5901,sfq_13946::r139::c10
5902,sfq_13946::r139::c11
5903,sfq_13946::r139::c12
5904,sfq_13946::r139::c13
5905,sfq_13946::r139::c14
5906,sfq_13946::r139::c15
5907,sfq_13946::r139::c16
5908,sfq_13946::r139::c17
5909,sfq_13946::r139::c2
5910,sfq_13946::r139::c3
5911,sfq_13946::r139::c4
5912,sfq_13946::r139::c5
5913,sfq_13946::r139::c6
5914,sfq_13946::r139::c7
5915,sfq_13946::r139::c8
5916,sfq_13946::r139::c9
5917,sfq_14380::r14::c0
5918,sfq_14380::r14::c1
5919,sfq_14380::r14::c10
5920,sfq_14380::r14::c11
5921,sfq_14380::r14::c12
5922,sfq_14380::r14::c13
5923,sfq_14380::r14::c14
5924,sfq_14380::r14::c15
5925,sfq_14380::r14::c16
5926,sfq_14380::r14::c17
5927,sfq_14380::r14::c18
5928,sfq_14380::r14::c19
5929,sfq_14380::r14::c2
5930,sfq_14380::r14::c20
5931,sfq_14380::r14::c21
5932,sfq_14380::r14::c22
5933,sfq_14380::r14::c23
5934,sfq_14380::r14::c24
5935,sfq_14380::r14::c25
5936,sfq_14380::r14::c3
5937,sfq_14380::r14::c4
5938,sfq_14380::r14::c5
5939,sfq_14380::r14::c6
5940,sfq_14380::r14::c7
5941,sfq_14380::r14::c8
5942,sfq_14380::r14::c9
5943,sfq_14598::r359::c0
5944,sfq_14598::r359::c1
5945,sfq_14598::r359::c10
5946,sfq_14598::r359::c11
5947,sfq_14598::r359::c12
5948,sfq_14598::r359::c13
5949,sfq_14598::r359::c14
5950,sfq_14598::r359::c15
5951,sfq_14598::r359::c16
5952,sfq_14598::r359::c17
5953,sfq_14598::r359::c18
5954,sfq_14598::r359::c19
5955,sfq_14598::r359::c2
5956,sfq_14598::r359::c20
5957,sfq_14598::r359::c21
5958,sfq_14598::r359::c22
5959,sfq_14598::r359::c23
5960,sfq_14598::r359::c24
5961,sfq_14598::r359::c25
5962,sfq_14598::r359::c26
5963,sfq_14598::r359::c27
5964,sfq_14598::r359::c3
5965,sfq_14598::r359::c4
5966,sfq_14598::r359::c5
5967,sfq_14598::r359::c6
5968,sfq_14598::r359::c7
5969,sfq_14598::r359::c8
5970,sfq_14598::r359::c9
5971,sfq_14649::r65::c0
5972,sfq_14649::r65::c1
5973,sfq_14649::r65::c10
5974,sfq_14649::r65::c11
5975,sfq_14649::r65::c12
5976,sfq_14649::r65::c13
5977,sfq_14649::r65::c14
5978,sfq_14649::r65::c15
5979,sfq_14649::r65::c16
5980,sfq_14649::r65::c17
5981,sfq_14649::r65::c18
5982,sfq_14649::r65::c19
5983,sfq_14649::r65::c2
5984,sfq_14649::r65::c20
5985,sfq_14649::r65::c21
5986,sfq_14649::r65::c22
5987,sfq_14649::r65::c23
5988,sfq_14649::r65::c24
5989,sfq_14649::r65::c25
5990,sfq_14649::r65::c26
5991,sfq_14649::r65::c27
5992,sfq_14649::r65::c28
5993,sfq_14649::r65::c29
5994,sfq_14649::r65::c3
5995,sfq_14649::r65::c30
5996,sfq_14649::r65::c31
5997,sfq_14649::r65::c32
5998,sfq_14649::r65::c33
5999,sfq_14649::r65::c34
6000,sfq_14649::r65::c35
6001,sfq_14649::r65::c36
6002,sfq_14649::r65::c37
6003,sfq_14649::r65::c38
6004,sfq_14649::r65::c39
6005,sfq_14649::r65::c4
6006,sfq_14649::r65::c40
6007,sfq_14649::r65::c41
6008,sfq_14649::r65::c42
6009,sfq_14649::r65::c43
6010,sfq_14649::r65::c44
6011,sfq_14649::r65::c45
6012,sfq_14649::r65::c5
6013,sfq_14649::r65::c6
6014,sfq_14649::r65::c7
6015,sfq_14649::r65::c8
6016,sfq_14649::r65::c9
6017,sfq_14677::r419::c0
6018,sfq_14677::r419::c1
6019,sfq_14677::r419::c2
6020,sfq_14677::r419::c3
6021,sfq_14677::r419::c4
6022,sfq_14677::r419::c5
6023,sfq_14677::r419::c6
6024,sfq_15075::r150::c0
6025,sfq_15075::r150::c1
6026,sfq_15075::r150::c10
6027,sfq_15075::r150::c11
6028,sfq_15075::r150::c12
6029,sfq_15075::r150::c13
6030,sfq_15075::r150::c14
6031,sfq_15075::r150::c15
6032,sfq_15075::r150::c16
6033,sfq_15075::r150::c17
6034,sfq_15075::r150::c18
6035,sfq_15075::r150::c19
6036,sfq_15075::r150::c2
6037,sfq_15075::r150::c20
6038,sfq_15075::r150::c21
6039,sfq_15075::r150::c22
6040,sfq_15075::r150::c23
6041,sfq_15075::r150::c24
6042,sfq_15075::r150::c25
6043,sfq_15075::r150::c26
6044,sfq_15075::r150::c27
6045,sfq_15075::r150::c28
6046,sfq_15075::r150::c29
6047,sfq_15075::r150::c3
6048,sfq_15075::r150::c30
6049,sfq_15075::r150::c31
6050,sfq_15075::r150::c32
6051,sfq_15075::r150::c33
6052,sfq_15075::r150::c34
6053,sfq_15075::r150::c35
6054,sfq_15075::r150::c36
6055,sfq_15075::r150::c37
6056,sfq_15075::r150::c38
6057,sfq_15075::r150::c39
6058,sfq_15075::r150::c4
6059,sfq_15075::r150::c40
6060,sfq_15075::r150::c41
6061,sfq_15075::r150::c42
6062,sfq_15075::r150::c5
6063,sfq_15075::r150::c6
6064,sfq_15075::r150::c7
6065,sfq_15075::r150::c8
6066,sfq_15075::r150::c9
6067,sfq_15208::r425::c0
6068,sfq_15208::r425::c1
6069,sfq_15208::r425::c10
6070,sfq_15208::r425::c11
6071,sfq_15208::r425::c12
6072,sfq_15208::r425::c2
6073,sfq_15208::r425::c3
6074,sfq_15208::r425::c4
6075,sfq_15208::r425::c5
6076,sfq_15208::r425::c6
6077,sfq_15208::r425::c7
6078,sfq_15208::r425::c8
6079,sfq_15208::r425::c9
6080,sfq_15663::r133::c0
6081,sfq_15663::r133::c1
6082,sfq_15663::r133::c2
6083,sfq_15663::r133::c3
6084,sfq_15663::r133::c4
6085,sfq_15821::r157::c21
6086,sfq_15821::r157::c22
6087,sfq_15821::r157::c23
6088,sfq_15821::r157::c24
6089,sfq_15821::r157::c25
6090,sfq_15821::r157::c26
6091,sfq_15821::r157::c27
6092,sfq_15821::r157::c28
6093,sfq_15821::r157::c29
6094,sfq_15821::r157::c30
6095,sfq_15821::r157::c31
6096,sfq_15821::r157::c32
6097,sfq_15821::r157::c33
6098,sfq_15821::r157::c34
6099,sfq_15821::r157::c35
6100,sfq_15821::r157::c36
6101,sfq_15821::r157::c37
6102,sfq_15821::r157::c38
6103,sfq_15821::r157::c39
6104,sfq_15821::r157::c40
6105,sfq_15821::r157::c41
6106,sfq_15821::r157::c42
6107,sfq_15821::r157::c43
6108,sfq_15821::r157::c44
6109,sfq_15821::r157::c45
6110,sfq_15821::r157::c46
6111,sfq_15821::r157::c47
6112,sfq_15821::r157::c48
6113,sfq_15821::r157::c49
6114,sfq_15821::r157::c50
6115,sfq_15821::r157::c51
6116,sfq_15821::r157::c52
6117,sfq_15821::r157::c53
6118,sfq_15821::r157::c54
6119,sfq_15821::r157::c55
6120,sfq_15821::r157::c56
6121,sfq_15821::r157::c57
6122,sfq_15821::r157::c58
6123,sfq_15821::r157::c59
6124,sfq_15821::r157::c60
6125,sfq_15821::r157::c61
6126,sfq_15821::r157::c62
6127,sfq_15821::r157::c63
6128,sfq_15821::r157::c64
6129,sfq_15821::r157::c65
6130,sfq_15821::r157::c66
6131,sfq_15821::r157::c67
6132,sfq_15821::r157::c68
6133,sfq_15821::r157::c69
6134,sfq_15821::r157::c70
6135,sfq_15821::r157::c71
6136,sfq_15821::r157::c72
6137,sfq_15821::r157::c73
6138,sfq_15821::r157::c74
6139,sfq_15821::r157::c75
6140,sfq_15821::r157::c76
6141,sfq_15821::r157::c77
6142,sfq_15917::r242::c0
6143,sfq_15917::r242::c1
6144,sfq_15917::r242::c10
6145,sfq_15917::r242::c11
6146,sfq_15917::r242::c12
6147,sfq_15917::r242::c13
6148,sfq_15917::r242::c14
6149,sfq_15917::r242::c15
6150,sfq_15917::r242::c16
6151,sfq_15917::r242::c17
6152,sfq_15917::r242::c18
6153,sfq_15917::r242::c19
6154,sfq_15917::r242::c2
6155,sfq_15917::r242::c20
6156,sfq_15917::r242::c3
6157,sfq_15917::r242::c4
6158,sfq_15917::r242::c5
6159,sfq_15917::r242::c6
6160,sfq_15917::r242::c7
6161,sfq_15917::r242::c8
6162,sfq_15917::r242::c9
6163,sfq_16348::r190::c0
6164,sfq_16348::r190::c1
6165,sfq_16348::r190::c2
6166,sfq_16348::r190::c3
6167,sfq_16348::r190::c4
6168,sfq_16348::r190::c5
6169,sfq_16348::r190::c6
6170,sfq_16348::r190::c7
6171,sfq_16858::r448::c0
6172,sfq_16858::r448::c1
6173,sfq_16858::r448::c10
6174,sfq_16858::r448::c11
6175,sfq_16858::r448::c12
6176,sfq_16858::r448::c13
6177,sfq_16858::r448::c14
6178,sfq_16858::r448::c15
6179,sfq_16858::r448::c16
6180,sfq_16858::r448::c17
6181,sfq_16858::r448::c18
6182,sfq_16858::r448::c2
6183,sfq_16858::r448::c3
6184,sfq_16858::r448::c4
6185,sfq_16858::r448::c5
6186,sfq_16858::r448::c6
6187,sfq_16858::r448::c7
6188,sfq_16858::r448::c8
6189,sfq_16858::r448::c9
6190,sfq_17002::r72::c0
6191,sfq_17002::r72::c1
6192,sfq_17002::r72::c10
6193,sfq_17002::r72::c11
6194,sfq_17002::r72::c12
6195,sfq_17002::r72::c13
6196,sfq_17002::r72::c14
6197,sfq_17002::r72::c15
6198,sfq_17002::r72::c16
6199,sfq_17002::r72::c17
6200,sfq_17002::r72::c18
6201,sfq_17002::r72::c19
6202,sfq_17002::r72::c2
6203,sfq_17002::r72::c20
6204,sfq_17002::r72::c21
6205,sfq_17002::r72::c22
6206,sfq_17002::r72::c23
6207,sfq_17002::r72::c24
6208,sfq_17002::r72::c25
6209,sfq_17002::r72::c26
6210,sfq_17002::r72::c27
6211,sfq_17002::r72::c28
6212,sfq_17002::r72::c29
6213,sfq_17002::r72::c3
6214,sfq_17002::r72::c4
6215,sfq_17002::r72::c5
6216,sfq_17002::r72::c6
6217,sfq_17002::r72::c7
6218,sfq_17002::r72::c8
6219,sfq_17002::r72::c9
6220,sfq_17520::r69::c0
6221,sfq_17520::r69::c1
6222,sfq_17520::r69::c2
6223,sfq_17520::r69::c3
6224,sfq_17520::r69::c4
6225,sfq_17520::r69::c5
6226,sfq_17520::r69::c6
6227,sfq_17520::r69::c7
6228,sfq_17520::r69::c8
6229,sfq_17520::r69::c9
6230,sfq_17657::r81::c0
6231,sfq_17657::r81::c1
6232,sfq_17955::r309::c0
6233,sfq_17955::r309::c1
6234,sfq_17955::r309::c10
6235,sfq_17955::r309::c11
6236,sfq_17955::r309::c12
6237,sfq_17955::r309::c13
6238,sfq_17955::r309::c14
6239,sfq_17955::r309::c15
6240,sfq_17955::r309::c16
6241,sfq_17955::r309::c17
6242,sfq_17955::r309::c18
6243,sfq_17955::r309::c19
6244,sfq_17955::r309::c2
6245,sfq_17955::r309::c20
6246,sfq_17955::r309::c21
6247,sfq_17955::r309::c3
6248,sfq_17955::r309::c4
6249,sfq_17955::r309::c5
6250,sfq_17955::r309::c6
6251,sfq_17955::r309::c7
6252,sfq_17955::r309::c8
6253,sfq_17955::r309::c9
6254,sfq_18111::r249::c0
6255,sfq_18111::r249::c1
6256,sfq_18111::r249::c2
6257,sfq_18275::r343::c0
6258,sfq_18275::r343::c1
6259,sfq_18275::r343::c2
6260,sfq_18275::r343::c3
6261,sfq_18275::r343::c4
6262,sfq_18275::r343::c5
6263,sfq_18275::r343::c6
6264,sfq_18275::r343::c7
6265,sfq_18541::r62::c0
6266,sfq_18541::r62::c1
6267,sfq_18541::r62::c10
6268,sfq_18541::r62::c11
6269,sfq_18541::r62::c12
6270,sfq_18541::r62::c13
6271,sfq_18541::r62::c14
6272,sfq_18541::r62::c15
6273,sfq_18541::r62::c16
6274,sfq_18541::r62::c17
6275,sfq_18541::r62::c18
6276,sfq_18541::r62::c19
6277,sfq_18541::r62::c2
6278,sfq_18541::r62::c20
6279,sfq_18541::r62::c21
6280,sfq_18541::r62::c22
6281,sfq_18541::r62::c23
6282,sfq_18541::r62::c24
6283,sfq_18541::r62::c25
6284,sfq_18541::r62::c26
6285,sfq_18541::r62::c27
6286,sfq_18541::r62::c28
6287,sfq_18541::r62::c29
6288,sfq_18541::r62::c3
6289,sfq_18541::r62::c30
6290,sfq_18541::r62::c31
6291,sfq_18541::r62::c32
6292,sfq_18541::r62::c33
6293,sfq_18541::r62::c34
6294,sfq_18541::r62::c35
6295,sfq_18541::r62::c36
6296,sfq_18541::r62::c37
6297,sfq_18541::r62::c38
6298,sfq_18541::r62::c4
6299,sfq_18541::r62::c5
6300,sfq_18541::r62::c6
6301,sfq_18541::r62::c7
6302,sfq_18541::r62::c8
6303,sfq_18541::r62::c9
6304,sfq_18737::r420::c0
6305,sfq_18737::r420::c1
6306,sfq_18737::r420::c10
6307,sfq_18737::r420::c11
6308,sfq_18737::r420::c12
6309,sfq_18737::r420::c13
6310,sfq_18737::r420::c14
6311,sfq_18737::r420::c15
6312,sfq_18737::r420::c16
6313,sfq_18737::r420::c17
6314,sfq_18737::r420::c18
6315,sfq_18737::r420::c19
6316,sfq_18737::r420::c2
6317,sfq_18737::r420::c20
6318,sfq_18737::r420::c21
6319,sfq_18737::r420::c22
6320,sfq_18737::r420::c23
6321,sfq_18737::r420::c24
6322,sfq_18737::r420::c25
6323,sfq_18737::r420::c26
6324,sfq_18737::r420::c27
6325,sfq_18737::r420::c28
6326,sfq_18737::r420::c29
6327,sfq_18737::r420::c3
6328,sfq_18737::r420::c30
6329,sfq_18737::r420::c31
6330,sfq_18737::r420::c32
6331,sfq_18737::r420::c33
6332,sfq_18737::r420::c34
6333,sfq_18737::r420::c35
6334,sfq_18737::r420::c36
6335,sfq_18737::r420::c4
6336,sfq_18737::r420::c5
6337,sfq_18737::r420::c6
6338,sfq_18737::r420::c7
6339,sfq_18737::r420::c8
6340,sfq_18737::r420::c9
6341,sfq_19304::r76::c0
6342,sfq_19304::r76::c1
6343,sfq_19304::r76::c10
6344,sfq_19304::r76::c11
6345,sfq_19304::r76::c2
6346,sfq_19304::r76::c3
6347,sfq_19304::r76::c4
6348,sfq_19304::r76::c5
6349,sfq_19304::r76::c6
6350,sfq_19304::r76::c7
6351,sfq_19304::r76::c8
6352,sfq_19304::r76::c9
6353,sfq_19566::r357::c0
6354,sfq_19566::r357::c1
6355,sfq_19566::r357::c2
6356,sfq_19566::r357::c3
6357,sfq_19566::r357::c4
6358,sfq_19566::r357::c5
6359,sfq_19566::r357::c6
6360,sfq_19566::r357::c7
6361,sfq_19566::r357::c8
6362,sfq_19566::r357::c9
6363,sfq_2011::r411::c0
6364,sfq_2011::r411::c1
6365,sfq_2011::r411::c2
6366,sfq_2011::r411::c3
6367,sfq_2011::r411::c4
6368,sfq_20243::r112::c0
6369,sfq_20243::r112::c1
6370,sfq_20243::r112::c2
6371,sfq_20243::r112::c3
6372,sfq_20324::r340::c0
6373,sfq_20324::r340::c1
6374,sfq_20324::r340::c10
6375,sfq_20324::r340::c11
6376,sfq_20324::r340::c12
6377,sfq_20324::r340::c13
6378,sfq_20324::r340::c14
6379,sfq_20324::r340::c15
6380,sfq_20324::r340::c16
6381,sfq_20324::r340::c17
6382,sfq_20324::r340::c18
6383,sfq_20324::r340::c19
6384,sfq_20324::r340::c2
6385,sfq_20324::r340::c20
6386,sfq_20324::r340::c21
6387,sfq_20324::r340::c22
6388,sfq_20324::r340::c23
6389,sfq_20324::r340::c24
6390,sfq_20324::r340::c25
6391,sfq_20324::r340::c26
6392,sfq_20324::r340::c27
6393,sfq_20324::r340::c28
6394,sfq_20324::r340::c29
6395,sfq_20324::r340::c3
6396,sfq_20324::r340::c30
6397,sfq_20324::r340::c31
6398,sfq_20324::r340::c32
6399,sfq_20324::r340::c33
6400,sfq_20324::r340::c4
6401,sfq_20324::r340::c5
6402,sfq_20324::r340::c6
6403,sfq_20324::r340::c7
6404,sfq_20324::r340::c8
6405,sfq_20324::r340::c9
6406,sfq_20381::r222::c0
6407,sfq_20381::r222::c1
6408,sfq_20381::r222::c2
6409,sfq_20381::r222::c3
6410,sfq_20381::r222::c4
6411,sfq_20381::r222::c5
6412,sfq_20499::r39::c0
6413,sfq_20499::r39::c1
6414,sfq_20499::r39::c2
6415,sfq_20499::r39::c3
6416,sfq_20499::r39::c4
6417,sfq_20499::r39::c5
6418,sfq_20499::r39::c6
6419,sfq_20499::r39::c7
6420,sfq_20692::r214::c0
6421,sfq_20692::r214::c1
6422,sfq_20692::r214::c2
6423,sfq_20692::r214::c3
6424,sfq_20692::r214::c4
6425,sfq_20692::r214::c5
6426,sfq_20692::r214::c6
6427,sfq_20692::r214::c7
6428,sfq_20692::r214::c8
6429,sfq_20732::r233::c0
6430,sfq_20732::r233::c1
6431,sfq_20732::r233::c2
6432,sfq_20732::r233::c3
6433,sfq_20732::r233::c4
6434,sfq_20732::r233::c5
6435,sfq_20740::r286::c0
6436,sfq_20740::r286::c1
6437,sfq_20740::r286::c10
6438,sfq_20740::r286::c11
6439,sfq_20740::r286::c12
6440,sfq_20740::r286::c13
6441,sfq_20740::r286::c14
6442,sfq_20740::r286::c15
6443,sfq_20740::r286::c16
6444,sfq_20740::r286::c17
6445,sfq_20740::r286::c18
6446,sfq_20740::r286::c19
6447,sfq_20740::r286::c2
6448,sfq_20740::r286::c20
6449,sfq_20740::r286::c21
6450,sfq_20740::r286::c22
6451,sfq_20740::r286::c23
6452,sfq_20740::r286::c24
6453,sfq_20740::r286::c3
6454,sfq_20740::r286::c4
6455,sfq_20740::r286::c5
6456,sfq_20740::r286::c6
6457,sfq_20740::r286::c7
6458,sfq_20740::r286::c8
6459,sfq_20740::r286::c9
6460,sfq_20945::r135::c0
6461,sfq_20945::r135::c1
6462,sfq_20945::r135::c10
6463,sfq_20945::r135::c11
6464,sfq_20945::r135::c12
6465,sfq_20945::r135::c13
6466,sfq_20945::r135::c14
6467,sfq_20945::r135::c2
6468,sfq_20945::r135::c3
6469,sfq_20945::r135::c4
6470,sfq_20945::r135::c5
6471,sfq_20945::r135::c6
6472,sfq_20945::r135::c7
6473,sfq_20945::r135::c8
6474,sfq_20945::r135::c9
6475,sfq_21713::r106::c0
6476,sfq_21713::r106::c1
6477,sfq_21713::r106::c10
6478,sfq_21713::r106::c11
6479,sfq_21713::r106::c12
6480,sfq_21713::r106::c13
6481,sfq_21713::r106::c14
6482,sfq_21713::r106::c15
6483,sfq_21713::r106::c16
6484,sfq_21713::r106::c17
6485,sfq_21713::r106::c18
6486,sfq_21713::r106::c19
6487,sfq_21713::r106::c2
6488,sfq_21713::r106::c20
6489,sfq_21713::r106::c21
6490,sfq_21713::r106::c22
6491,sfq_21713::r106::c23
6492,sfq_21713::r106::c24
6493,sfq_21713::r106::c25
6494,sfq_21713::r106::c26
6495,sfq_21713::r106::c27
6496,sfq_21713::r106::c28
6497,sfq_21713::r106::c3
6498,sfq_21713::r106::c4
6499,sfq_21713::r106::c5
6500,sfq_21713::r106::c6
6501,sfq_21713::r106::c7
6502,sfq_21713::r106::c8
6503,sfq_21713::r106::c9
6504,sfq_22341::r180::c0
6505,sfq_22341::r180::c1
6506,sfq_22341::r180::c10
6507,sfq_22341::r180::c11
6508,sfq_22341::r180::c12
6509,sfq_22341::r180::c13
6510,sfq_22341::r180::c14
6511,sfq_22341::r180::c15
6512,sfq_22341::r180::c16
6513,sfq_22341::r180::c17
6514,sfq_22341::r180::c18
6515,sfq_22341::r180::c19
6516,sfq_22341::r180::c2
6517,sfq_22341::r180::c20
6518,sfq_22341::r180::c21
6519,sfq_22341::r180::c22
6520,sfq_22341::r180::c23
6521,sfq_22341::r180::c24
6522,sfq_22341::r180::c25
6523,sfq_22341::r180::c26
6524,sfq_22341::r180::c27
6525,sfq_22341::r180::c28
6526,sfq_22341::r180::c29
6527,sfq_22341::r180::c3
6528,sfq_22341::r180::c30
6529,sfq_22341::r180::c31
6530,sfq_22341::r180::c32
6531,sfq_22341::r180::c33
6532,sfq_22341::r180::c34
6533,sfq_22341::r180::c35
6534,sfq_22341::r180::c36
6535,sfq_22341::r180::c37
6536,sfq_22341::r180::c38
6537,sfq_22341::r180::c39
6538,sfq_22341::r180::c4
6539,sfq_22341::r180::c40
6540,sfq_22341::r180::c41
6541,sfq_22341::r180::c42
6542,sfq_22341::r180::c43
6543,sfq_22341::r180::c44
6544,sfq_22341::r180::c45
6545,sfq_22341::r180::c46
6546,sfq_22341::r180::c47
6547,sfq_22341::r180::c48
6548,sfq_22341::r180::c49
6549,sfq_22341::r180::c5
6550,sfq_22341::r180::c50
6551,sfq_22341::r180::c51
6552,sfq_22341::r180::c52
6553,sfq_22341::r180::c53
6554,sfq_22341::r180::c54
6555,sfq_22341::r180::c6
6556,sfq_22341::r180::c7
6557,sfq_22341::r180::c8
6558,sfq_22341::r180::c9
6559,sfq_22477::r281::c0
6560,sfq_22477::r281::c1
6561,sfq_22477::r281::c10
6562,sfq_22477::r281::c11
6563,sfq_22477::r281::c12
6564,sfq_22477::r281::c13
6565,sfq_22477::r281::c14
6566,sfq_22477::r281::c15
6567,sfq_22477::r281::c16
6568,sfq_22477::r281::c17
6569,sfq_22477::r281::c18
6570,sfq_22477::r281::c19
6571,sfq_22477::r281::c2
6572,sfq_22477::r281::c20
6573,sfq_22477::r281::c21
6574,sfq_22477::r281::c22
6575,sfq_22477::r281::c23
6576,sfq_22477::r281::c24
6577,sfq_22477::r281::c25
6578,sfq_22477::r281::c26
6579,sfq_22477::r281::c27
6580,sfq_22477::r281::c28
6581,sfq_22477::r281::c29
6582,sfq_22477::r281::c3
6583,sfq_22477::r281::c30
6584,sfq_22477::r281::c31
6585,sfq_22477::r281::c32
6586,sfq_22477::r281::c33
6587,sfq_22477::r281::c34
6588,sfq_22477::r281::c35
6589,sfq_22477::r281::c36
6590,sfq_22477::r281::c37
6591,sfq_22477::r281::c38
6592,sfq_22477::r281::c39
6593,sfq_22477::r281::c4
6594,sfq_22477::r281::c40
6595,sfq_22477::r281::c41
6596,sfq_22477::r281::c42
6597,sfq_22477::r281::c43
6598,sfq_22477::r281::c44
6599,sfq_22477::r281::c45
6600,sfq_22477::r281::c46
6601,sfq_22477::r281::c47
6602,sfq_22477::r281::c48
6603,sfq_22477::r281::c49
6604,sfq_22477::r281::c5
6605,sfq_22477::r281::c50
6606,sfq_22477::r281::c51
6607,sfq_22477::r281::c52
6608,sfq_22477::r281::c53
6609,sfq_22477::r281::c54
6610,sfq_22477::r281::c55
6611,sfq_22477::r281::c56
6612,sfq_22477::r281::c57
6613,sfq_22477::r281::c58
6614,sfq_22477::r281::c59
6615,sfq_22477::r281::c6
6616,sfq_22477::r281::c60
6617,sfq_22477::r281::c61
6618,sfq_22477::r281::c62
6619,sfq_22477::r281::c7
6620,sfq_22477::r281::c8
6621,sfq_22477::r281::c9
6622,sfq_22823::r369::c0
6623,sfq_22823::r369::c1
6624,sfq_22823::r369::c10
6625,sfq_22823::r369::c11
6626,sfq_22823::r369::c12
6627,sfq_22823::r369::c13
6628,sfq_22823::r369::c14
6629,sfq_22823::r369::c2
6630,sfq_22823::r369::c3
6631,sfq_22823::r369::c4
6632,sfq_22823::r369::c5
6633,sfq_22823::r369::c6
6634,sfq_22823::r369::c7
6635,sfq_22823::r369::c8
6636,sfq_22823::r369::c9
6637,sfq_22883::r390::c0
6638,sfq_22883::r390::c1
6639,sfq_22883::r390::c10
6640,sfq_22883::r390::c11
6641,sfq_22883::r390::c12
6642,sfq_22883::r390::c13
6643,sfq_22883::r390::c14
6644,sfq_22883::r390::c15
6645,sfq_22883::r390::c2
6646,sfq_22883::r390::c3
6647,sfq_22883::r390::c4
6648,sfq_22883::r390::c5
6649,sfq_22883::r390::c6
6650,sfq_22883::r390::c7
6651,sfq_22883::r390::c8
6652,sfq_22883::r390::c9
6653,sfq_23110::r378::c0
6654,sfq_23110::r378::c1
6655,sfq_23110::r378::c2
6656,sfq_23110::r378::c3
6657,sfq_23110::r378::c4
6658,sfq_23110::r378::c5
6659,sfq_23110::r378::c6
6660,sfq_23110::r378::c7
6661,sfq_23110::r378::c8
6662,sfq_23110::r378::c9
6663,sfq_23449::r203::c0
6664,sfq_23449::r203::c1
6665,sfq_23449::r203::c10
6666,sfq_23449::r203::c11
6667,sfq_23449::r203::c12
6668,sfq_23449::r203::c13
6669,sfq_23449::r203::c14
6670,sfq_23449::r203::c15
6671,sfq_23449::r203::c16
6672,sfq_23449::r203::c17
6673,sfq_23449::r203::c18
6674,sfq_23449::r203::c19
6675,sfq_23449::r203::c2
6676,sfq_23449::r203::c20
6677,sfq_23449::r203::c21
6678,sfq_23449::r203::c22
6679,sfq_23449::r203::c23
6680,sfq_23449::r203::c24
6681,sfq_23449::r203::c25
6682,sfq_23449::r203::c26
6683,sfq_23449::r203::c27
6684,sfq_23449::r203::c3
6685,sfq_23449::r203::c4
6686,sfq_23449::r203::c5
6687,sfq_23449::r203::c6
6688,sfq_23449::r203::c7
6689,sfq_23449::r203::c8
6690,sfq_23449::r203::c9
6691,sfq_23493::r43::c0
6692,sfq_23493::r43::c1
6693,sfq_23493::r43::c10
6694,sfq_23493::r43::c11
6695,sfq_23493::r43::c12
6696,sfq_23493::r43::c13
6697,sfq_23493::r43::c14
6698,sfq_23493::r43::c15
6699,sfq_23493::r43::c16
6700,sfq_23493::r43::c17
6701,sfq_23493::r43::c18
6702,sfq_23493::r43::c19
6703,sfq_23493::r43::c2
6704,sfq_23493::r43::c20
6705,sfq_23493::r43::c21
6706,sfq_23493::r43::c22
6707,sfq_23493::r43::c23
6708,sfq_23493::r43::c3
6709,sfq_23493::r43::c4
6710,sfq_23493::r43::c5
6711,sfq_23493::r43::c6
6712,sfq_23493::r43::c7
6713,sfq_23493::r43::c8
6714,sfq_23493::r43::c9
6715,sfq_2358::r260::c0
6716,sfq_2358::r260::c1
6717,sfq_23625::r2::c0
6718,sfq_23625::r2::c1
6719,sfq_23625::r2::c2
6720,sfq_23625::r2::c3
6721,sfq_23625::r2::c4
6722,sfq_23625::r2::c5
6723,sfq_23900::r215::c0
6724,sfq_23900::r215::c1
6725,sfq_23900::r215::c10
6726,sfq_23900::r215::c11
6727,sfq_23900::r215::c12
6728,sfq_23900::r215::c13
6729,sfq_23900::r215::c14
6730,sfq_23900::r215::c15
6731,sfq_23900::r215::c16
6732,sfq_23900::r215::c2
6733,sfq_23900::r215::c3
6734,sfq_23900::r215::c4
6735,sfq_23900::r215::c5
6736,sfq_23900::r215::c6
6737,sfq_23900::r215::c7
6738,sfq_23900::r215::c8
6739,sfq_23900::r215::c9
6740,sfq_23936::r143::c0
6741,sfq_23936::r143::c1
6742,sfq_23936::r143::c10
6743,sfq_23936::r143::c11
6744,sfq_23936::r143::c12
6745,sfq_23936::r143::c2
6746,sfq_23936::r143::c3
6747,sfq_23936::r143::c4
6748,sfq_23936::r143::c5
6749,sfq_23936::r143::c6
6750,sfq_23936::r143::c7
6751,sfq_23936::r143::c8
6752,sfq_23936::r143::c9
6753,sfq_24548::r355::c0
6754,sfq_24548::r355::c1
6755,sfq_24548::r355::c10
6756,sfq_24548::r355::c11
6757,sfq_24548::r355::c12
6758,sfq_24548::r355::c13
6759,sfq_24548::r355::c14
6760,sfq_24548::r355::c15
6761,sfq_24548::r355::c16
6762,sfq_24548::r355::c17
6763,sfq_24548::r355::c18
6764,sfq_24548::r355::c19
6765,sfq_24548::r355::c2
6766,sfq_24548::r355::c20
6767,sfq_24548::r355::c21
6768,sfq_24548::r355::c22
6769,sfq_24548::r355::c23
6770,sfq_24548::r355::c24
6771,sfq_24548::r355::c25
6772,sfq_24548::r355::c26
6773,sfq_24548::r355::c27
6774,sfq_24548::r355::c28
6775,sfq_24548::r355::c29
6776,sfq_24548::r355::c3
6777,sfq_24548::r355::c30
6778,sfq_24548::r355::c31
6779,sfq_24548::r355::c32
6780,sfq_24548::r355::c33
6781,sfq_24548::r355::c34
6782,sfq_24548::r355::c35
6783,sfq_24548::r355::c36
6784,sfq_24548::r355::c37
6785,sfq_24548::r355::c38
6786,sfq_24548::r355::c39
6787,sfq_24548::r355::c4
6788,sfq_24548::r355::c40
6789,sfq_24548::r355::c41
6790,sfq_24548::r355::c42
6791,sfq_24548::r355::c43
6792,sfq_24548::r355::c44
6793,sfq_24548::r355::c45
6794,sfq_24548::r355::c46
6795,sfq_24548::r355::c47
6796,sfq_24548::r355::c48
6797,sfq_24548::r355::c49
6798,sfq_24548::r355::c5
6799,sfq_24548::r355::c50
6800,sfq_24548::r355::c51
6801,sfq_24548::r355::c52
6802,sfq_24548::r355::c53
6803,sfq_24548::r355::c54
6804,sfq_24548::r355::c55
6805,sfq_24548::r355::c56
6806,sfq_24548::r355::c57
6807,sfq_24548::r355::c58
6808,sfq_24548::r355::c59
6809,sfq_24548::r355::c6
6810,sfq_24548::r355::c60
6811,sfq_24548::r355::c61
6812,sfq_24548::r355::c62
6813,sfq_24548::r355::c63
6814,sfq_24548::r355::c64
6815,sfq_24548::r355::c65
6816,sfq_24548::r355::c66
6817,sfq_24548::r355::c67
6818,sfq_24548::r355::c68
6819,sfq_24548::r355::c69
6820,sfq_24548::r355::c7
6821,sfq_24548::r355::c70
6822,sfq_24548::r355::c71
6823,sfq_24548::r355::c72
6824,sfq_24548::r355::c73
6825,sfq_24548::r355::c74
6826,sfq_24548::r355::c75
6827,sfq_24548::r355::c76
6828,sfq_24548::r355::c77
6829,sfq_24548::r355::c78
6830,sfq_24548::r355::c79
6831,sfq_24548::r355::c8
6832,sfq_24548::r355::c80
6833,sfq_24548::r355::c81
6834,sfq_24548::r355::c82
6835,sfq_24548::r355::c83
6836,sfq_24548::r355::c84
6837,sfq_24548::r355::c85
6838,sfq_24548::r355::c86
6839,sfq_24548::r355::c87
6840,sfq_24548::r355::c88
6841,sfq_24548::r355::c89
6842,sfq_24548::r355::c9
6843,sfq_24884::r360::c0
6844,sfq_24884::r360::c1
6845,sfq_24884::r360::c10
6846,sfq_24884::r360::c11
6847,sfq_24884::r360::c12
6848,sfq_24884::r360::c13
6849,sfq_24884::r360::c14
6850,sfq_24884::r360::c2
6851,sfq_24884::r360::c3
6852,sfq_24884::r360::c4
6853,sfq_24884::r360::c5
6854,sfq_24884::r360::c6
6855,sfq_24884::r360::c7
6856,sfq_24884::r360::c8
6857,sfq_24884::r360::c9
6858,sfq_2494::r152::c0
6859,sfq_2494::r152::c1
6860,sfq_2494::r152::c2
6861,sfq_2494::r152::c3
6862,sfq_24964::r392::c0
6863,sfq_24964::r392::c1
6864,sfq_25215::r149::c0
6865,sfq_25215::r149::c1
6866,sfq_25215::r149::c10
6867,sfq_25215::r149::c11
6868,sfq_25215::r149::c12
6869,sfq_25215::r149::c13
6870,sfq_25215::r149::c2
6871,sfq_25215::r149::c3
6872,sfq_25215::r149::c4
6873,sfq_25215::r149::c5
6874,sfq_25215::r149::c6
6875,sfq_25215::r149::c7
6876,sfq_25215::r149::c8
6877,sfq_25215::r149::c9
6878,sfq_25891::r266::c0
6879,sfq_25891::r266::c1
6880,sfq_25891::r266::c2
6881,sfq_25891::r266::c3
6882,sfq_26014::r417::c0
6883,sfq_26014::r417::c1
6884,sfq_26014::r417::c2
6885,sfq_2723::r134::c0
6886,sfq_2723::r134::c1
6887,sfq_2723::r134::c10
6888,sfq_2723::r134::c11
6889,sfq_2723::r134::c12
6890,sfq_2723::r134::c13
6891,sfq_2723::r134::c14
6892,sfq_2723::r134::c15
6893,sfq_2723::r134::c16
6894,sfq_2723::r134::c17
6895,sfq_2723::r134::c18
6896,sfq_2723::r134::c19
6897,sfq_2723::r134::c2
6898,sfq_2723::r134::c20
6899,sfq_2723::r134::c21
6900,sfq_2723::r134::c22
6901,sfq_2723::r134::c23
6902,sfq_2723::r134::c24
6903,sfq_2723::r134::c25
6904,sfq_2723::r134::c26
6905,sfq_2723::r134::c27
6906,sfq_2723::r134::c28
6907,sfq_2723::r134::c29
6908,sfq_2723::r134::c3
6909,sfq_2723::r134::c30
6910,sfq_2723::r134::c31
6911,sfq_2723::r134::c32
6912,sfq_2723::r134::c33
6913,sfq_2723::r134::c34
6914,sfq_2723::r134::c35
6915,sfq_2723::r134::c36
6916,sfq_2723::r134::c37
6917,sfq_2723::r134::c38
6918,sfq_2723::r134::c39
6919,sfq_2723::r134::c4
6920,sfq_2723::r134::c5
6921,sfq_2723::r134::c6
6922,sfq_2723::r134::c7
6923,sfq_2723::r134::c8
6924,sfq_2723::r134::c9
6925,sfq_2901::r227::c0
6926,sfq_2901::r227::c1
6927,sfq_2901::r227::c2
6928,sfq_2925::r325::c0
6929,sfq_2925::r325::c1
6930,sfq_2925::r325::c2
6931,sfq_2925::r325::c3
6932,sfq_3322::r172::c0
6933,sfq_3322::r172::c1
6934,sfq_3322::r172::c10
6935,sfq_3322::r172::c11
6936,sfq_3322::r172::c12
6937,sfq_3322::r172::c13
6938,sfq_3322::r172::c14
6939,sfq_3322::r172::c15
6940,sfq_3322::r172::c16
6941,sfq_3322::r172::c17
6942,sfq_3322::r172::c18
6943,sfq_3322::r172::c19
6944,sfq_3322::r172::c2
6945,sfq_3322::r172::c20
6946,sfq_3322::r172::c21
6947,sfq_3322::r172::c22
6948,sfq_3322::r172::c23
6949,sfq_3322::r172::c24
6950,sfq_3322::r172::c3
6951,sfq_3322::r172::c4
6952,sfq_3322::r172::c5
6953,sfq_3322::r172::c6
6954,sfq_3322::r172::c7
6955,sfq_3322::r172::c8
6956,sfq_3322::r172::c9
6957,sfq_342::r299::c0
6958,sfq_342::r299::c1
6959,sfq_342::r299::c10
6960,sfq_342::r299::c11
6961,sfq_342::r299::c12
6962,sfq_342::r299::c13
6963,sfq_342::r299::c14
6964,sfq_342::r299::c15
6965,sfq_342::r299::c16
6966,sfq_342::r299::c17
6967,sfq_342::r299::c18
6968,sfq_342::r299::c19
6969,sfq_342::r299::c2
6970,sfq_342::r299::c3
6971,sfq_342::r299::c4
6972,sfq_342::r299::c5
6973,sfq_342::r299::c6
6974,sfq_342::r299::c7
6975,sfq_342::r299::c8
6976,sfq_342::r299::c9
6977,sfq_3502::r68::c0
6978,sfq_3502::r68::c1
6979,sfq_3502::r68::c10
6980,sfq_3502::r68::c11
6981,sfq_3502::r68::c12
6982,sfq_3502::r68::c13
6983,sfq_3502::r68::c14
6984,sfq_3502::r68::c15
6985,sfq_3502::r68::c16
6986,sfq_3502::r68::c17
6987,sfq_3502::r68::c18
6988,sfq_3502::r68::c19
6989,sfq_3502::r68::c2
6990,sfq_3502::r68::c20
6991,sfq_3502::r68::c21
6992,sfq_3502::r68::c22
6993,sfq_3502::r68::c23
6994,sfq_3502::r68::c24
6995,sfq_3502::r68::c25
6996,sfq_3502::r68::c3
6997,sfq_3502::r68::c4
6998,sfq_3502::r68::c5
6999,sfq_3502::r68::c6
7000,sfq_3502::r68::c7
7001,sfq_3502::r68::c8
7002,sfq_3502::r68::c9
7003,sfq_3627::r187::c0
7004,sfq_3627::r187::c1
7005,sfq_3840::r38::c0
7006,sfq_3840::r38::c1
7007,sfq_3840::r38::c10
7008,sfq_3840::r38::c11
7009,sfq_3840::r38::c12
7010,sfq_3840::r38::c13
7011,sfq_3840::r38::c14
7012,sfq_3840::r38::c15
7013,sfq_3840::r38::c16
7014,sfq_3840::r38::c17
7015,sfq_3840::r38::c18
7016,sfq_3840::r38::c19
7017,sfq_3840::r38::c2
7018,sfq_3840::r38::c20
7019,sfq_3840::r38::c21
7020,sfq_3840::r38::c22
7021,sfq_3840::r38::c23
7022,sfq_3840::r38::c24
7023,sfq_3840::r38::c25
7024,sfq_3840::r38::c26
7025,sfq_3840::r38::c27
7026,sfq_3840::r38::c28
7027,sfq_3840::r38::c29
7028,sfq_3840::r38::c3
7029,sfq_3840::r38::c30
7030,sfq_3840::r38::c31
7031,sfq_3840::r38::c32
7032,sfq_3840::r38::c4
7033,sfq_3840::r38::c5
7034,sfq_3840::r38::c6
7035,sfq_3840::r38::c7
7036,sfq_3840::r38::c8
7037,sfq_3840::r38::c9
7038,sfq_4015::r399::c0
7039,sfq_4015::r399::c1
7040,sfq_4015::r399::c2
7041,sfq_4039::r191::c0
7042,sfq_4039::r191::c1
7043,sfq_4039::r191::c10
7044,sfq_4039::r191::c11
7045,sfq_4039::r191::c12
7046,sfq_4039::r191::c13
7047,sfq_4039::r191::c14
7048,sfq_4039::r191::c15
7049,sfq_4039::r191::c16
7050,sfq_4039::r191::c17
7051,sfq_4039::r191::c18
7052,sfq_4039::r191::c19
7053,sfq_4039::r191::c2
7054,sfq_4039::r191::c20
7055,sfq_4039::r191::c21
7056,sfq_4039::r191::c22
7057,sfq_4039::r191::c3
7058,sfq_4039::r191::c4
7059,sfq_4039::r191::c5
7060,sfq_4039::r191::c6
7061,sfq_4039::r191::c7
7062,sfq_4039::r191::c8
7063,sfq_4039::r191::c9
7064,sfq_4143::r291::c0
7065,sfq_4143::r291::c1
7066,sfq_4143::r291::c2
7067,sfq_4143::r291::c3
7068,sfq_4143::r291::c4
7069,sfq_4143::r291::c5
7070,sfq_4143::r291::c6
7071,sfq_4143::r291::c7
7072,sfq_4143::r291::c8
7073,sfq_4619::r427::c4
7074,sfq_4619::r427::c5
7075,sfq_4619::r427::c6
7076,sfq_4619::r427::c7
7077,sfq_4619::r427::c8
7078,sfq_4619::r427::c9
7079,sfq_4717::r196::c0
7080,sfq_4717::r196::c1
7081,sfq_4717::r196::c2
7082,sfq_4717::r196::c3
7083,sfq_4717::r196::c4
7084,sfq_4717::r196::c5
7085,sfq_4717::r196::c6
7086,sfq_472::r111::c0
7087,sfq_472::r111::c1
7088,sfq_4759::r410::c0
7089,sfq_4759::r410::c1
7090,sfq_4759::r410::c2
7091,sfq_4759::r410::c3
7092,sfq_4759::r410::c4
7093,sfq_4759::r410::c5
7094,sfq_4759::r410::c6
7095,sfq_4759::r410::c7
7096,sfq_4762::r287::c0
7097,sfq_4762::r287::c1
7098,sfq_4762::r287::c10
7099,sfq_4762::r287::c11
7100,sfq_4762::r287::c12
7101,sfq_4762::r287::c13
7102,sfq_4762::r287::c14
7103,sfq_4762::r287::c15
7104,sfq_4762::r287::c16
7105,sfq_4762::r287::c17
7106,sfq_4762::r287::c18
7107,sfq_4762::r287::c19
7108,sfq_4762::r287::c2
7109,sfq_4762::r287::c20
7110,sfq_4762::r287::c21
7111,sfq_4762::r287::c22
7112,sfq_4762::r287::c23
7113,sfq_4762::r287::c24
7114,sfq_4762::r287::c25
7115,sfq_4762::r287::c26
7116,sfq_4762::r287::c27
7117,sfq_4762::r287::c3
7118,sfq_4762::r287::c4
7119,sfq_4762::r287::c5
7120,sfq_4762::r287::c6
7121,sfq_4762::r287::c7
7122,sfq_4762::r287::c8
7123,sfq_4762::r287::c9
7124,sfq_4865::r37::c0
7125,sfq_4865::r37::c1
7126,sfq_4865::r37::c10
7127,sfq_4865::r37::c11
7128,sfq_4865::r37::c12
7129,sfq_4865::r37::c13
7130,sfq_4865::r37::c14
7131,sfq_4865::r37::c15
7132,sfq_4865::r37::c2
7133,sfq_4865::r37::c3
7134,sfq_4865::r37::c4
7135,sfq_4865::r37::c5
7136,sfq_4865::r37::c6
7137,sfq_4865::r37::c7
7138,sfq_4865::r37::c8
7139,sfq_4865::r37::c9
7140,sfq_5775::r438::c0
7141,sfq_5775::r438::c1
7142,sfq_5775::r438::c2
7143,sfq_5799::r26::c0
7144,sfq_5799::r26::c1
7145,sfq_5799::r26::c2
7146,sfq_5799::r26::c3
7147,sfq_5799::r26::c4
7148,sfq_6340::r393::c0
7149,sfq_6340::r393::c1
7150,sfq_6340::r393::c10
7151,sfq_6340::r393::c11
7152,sfq_6340::r393::c12
7153,sfq_6340::r393::c13
7154,sfq_6340::r393::c14
7155,sfq_6340::r393::c15
7156,sfq_6340::r393::c16
7157,sfq_6340::r393::c17
7158,sfq_6340::r393::c18
7159,sfq_6340::r393::c19
7160,sfq_6340::r393::c2
7161,sfq_6340::r393::c20
7162,sfq_6340::r393::c21
7163,sfq_6340::r393::c22
7164,sfq_6340::r393::c23
7165,sfq_6340::r393::c24
7166,sfq_6340::r393::c25
7167,sfq_6340::r393::c26
7168,sfq_6340::r393::c27
7169,sfq_6340::r393::c28
7170,sfq_6340::r393::c29
7171,sfq_6340::r393::c3
7172,sfq_6340::r393::c30
7173,sfq_6340::r393::c31
7174,sfq_6340::r393::c32
7175,sfq_6340::r393::c33
7176,sfq_6340::r393::c34
7177,sfq_6340::r393::c35
7178,sfq_6340::r393::c36
7179,sfq_6340::r393::c37
7180,sfq_6340::r393::c38
7181,sfq_6340::r393::c39
7182,sfq_6340::r393::c4
7183,sfq_6340::r393::c40
7184,sfq_6340::r393::c41
7185,sfq_6340::r393::c42
7186,sfq_6340::r393::c43
7187,sfq_6340::r393::c44
7188,sfq_6340::r393::c5
7189,sfq_6340::r393::c6
7190,sfq_6340::r393::c7
7191,sfq_6340::r393::c8
7192,sfq_6340::r393::c9
7193,sfq_6456::r8::c0
7194,sfq_6456::r8::c1
7195,sfq_6456::r8::c2
7196,sfq_7152::r346::c0
7197,sfq_7152::r346::c1
7198,sfq_7152::r346::c10
7199,sfq_7152::r346::c11
7200,sfq_7152::r346::c12
7201,sfq_7152::r346::c13
7202,sfq_7152::r346::c14
7203,sfq_7152::r346::c15
7204,sfq_7152::r346::c16
7205,sfq_7152::r346::c17
7206,sfq_7152::r346::c18
7207,sfq_7152::r346::c19
7208,sfq_7152::r346::c2
7209,sfq_7152::r346::c20
7210,sfq_7152::r346::c21
7211,sfq_7152::r346::c22
7212,sfq_7152::r346::c23
7213,sfq_7152::r346::c24
7214,sfq_7152::r346::c25
7215,sfq_7152::r346::c26
7216,sfq_7152::r346::c27
7217,sfq_7152::r346::c28
7218,sfq_7152::r346::c3
7219,sfq_7152::r346::c4
7220,sfq_7152::r346::c5
7221,sfq_7152::r346::c6
7222,sfq_7152::r346::c7
7223,sfq_7152::r346::c8
7224,sfq_7152::r346::c9
7225,sfq_735::r153::c0
7226,sfq_735::r153::c1
7227,sfq_735::r153::c10
7228,sfq_735::r153::c11
7229,sfq_735::r153::c12
7230,sfq_735::r153::c13
7231,sfq_735::r153::c14
7232,sfq_735::r153::c15
7233,sfq_735::r153::c16
7234,sfq_735::r153::c17
7235,sfq_735::r153::c18
7236,sfq_735::r153::c19
7237,sfq_735::r153::c2
7238,sfq_735::r153::c20
7239,sfq_735::r153::c21
7240,sfq_735::r153::c22
7241,sfq_735::r153::c23
7242,sfq_735::r153::c24
7243,sfq_735::r153::c25
7244,sfq_735::r153::c26
7245,sfq_735::r153::c27
7246,sfq_735::r153::c28
7247,sfq_735::r153::c29
7248,sfq_735::r153::c3
7249,sfq_735::r153::c30
7250,sfq_735::r153::c31
7251,sfq_735::r153::c32
7252,sfq_735::r153::c33
7253,sfq_735::r153::c34
7254,sfq_735::r153::c35
7255,sfq_735::r153::c36
7256,sfq_735::r153::c37
7257,sfq_735::r153::c38
7258,sfq_735::r153::c39
7259,sfq_735::r153::c4
7260,sfq_735::r153::c40
7261,sfq_735::r153::c41
7262,sfq_735::r153::c5
7263,sfq_735::r153::c6
7264,sfq_735::r153::c7
7265,sfq_735::r153::c8
7266,sfq_735::r153::c9
7267,sfq_7366::r70::c0
7268,sfq_7366::r70::c1
7269,sfq_7366::r70::c10
7270,sfq_7366::r70::c11
7271,sfq_7366::r70::c12
7272,sfq_7366::r70::c13
7273,sfq_7366::r70::c14
7274,sfq_7366::r70::c15
7275,sfq_7366::r70::c2
7276,sfq_7366::r70::c3
7277,sfq_7366::r70::c4
7278,sfq_7366::r70::c5
7279,sfq_7366::r70::c6
7280,sfq_7366::r70::c7
7281,sfq_7366::r70::c8
7282,sfq_7366::r70::c9
7283,sfq_7403::r235::c0
7284,sfq_7403::r235::c1
7285,sfq_7403::r235::c2
7286,sfq_7403::r235::c3
7287,sfq_7403::r235::c4
7288,sfq_7403::r235::c5
7289,sfq_7403::r235::c6
7290,sfq_7403::r235::c7
7291,sfq_7403::r235::c8
7292,sfq_7438::r30::c0
7293,sfq_7438::r30::c1
7294,sfq_7438::r30::c10
7295,sfq_7438::r30::c2
7296,sfq_7438::r30::c3
7297,sfq_7438::r30::c4
7298,sfq_7438::r30::c5
7299,sfq_7438::r30::c6
7300,sfq_7438::r30::c7
7301,sfq_7438::r30::c8
7302,sfq_7438::r30::c9
7303,sfq_7703::r61::c0
7304,sfq_7703::r61::c1
7305,sfq_7703::r61::c10
7306,sfq_7703::r61::c11
7307,sfq_7703::r61::c12
7308,sfq_7703::r61::c13
7309,sfq_7703::r61::c14
7310,sfq_7703::r61::c15
7311,sfq_7703::r61::c16
7312,sfq_7703::r61::c17
7313,sfq_7703::r61::c18
7314,sfq_7703::r61::c19
7315,sfq_7703::r61::c2
7316,sfq_7703::r61::c20
7317,sfq_7703::r61::c21
7318,sfq_7703::r61::c22
7319,sfq_7703::r61::c23
7320,sfq_7703::r61::c24
7321,sfq_7703::r61::c25
7322,sfq_7703::r61::c26
7323,sfq_7703::r61::c27
7324,sfq_7703::r61::c28
7325,sfq_7703::r61::c29
7326,sfq_7703::r61::c3
7327,sfq_7703::r61::c30
7328,sfq_7703::r61::c4
7329,sfq_7703::r61::c5
7330,sfq_7703::r61::c6
7331,sfq_7703::r61::c7
7332,sfq_7703::r61::c8
7333,sfq_7703::r61::c9
7334,sfq_7787::r178::c0
7335,sfq_7787::r178::c1
7336,sfq_7880::r300::c0
7337,sfq_7880::r300::c1
7338,sfq_7880::r300::c10
7339,sfq_7880::r300::c11
7340,sfq_7880::r300::c12
7341,sfq_7880::r300::c13
7342,sfq_7880::r300::c14
7343,sfq_7880::r300::c15
7344,sfq_7880::r300::c16
7345,sfq_7880::r300::c17
7346,sfq_7880::r300::c18
7347,sfq_7880::r300::c2
7348,sfq_7880::r300::c3
7349,sfq_7880::r300::c4
7350,sfq_7880::r300::c5
7351,sfq_7880::r300::c6
7352,sfq_7880::r300::c7
7353,sfq_7880::r300::c8
7354,sfq_7880::r300::c9
7355,sfq_8018::r132::c0
7356,sfq_8018::r132::c1
7357,sfq_8018::r132::c2
7358,sfq_8018::r132::c3
7359,sfq_8018::r132::c4
7360,sfq_8018::r132::c5
7361,sfq_8018::r132::c6
7362,sfq_8288::r90::c0
7363,sfq_8288::r90::c1
7364,sfq_8288::r90::c10
7365,sfq_8288::r90::c11
7366,sfq_8288::r90::c12
7367,sfq_8288::r90::c13
7368,sfq_8288::r90::c14
7369,sfq_8288::r90::c15
7370,sfq_8288::r90::c16
7371,sfq_8288::r90::c17
7372,sfq_8288::r90::c18
7373,sfq_8288::r90::c19
7374,sfq_8288::r90::c2
7375,sfq_8288::r90::c20
7376,sfq_8288::r90::c21
7377,sfq_8288::r90::c22
7378,sfq_8288::r90::c23
7379,sfq_8288::r90::c24
7380,sfq_8288::r90::c25
7381,sfq_8288::r90::c26
7382,sfq_8288::r90::c27
7383,sfq_8288::r90::c28
7384,sfq_8288::r90::c29
7385,sfq_8288::r90::c3
7386,sfq_8288::r90::c30
7387,sfq_8288::r90::c31
7388,sfq_8288::r90::c32
7389,sfq_8288::r90::c33
7390,sfq_8288::r90::c34
7391,sfq_8288::r90::c35
7392,sfq_8288::r90::c36
7393,sfq_8288::r90::c37
7394,sfq_8288::r90::c38
7395,sfq_8288::r90::c39
7396,sfq_8288::r90::c4
7397,sfq_8288::r90::c40
7398,sfq_8288::r90::c41
7399,sfq_8288::r90::c42
7400,sfq_8288::r90::c43
7401,sfq_8288::r90::c44
7402,sfq_8288::r90::c45
7403,sfq_8288::r90::c46
7404,sfq_8288::r90::c47
7405,sfq_8288::r90::c48
7406,sfq_8288::r90::c49
7407,sfq_8288::r90::c5
7408,sfq_8288::r90::c50
7409,sfq_8288::r90::c51
7410,sfq_8288::r90::c52
7411,sfq_8288::r90::c53
7412,sfq_8288::r90::c54
7413,sfq_8288::r90::c6
7414,sfq_8288::r90::c7
7415,sfq_8288::r90::c8
7416,sfq_8288::r90::c9
7417,sfq_8726::r236::c0
7418,sfq_8726::r236::c1
7419,sfq_8726::r236::c2
7420,sfq_8726::r236::c3
7421,sfq_8726::r236::c4
7422,sfq_8726::r236::c5
7423,sfq_8726::r236::c6
7424,sfq_8782::r165::c0
7425,sfq_8782::r165::c1
7426,sfq_8782::r165::c10
7427,sfq_8782::r165::c11
7428,sfq_8782::r165::c12
7429,sfq_8782::r165::c13
7430,sfq_8782::r165::c2
7431,sfq_8782::r165::c3
7432,sfq_8782::r165::c4
7433,sfq_8782::r165::c5
7434,sfq_8782::r165::c6
7435,sfq_8782::r165::c7
7436,sfq_8782::r165::c8
7437,sfq_8782::r165::c9
7438,sfq_8949::r290::c0
7439,sfq_8949::r290::c1
7440,sfq_8949::r290::c10
7441,sfq_8949::r290::c11
7442,sfq_8949::r290::c12
7443,sfq_8949::r290::c13
7444,sfq_8949::r290::c14
7445,sfq_8949::r290::c15
7446,sfq_8949::r290::c16
7447,sfq_8949::r290::c2
7448,sfq_8949::r290::c3
7449,sfq_8949::r290::c4
7450,sfq_8949::r290::c5
7451,sfq_8949::r290::c6
7452,sfq_8949::r290::c7
7453,sfq_8949::r290::c8
7454,sfq_8949::r290::c9
7455,sfq_8956::r388::c0
7456,sfq_8956::r388::c1
7457,sfq_8956::r388::c10
7458,sfq_8956::r388::c11
7459,sfq_8956::r388::c12
7460,sfq_8956::r388::c13
7461,sfq_8956::r388::c14
7462,sfq_8956::r388::c15
7463,sfq_8956::r388::c16
7464,sfq_8956::r388::c17
7465,sfq_8956::r388::c18
7466,sfq_8956::r388::c19
7467,sfq_8956::r388::c2
7468,sfq_8956::r388::c20
7469,sfq_8956::r388::c21
7470,sfq_8956::r388::c22
7471,sfq_8956::r388::c23
7472,sfq_8956::r388::c24
7473,sfq_8956::r388::c3
7474,sfq_8956::r388::c4
7475,sfq_8956::r388::c5
7476,sfq_8956::r388::c6
7477,sfq_8956::r388::c7
7478,sfq_8956::r388::c8
7479,sfq_8956::r388::c9
7480,sfq_9239::r372::c0
7481,sfq_9239::r372::c1
7482,sfq_9239::r372::c2
7483,sfq_9239::r372::c3
7484,sfq_9239::r372::c4
7485,sfq_9239::r372::c5
7486,sfq_9239::r372::c6
7487,sfq_9481::r407::c0
7488,sfq_9481::r407::c1
7489,sfq_9481::r407::c10
7490,sfq_9481::r407::c11
7491,sfq_9481::r407::c12
7492,sfq_9481::r407::c13
7493,sfq_9481::r407::c14
7494,sfq_9481::r407::c15
7495,sfq_9481::r407::c16
7496,sfq_9481::r407::c17
7497,sfq_9481::r407::c18
7498,sfq_9481::r407::c19
7499,sfq_9481::r407::c2
7500,sfq_9481::r407::c20
7501,sfq_9481::r407::c21
7502,sfq_9481::r407::c22
7503,sfq_9481::r407::c23
7504,sfq_9481::r407::c24
7505,sfq_9481::r407::c25
7506,sfq_9481::r407::c26
7507,sfq_9481::r407::c27
7508,sfq_9481::r407::c28
7509,sfq_9481::r407::c29
7510,sfq_9481::r407::c3
7511,sfq_9481::r407::c30
7512,sfq_9481::r407::c31
7513,sfq_9481::r407::c32
7514,sfq_9481::r407::c33
7515,sfq_9481::r407::c34
7516,sfq_9481::r407::c35
7517,sfq_9481::r407::c36
7518,sfq_9481::r407::c37
7519,sfq_9481::r407::c38
7520,sfq_9481::r407::c39
7521,sfq_9481::r407::c4
7522,sfq_9481::r407::c40
7523,sfq_9481::r407::c41
7524,sfq_9481::r407::c42
7525,sfq_9481::r407::c43
7526,sfq_9481::r407::c44
7527,sfq_9481::r407::c45
7528,sfq_9481::r407::c46
7529,sfq_9481::r407::c47
7530,sfq_9481::r407::c48
7531,sfq_9481::r407::c49
7532,sfq_9481::r407::c5
7533,sfq_9481::r407::c50
7534,sfq_9481::r407::c51
7535,sfq_9481::r407::c52
7536,sfq_9481::r407::c53
7537,sfq_9481::r407::c54
7538,sfq_9481::r407::c55
7539,sfq_9481::r407::c56
7540,sfq_9481::r407::c57
7541,sfq_9481::r407::c58
7542,sfq_9481::r407::c59
7543,sfq_9481::r407::c6
7544,sfq_9481::r407::c60
7545,sfq_9481::r407::c61
7546,sfq_9481::r407::c62
7547,sfq_9481::r407::c63
7548,sfq_9481::r407::c64
7549,sfq_9481::r407::c65
7550,sfq_9481::r407::c66
7551,sfq_9481::r407::c67
7552,sfq_9481::r407::c68
7553,sfq_9481::r407::c69
7554,sfq_9481::r407::c7
7555,sfq_9481::r407::c8
7556,sfq_9481::r407::c9
7557,sfq_9523::r97::c0
7558,sfq_9523::r97::c1
7559,sfq_9523::r97::c10
7560,sfq_9523::r97::c11
7561,sfq_9523::r97::c12
7562,sfq_9523::r97::c13
7563,sfq_9523::r97::c14
7564,sfq_9523::r97::c2
7565,sfq_9523::r97::c3
7566,sfq_9523::r97::c4
7567,sfq_9523::r97::c5
7568,sfq_9523::r97::c6
7569,sfq_9523::r97::c7
7570,sfq_9523::r97::c8
7571,sfq_9523::r97::c9
7572,sfq_9684::r442::c0
7573,sfq_9684::r442::c1
7574,sfq_9684::r442::c2
7575,sfq_9684::r442::c3
7576,sfq_9684::r442::c4
7577,sfq_9684::r442::c5
7578,sfq_9684::r442::c6
7579,sfq_9684::r442::c7
7580,sfq_9684::r442::c8
7581,sfq_9684::r442::c9
7582,tb_1235::r162::c0
7583,tb_1235::r162::c1
7584,tb_1235::r162::c10
7585,tb_1235::r162::c11
7586,tb_1235::r162::c12
7587,tb_1235::r162::c13
7588,tb_1235::r162::c2
7589,tb_1235::r162::c3
7590,tb_1235::r162::c4
7591,tb_1235::r162::c5
7592,tb_1235::r162::c6
7593,tb_1235::r162::c7
7594,tb_1235::r162::c8
7595,tb_1235::r162::c9
7596,tb_1385::r73::c0
7597,tb_1385::r73::c1
7598,tb_1385::r73::c10
7599,tb_1385::r73::c11
7600,tb_1385::r73::c12
7601,tb_1385::r73::c13
7602,tb_1385::r73::c14
7603,tb_1385::r73::c15
7604,tb_1385::r73::c16
7605,tb_1385::r73::c17
7606,tb_1385::r73::c18
7607,tb_1385::r73::c19
7608,tb_1385::r73::c2
7609,tb_1385::r73::c20
7610,tb_1385::r73::c21
7611,tb_1385::r73::c22
7612,tb_1385::r73::c23
7613,tb_1385::r73::c24
7614,tb_1385::r73::c25
7615,tb_1385::r73::c26
7616,tb_1385::r73::c27
7617,tb_1385::r73::c28
7618,tb_1385::r73::c29
7619,tb_1385::r73::c3
7620,tb_1385::r73::c30
7621,tb_1385::r73::c31
7622,tb_1385::r73::c32
7623,tb_1385::r73::c33
7624,tb_1385::r73::c34
7625,tb_1385::r73::c35
7626,tb_1385::r73::c36
7627,tb_1385::r73::c37
7628,tb_1385::r73::c38
7629,tb_1385::r73::c39
7630,tb_1385::r73::c4
7631,tb_1385::r73::c40
7632,tb_1385::r73::c41
7633,tb_1385::r73::c42
7634,tb_1385::r73::c43
7635,tb_1385::r73::c44
7636,tb_1385::r73::c45
7637,tb_1385::r73::c46
7638,tb_1385::r73::c47
7639,tb_1385::r73::c48
7640,tb_1385::r73::c49
7641,tb_1385::r73::c5
7642,tb_1385::r73::c50
7643,tb_1385::r73::c51
7644,tb_1385::r73::c52
7645,tb_1385::r73::c53
7646,tb_1385::r73::c54
7647,tb_1385::r73::c55
7648,tb_1385::r73::c56
7649,tb_1385::r73::c57
7650,tb_1385::r73::c58
7651,tb_1385::r73::c59
7652,tb_1385::r73::c6
7653,tb_1385::r73::c60
7654,tb_1385::r73::c61
7655,tb_1385::r73::c62
7656,tb_1385::r73::c63
7657,tb_1385::r73::c64
7658,tb_1385::r73::c65
7659,tb_1385::r73::c66
7660,tb_1385::r73::c67
7661,tb_1385::r73::c68
7662,tb_1385::r73::c69
7663,tb_1385::r73::c7
7664,tb_1385::r73::c70
7665,tb_1385::r73::c71
7666,tb_1385::r73::c72
7667,tb_1385::r73::c73
7668,tb_1385::r73::c74
7669,tb_1385::r73::c75
7670,tb_1385::r73::c76
7671,tb_1385::r73::c77
7672,tb_1385::r73::c78
7673,tb_1385::r73::c79
7674,tb_1385::r73::c8
7675,tb_1385::r73::c80
7676,tb_1385::r73::c81
7677,tb_1385::r73::c82
7678,tb_1385::r73::c83
7679,tb_1385::r73::c84
7680,tb_1385::r73::c85
7681,tb_1385::r73::c86
7682,tb_1385::r73::c87
7683,tb_1385::r73::c88
7684,tb_1385::r73::c89
7685,tb_1385::r73::c9
7686,tb_1738::r169::c0
7687,tb_1738::r169::c1
7688,tb_1738::r169::c10
7689,tb_1738::r169::c11
7690,tb_1738::r169::c12
7691,tb_1738::r169::c13
7692,tb_1738::r169::c14
7693,tb_1738::r169::c15
7694,tb_1738::r169::c16
7695,tb_1738::r169::c17
7696,tb_1738::r169::c18
7697,tb_1738::r169::c19
7698,tb_1738::r169::c2
7699,tb_1738::r169::c20
7700,tb_1738::r169::c21
7701,tb_1738::r169::c22
7702,tb_1738::r169::c23
7703,tb_1738::r169::c24
7704,tb_1738::r169::c25
7705,tb_1738::r169::c26
7706,tb_1738::r169::c27
7707,tb_1738::r169::c28
7708,tb_1738::r169::c29
7709,tb_1738::r169::c3
7710,tb_1738::r169::c30
7711,tb_1738::r169::c31
7712,tb_1738::r169::c32
7713,tb_1738::r169::c33
7714,tb_1738::r169::c34
7715,tb_1738::r169::c35
7716,tb_1738::r169::c36
7717,tb_1738::r169::c37
7718,tb_1738::r169::c38
7719,tb_1738::r169::c39
7720,tb_1738::r169::c4
7721,tb_1738::r169::c40
7722,tb_1738::r169::c5
7723,tb_1738::r169::c6
7724,tb_1738::r169::c7
7725,tb_1738::r169::c8
7726,tb_1738::r169::c9
7727,tb_2199::r189::c0
7728,tb_2199::r189::c1
7729,tb_2199::r189::c10
7730,tb_2199::r189::c11
7731,tb_2199::r189::c12
7732,tb_2199::r189::c13
7733,tb_2199::r189::c14
7734,tb_2199::r189::c15
7735,tb_2199::r189::c16
7736,tb_2199::r189::c17
7737,tb_2199::r189::c18
7738,tb_2199::r189::c19
7739,tb_2199::r189::c2
7740,tb_2199::r189::c20
7741,tb_2199::r189::c21
7742,tb_2199::r189::c22
7743,tb_2199::r189::c23
7744,tb_2199::r189::c24
7745,tb_2199::r189::c25
7746,tb_2199::r189::c26
7747,tb_2199::r189::c27
7748,tb_2199::r189::c28
7749,tb_2199::r189::c29
7750,tb_2199::r189::c3
7751,tb_2199::r189::c30
7752,tb_2199::r189::c31
7753,tb_2199::r189::c32
7754,tb_2199::r189::c33
7755,tb_2199::r189::c34
7756,tb_2199::r189::c35
7757,tb_2199::r189::c36
7758,tb_2199::r189::c37
7759,tb_2199::r189::c38
7760,tb_2199::r189::c39
7761,tb_2199::r189::c4
7762,tb_2199::r189::c40
7763,tb_2199::r189::c41
7764,tb_2199::r189::c42
7765,tb_2199::r189::c43
7766,tb_2199::r189::c44
7767,tb_2199::r189::c45
7768,tb_2199::r189::c46
7769,tb_2199::r189::c47
7770,tb_2199::r189::c48
7771,tb_2199::r189::c49
7772,tb_2199::r189::c5
7773,tb_2199::r189::c50
7774,tb_2199::r189::c51
7775,tb_2199::r189::c52
7776,tb_2199::r189::c53
7777,tb_2199::r189::c54
7778,tb_2199::r189::c55
7779,tb_2199::r189::c56
7780,tb_2199::r189::c57
7781,tb_2199::r189::c6
7782,tb_2199::r189::c7
7783,tb_2199::r189::c8
7784,tb_2199::r189::c9
7785,tb_221::r317::c0
7786,tb_221::r317::c1
7787,tb_221::r317::c2
7788,tb_221::r317::c3
7789,tb_409::r184::c0
7790,tb_409::r184::c1
7791,tb_409::r184::c2
7792,tb_409::r184::c3
7793,tb_409::r184::c4
7794,tb_634::r308::c0
7795,tb_634::r308::c1
7796,tb_634::r308::c2
7797,tb_634::r308::c3
7798,tb_634::r308::c4
7799,tb_882::r305::c0
7800,tb_901::r210::c0
7801,tb_901::r210::c1
7802,tb_901::r210::c10
7803,tb_901::r210::c2
7804,tb_901::r210::c3
7805,tb_901::r210::c4
7806,tb_901::r210::c5
7807,tb_901::r210::c6
7808,tb_901::r210::c7
7809,tb_901::r210::c8
7810,tb_901::r210::c9
7811,tc_1069::r283::c0
7812,tc_1069::r283::c1
7813,tc_1069::r283::c2
7814,tc_1069::r283::c3
7815,tc_1069::r283::c4
7816,tc_1179::r89::c0
7817,tc_1179::r89::c1
7818,tc_1179::r89::c2
7819,tc_1179::r89::c3
7820,tc_1179::r89::c4
7821,tc_1181::r91::c0
7822,tc_1181::r91::c1
7823,tc_1181::r91::c2
7824,tc_1181::r91::c3
7825,tc_1181::r91::c4
7826,tc_1442::r146::c0
7827,tc_1442::r146::c1
7828,tc_1442::r146::c10
7829,tc_1442::r146::c11
7830,tc_1442::r146::c12
7831,tc_1442::r146::c13
7832,tc_1442::r146::c14
7833,tc_1442::r146::c15
7834,tc_1442::r146::c16
7835,tc_1442::r146::c17
7836,tc_1442::r146::c18
7837,tc_1442::r146::c19
7838,tc_1442::r146::c2
7839,tc_1442::r146::c20
7840,tc_1442::r146::c21
7841,tc_1442::r146::c22
7842,tc_1442::r146::c23
7843,tc_1442::r146::c24
7844,tc_1442::r146::c25
7845,tc_1442::r146::c26
7846,tc_1442::r146::c27
7847,tc_1442::r146::c28
7848,tc_1442::r146::c29
7849,tc_1442::r146::c3
7850,tc_1442::r146::c30
7851,tc_1442::r146::c31
7852,tc_1442::r146::c4
7853,tc_1442::r146::c5
7854,tc_1442::r146::c6
7855,tc_1442::r146::c7
7856,tc_1442::r146::c8
7857,tc_1442::r146::c9
7858,tc_2032::r418::c0
7859,tc_2032::r418::c1
7860,tc_2032::r418::c10
7861,tc_2032::r418::c11
7862,tc_2032::r418::c12
7863,tc_2032::r418::c13
7864,tc_2032::r418::c14
7865,tc_2032::r418::c15
7866,tc_2032::r418::c16
7867,tc_2032::r418::c17
7868,tc_2032::r418::c18
7869,tc_2032::r418::c19
7870,tc_2032::r418::c2
7871,tc_2032::r418::c20
7872,tc_2032::r418::c21
7873,tc_2032::r418::c22
7874,tc_2032::r418::c23
7875,tc_2032::r418::c24
7876,tc_2032::r418::c25
7877,tc_2032::r418::c26
7878,tc_2032::r418::c27
7879,tc_2032::r418::c28
7880,tc_2032::r418::c29
7881,tc_2032::r418::c3
7882,tc_2032::r418::c30
7883,tc_2032::r418::c31
7884,tc_2032::r418::c32
7885,tc_2032::r418::c33
7886,tc_2032::r418::c34
7887,tc_2032::r418::c35
7888,tc_2032::r418::c36
7889,tc_2032::r418::c37
7890,tc_2032::r418::c38
7891,tc_2032::r418::c39
7892,tc_2032::r418::c4
7893,tc_2032::r418::c40
7894,tc_2032::r418::c5
7895,tc_2032::r418::c6
7896,tc_2032::r418::c7
7897,tc_2032::r418::c8
7898,tc_2032::r418::c9
7899,tc_2926::r247::c0
7900,tc_2926::r247::c1
7901,tc_2926::r247::c10
7902,tc_2926::r247::c11
7903,tc_2926::r247::c12
7904,tc_2926::r247::c13
7905,tc_2926::r247::c14
7906,tc_2926::r247::c15
7907,tc_2926::r247::c16
7908,tc_2926::r247::c17
7909,tc_2926::r247::c18
7910,tc_2926::r247::c19
7911,tc_2926::r247::c2
7912,tc_2926::r247::c20
7913,tc_2926::r247::c3
7914,tc_2926::r247::c4
7915,tc_2926::r247::c5
7916,tc_2926::r247::c6
7917,tc_2926::r247::c7
7918,tc_2926::r247::c8
7919,tc_2926::r247::c9
7920,tc_561::r49::c17
7921,tc_561::r49::c18
7922,tc_561::r49::c19
7923,tc_561::r49::c20
7924,tc_56::r27::c0
7925,tc_56::r27::c1
7926,tc_56::r27::c10
7927,tc_56::r27::c11
7928,tc_56::r27::c2
7929,tc_56::r27::c3
7930,tc_56::r27::c4
7931,tc_56::r27::c5
7932,tc_56::r27::c6
7933,tc_56::r27::c7
7934,tc_56::r27::c8
7935,tc_56::r27::c9
7936,tc_725::r183::c0
7937,tc_725::r183::c1
7938,tc_725::r183::c10
7939,tc_725::r183::c11
7940,tc_725::r183::c12
7941,tc_725::r183::c13
7942,tc_725::r183::c14
7943,tc_725::r183::c15
7944,tc_725::r183::c2
7945,tc_725::r183::c3
7946,tc_725::r183::c4
7947,tc_725::r183::c5
7948,tc_725::r183::c6
7949,tc_725::r183::c7
7950,tc_725::r183::c8
7951,tc_725::r183::c9
7952,tc_827::r285::c0
7953,tc_827::r285::c1
7954,tc_827::r285::c10
7955,tc_827::r285::c2
7956,tc_827::r285::c3
7957,tc_827::r285::c4
7958,tc_827::r285::c5
7959,tc_827::r285::c6
7960,tc_827::r285::c7
7961,tc_827::r285::c8
7962,tc_827::r285::c9
7963,wh_119::r292::c0
7964,wh_119::r292::c1
7965,wh_119::r292::c10
7966,wh_119::r292::c11
7967,wh_119::r292::c12
7968,wh_119::r292::c13
7969,wh_119::r292::c14
7970,wh_119::r292::c15
7971,wh_119::r292::c16
7972,wh_119::r292::c17
7973,wh_119::r292::c18
7974,wh_119::r292::c19
7975,wh_119::r292::c2
7976,wh_119::r292::c20
7977,wh_119::r292::c21
7978,wh_119::r292::c22
7979,wh_119::r292::c23
7980,wh_119::r292::c24
7981,wh_119::r292::c25
7982,wh_119::r292::c26
7983,wh_119::r292::c27
7984,wh_119::r292::c28
7985,wh_119::r292::c3
7986,wh_119::r292::c4
7987,wh_119::r292::c5
7988,wh_119::r292::c6
7989,wh_119::r292::c7
7990,wh_119::r292::c8
7991,wh_119::r292::c9
7992,wh_1278::r383::c0
7993,wh_1278::r383::c1
7994,wh_1278::r383::c2
7995,wh_1278::r383::c3
7996,wh_1278::r383::c4
7997,wh_1278::r383::c5
7998,wh_1278::r383::c6
7999,wh_1278::r383::c7
8000,wh_1278::r383::c8
8001,wh_1647::r84::c0
8002,wh_1647::r84::c1
8003,wh_1647::r84::c2
8004,wh_1647::r84::c3
8005,wh_1647::r84::c4
8006,wh_1647::r84::c5
8007,wh_1647::r84::c6
8008,wh_1647::r84::c7
8009,wh_2003::r74::c0
8010,wh_2003::r74::c1
8011,wh_2003::r74::c10
8012,wh_2003::r74::c11
8013,wh_2003::r74::c12
8014,wh_2003::r74::c13
8015,wh_2003::r74::c14
8016,wh_2003::r74::c15
8017,wh_2003::r74::c16
8018,wh_2003::r74::c17
8019,wh_2003::r74::c18
8020,wh_2003::r74::c19
8021,wh_2003::r74::c2
8022,wh_2003::r74::c20
8023,wh_2003::r74::c21
8024,wh_2003::r74::c22
8025,wh_2003::r74::c23
8026,wh_2003::r74::c24
8027,wh_2003::r74::c25
8028,wh_2003::r74::c26
8029,wh_2003::r74::c27
8030,wh_2003::r74::c28
8031,wh_2003::r74::c29
8032,wh_2003::r74::c3
8033,wh_2003::r74::c30
8034,wh_2003::r74::c31
8035,wh_2003::r74::c32
8036,wh_2003::r74::c33
8037,wh_2003::r74::c34
8038,wh_2003::r74::c35
8039,wh_2003::r74::c36
8040,wh_2003::r74::c37
8041,wh_2003::r74::c38
8042,wh_2003::r74::c39
8043,wh_2003::r74::c4
8044,wh_2003::r74::c40
8045,wh_2003::r74::c41
8046,wh_2003::r74::c42
8047,wh_2003::r74::c43
8048,wh_2003::r74::c44
8049,wh_2003::r74::c45
8050,wh_2003::r74::c46
8051,wh_2003::r74::c47
8052,wh_2003::r74::c48
8053,wh_2003::r74::c49
8054,wh_2003::r74::c5
8055,wh_2003::r74::c50
8056,wh_2003::r74::c51
8057,wh_2003::r74::c52
8058,wh_2003::r74::c53
8059,wh_2003::r74::c6
8060,wh_2003::r74::c7
8061,wh_2003::r74::c8
8062,wh_2003::r74::c9
8063,wh_203::r228::c0
8064,wh_203::r228::c1
8065,wh_203::r228::c10
8066,wh_203::r228::c2
8067,wh_203::r228::c3
8068,wh_203::r228::c4
8069,wh_203::r228::c5
8070,wh_203::r228::c6
8071,wh_203::r228::c7
8072,wh_203::r228::c8
8073,wh_203::r228::c9
8074,wh_2485::r12::c0
8075,wh_2485::r12::c1
8076,wh_2485::r12::c10
8077,wh_2485::r12::c11
8078,wh_2485::r12::c12
8079,wh_2485::r12::c13
8080,wh_2485::r12::c14
8081,wh_2485::r12::c15
8082,wh_2485::r12::c16
8083,wh_2485::r12::c17
8084,wh_2485::r12::c2
8085,wh_2485::r12::c3
8086,wh_2485::r12::c4
8087,wh_2485::r12::c5
8088,wh_2485::r12::c6
8089,wh_2485::r12::c7
8090,wh_2485::r12::c8
8091,wh_2485::r12::c9
8092,wh_2493::r261::c0
8093,wh_2493::r261::c1
8094,wh_2493::r261::c2
8095,wh_2493::r261::c3
8096,wh_2493::r261::c4
8097,wh_2493::r261::c5
8098,wh_2493::r261::c6
8099,wh_2493::r261::c7
8100,wh_2493::r261::c8
8101,wh_2615::r218::c0
8102,wh_2615::r218::c1
8103,wh_2615::r218::c10
8104,wh_2615::r218::c11
8105,wh_2615::r218::c12
8106,wh_2615::r218::c13
8107,wh_2615::r218::c14
8108,wh_2615::r218::c15
8109,wh_2615::r218::c16
8110,wh_2615::r218::c17
8111,wh_2615::r218::c18
8112,wh_2615::r218::c19
8113,wh_2615::r218::c2
8114,wh_2615::r218::c20
8115,wh_2615::r218::c21
8116,wh_2615::r218::c22
8117,wh_2615::r218::c23
8118,wh_2615::r218::c24
8119,wh_2615::r218::c25
8120,wh_2615::r218::c26
8121,wh_2615::r218::c27
8122,wh_2615::r218::c28
8123,wh_2615::r218::c29
8124,wh_2615::r218::c3
8125,wh_2615::r218::c30
8126,wh_2615::r218::c31
8127,wh_2615::r218::c32
8128,wh_2615::r218::c33
8129,wh_2615::r218::c34
8130,wh_2615::r218::c35
8131,wh_2615::r218::c36
8132,wh_2615::r218::c37
8133,wh_2615::r218::c38
8134,wh_2615::r218::c39
8135,wh_2615::r218::c4
8136,wh_2615::r218::c40
8137,wh_2615::r218::c41
8138,wh_2615::r218::c42
8139,wh_2615::r218::c43
8140,wh_2615::r218::c44
8141,wh_2615::r218::c45
8142,wh_2615::r218::c46
8143,wh_2615::r218::c47
8144,wh_2615::r218::c48
8145,wh_2615::r218::c49
8146,wh_2615::r218::c5
8147,wh_2615::r218::c50
8148,wh_2615::r218::c51
8149,wh_2615::r218::c52
8150,wh_2615::r218::c53
8151,wh_2615::r218::c54
8152,wh_2615::r218::c55
8153,wh_2615::r218::c56
8154,wh_2615::r218::c57
8155,wh_2615::r218::c58
8156,wh_2615::r218::c6
8157,wh_2615::r218::c7
8158,wh_2615::r218::c8
8159,wh_2615::r218::c9
8160,wh_2691::r268::c0
8161,wh_2691::r268::c1
8162,wh_2691::r268::c10
8163,wh_2691::r268::c11
8164,wh_2691::r268::c12
8165,wh_2691::r268::c13
8166,wh_2691::r268::c14
8167,wh_2691::r268::c15
8168,wh_2691::r268::c2
8169,wh_2691::r268::c3
8170,wh_2691::r268::c4
8171,wh_2691::r268::c5
8172,wh_2691::r268::c6
8173,wh_2691::r268::c7
8174,wh_2691::r268::c8
8175,wh_2691::r268::c9
8176,wh_2692::r119::c0
8177,wh_2692::r119::c1
8178,wh_2692::r119::c10
8179,wh_2692::r119::c11
8180,wh_2692::r119::c12
8181,wh_2692::r119::c13
8182,wh_2692::r119::c14
8183,wh_2692::r119::c15
8184,wh_2692::r119::c16
8185,wh_2692::r119::c17
8186,wh_2692::r119::c18
8187,wh_2692::r119::c2
8188,wh_2692::r119::c3
8189,wh_2692::r119::c4
8190,wh_2692::r119::c5
8191,wh_2692::r119::c6
8192,wh_2692::r119::c7
8193,wh_2692::r119::c8
8194,wh_2692::r119::c9
8195,wh_2759::r246::c0
8196,wh_2759::r246::c1
8197,wh_2782::r239::c0
8198,wh_2782::r239::c1
8199,wh_2782::r239::c2
8200,wh_2782::r239::c3
8201,wh_3326::r121::c0
8202,wh_3326::r121::c1
8203,wh_3326::r121::c10
8204,wh_3326::r121::c11
8205,wh_3326::r121::c12
8206,wh_3326::r121::c13
8207,wh_3326::r121::c14
8208,wh_3326::r121::c2
8209,wh_3326::r121::c3
8210,wh_3326::r121::c4
8211,wh_3326::r121::c5
8212,wh_3326::r121::c6
8213,wh_3326::r121::c7
8214,wh_3326::r121::c8
8215,wh_3326::r121::c9
8216,wh_3648::r25::c0
8217,wh_3648::r25::c1
8218,wh_3648::r25::c10
8219,wh_3648::r25::c11
8220,wh_3648::r25::c2
8221,wh_3648::r25::c3
8222,wh_3648::r25::c4
8223,wh_3648::r25::c5
8224,wh_3648::r25::c6
8225,wh_3648::r25::c7
8226,wh_3648::r25::c8
8227,wh_3648::r25::c9
8228,wh_4092::r117::c0
8229,wh_4092::r117::c1
8230,wh_4092::r117::c10
8231,wh_4092::r117::c11
8232,wh_4092::r117::c12
8233,wh_4092::r117::c2
8234,wh_4092::r117::c3
8235,wh_4092::r117::c4
8236,wh_4092::r117::c5
8237,wh_4092::r117::c6
8238,wh_4092::r117::c7
8239,wh_4092::r117::c8
8240,wh_4092::r117::c9
8241,wh_431::r107::c0
8242,wh_431::r107::c1
8243,wh_431::r107::c10
8244,wh_431::r107::c11
8245,wh_431::r107::c12
8246,wh_431::r107::c13
8247,wh_431::r107::c14
8248,wh_431::r107::c15
8249,wh_431::r107::c16
8250,wh_431::r107::c17
8251,wh_431::r107::c18
8252,wh_431::r107::c19
8253,wh_431::r107::c2
8254,wh_431::r107::c20
8255,wh_431::r107::c21
8256,wh_431::r107::c22
8257,wh_431::r107::c23
8258,wh_431::r107::c24
8259,wh_431::r107::c25
8260,wh_431::r107::c26
8261,wh_431::r107::c27
8262,wh_431::r107::c28
8263,wh_431::r107::c29
8264,wh_431::r107::c3
8265,wh_431::r107::c30
8266,wh_431::r107::c31
8267,wh_431::r107::c32
8268,wh_431::r107::c33
8269,wh_431::r107::c34
8270,wh_431::r107::c35
8271,wh_431::r107::c36
8272,wh_431::r107::c37
8273,wh_431::r107::c38
8274,wh_431::r107::c39
8275,wh_431::r107::c4
8276,wh_431::r107::c40
8277,wh_431::r107::c41
8278,wh_431::r107::c42
8279,wh_431::r107::c43
8280,wh_431::r107::c44
8281,wh_431::r107::c45
8282,wh_431::r107::c46
8283,wh_431::r107::c47
8284,wh_431::r107::c48
8285,wh_431::r107::c49
8286,wh_431::r107::c5
8287,wh_431::r107::c50
8288,wh_431::r107::c51
8289,wh_431::r107::c52
8290,wh_431::r107::c53
8291,wh_431::r107::c54
8292,wh_431::r107::c55
8293,wh_431::r107::c56
8294,wh_431::r107::c57
8295,wh_431::r107::c58
8296,wh_431::r107::c59
8297,wh_431::r107::c6
8298,wh_431::r107::c60
8299,wh_431::r107::c61
8300,wh_431::r107::c62
8301,wh_431::r107::c63
8302,wh_431::r107::c64
8303,wh_431::r107::c65
8304,wh_431::r107::c66
8305,wh_431::r107::c67
8306,wh_431::r107::c68
8307,wh_431::r107::c69
8308,wh_431::r107::c7
8309,wh_431::r107::c70
8310,wh_431::r107::c71
8311,wh_431::r107::c72
8312,wh_431::r107::c73
8313,wh_431::r107::c74
8314,wh_431::r107::c75
8315,wh_431::r107::c76
8316,wh_431::r107::c77
8317,wh_431::r107::c78
8318,wh_431::r107::c79
8319,wh_431::r107::c8
8320,wh_431::r107::c80
8321,wh_431::r107::c81
8322,wh_431::r107::c82
8323,wh_431::r107::c83
8324,wh_431::r107::c84
8325,wh_431::r107::c85
8326,wh_431::r107::c86
8327,wh_431::r107::c87
8328,wh_431::r107::c88
8329,wh_431::r107::c89
8330,wh_431::r107::c9
8331,wh_431::r107::c90
8332,wh_431::r107::c91
8333,wh_431::r107::c92
8334,wh_431::r107::c93
8335,wh_431::r107::c94
8336,wh_431::r107::c95
8337,wh_431::r107::c96
8338,wh_4387::r204::c0
8339,wh_522::r141::c0
8340,wh_522::r141::c1
8341,wh_522::r141::c2
8342,wh_522::r141::c3
8343,wh_522::r141::c4
8344,wh_522::r141::c5
8345,wh_522::r141::c6
8346,wh_522::r141::c7
8347,wh_781::r75::c0
8348,wh_781::r75::c1
8349,wh_781::r75::c10
8350,wh_781::r75::c11
8351,wh_781::r75::c12
8352,wh_781::r75::c13
8353,wh_781::r75::c14
8354,wh_781::r75::c15
8355,wh_781::r75::c16
8356,wh_781::r75::c17
8357,wh_781::r75::c18
8358,wh_781::r75::c19
8359,wh_781::r75::c2
8360,wh_781::r75::c20
8361,wh_781::r75::c21
8362,wh_781::r75::c22
8363,wh_781::r75::c3
8364,wh_781::r75::c4
8365,wh_781::r75::c5
8366,wh_781::r75::c6
8367,wh_781::r75::c7
8368,wh_781::r75::c8
8369,wh_781::r75::c9
8370,wh_794::r294::c0
8371,wh_794::r294::c1
