faiss_id,passage_id
0,bb_1220::row341::t0
1,bb_1220::row341::t1024
2,bb_1220::row341::t10240
3,bb_1220::row341::t10752
4,bb_1220::row341::t11264
5,bb_1220::row341::t11776
6,bb_1220::row341::t12288
7,bb_1220::row341::t12800
8,bb_1220::row341::t13312
9,bb_1220::row341::t13824
10,bb_1220::row341::t14336
11,bb_1220::row341::t14848
12,bb_1220::row341::t1536
13,bb_1220::row341::t15360
14,bb_1220::row341::t15872
15,bb_1220::row341::t16384
16,bb_1220::row341::t16896
17,bb_1220::row341::t17408
18,bb_1220::row341::t17920
19,bb_1220::row341::t18432
20,bb_1220::row341::t18944
21,bb_1220::row341::t19456
22,bb_1220::row341::t19968
23,bb_1220::row341::t2048
24,bb_1220::row341::t20480
25,bb_1220::row341::t20992
26,bb_1220::row341::t21504
27,bb_1220::row341::t22016
28,bb_1220::row341::t22528
29,bb_1220::row341::t23040
30,bb_1220::row341::t23552
31,bb_1220::row341::t24064
32,bb_1220::row341::t24576
33,bb_1220::row341::t25088
34,bb_1220::row341::t2560
35,bb_1220::row341::t25600
36,bb_1220::row341::t26112
37,bb_1220::row341::t26624
38,bb_1220::row341::t27136
39,bb_1220::row341::t27648
40,bb_1220::row341::t3072
41,bb_1220::row341::t3584
42,bb_1220::row341::t4096
43,bb_1220::row341::t4608
44,bb_1220::row341::t512
45,bb_1220::row341::t5120
46,bb_1220::row341::t5632
47,bb_1220::row341::t6144
48,bb_1220::row341::t6656
49,bb_1220::row341::t7168
50,bb_1220::row341::t7680
51,bb_1220::row341::t8192
52,bb_1220::row341::t8704
53,bb_1220::row341::t9216
54,bb_1220::row341::t9728
55,bb_1323::row79::t0
56,bb_1323::row79::t1024
57,bb_1323::row79::t1536
58,bb_1323::row79::t2048
59,bb_1323::row79::t2560
60,bb_1323::row79::t3072
61,bb_1323::row79::t3584
62,bb_1323::row79::t4096
63,bb_1323::row79::t4608
64,bb_1323::row79::t512
65,bb_1412::row120::t0
66,bb_1412::row120::t1024
67,bb_1412::row120::t10240
68,bb_1412::row120::t10752
69,bb_1412::row120::t11264
70,bb_1412::row120::t11776
71,bb_1412::row120::t12288
72,bb_1412::row120::t12800
73,bb_1412::row120::t13312
74,bb_1412::row120::t13824
75,bb_1412::row120::t14336
76,bb_1412::row120::t14848
77,bb_1412::row120::t1536
78,bb_1412::row120::t15360
79,bb_1412::row120::t15872
80,bb_1412::row120::t16384
81,bb_1412::row120::t2048
82,bb_1412::row120::t2560
83,bb_1412::row120::t3072
84,bb_1412::row120::t3584
85,bb_1412::row120::t4096
86,bb_1412::row120::t4608
87,bb_1412::row120::t512
88,bb_1412::row120::t5120
89,bb_1412::row120::t5632
90,bb_1412::row120::t6144
91,bb_1412::row120::t6656
92,bb_1412::row120::t7168
93,bb_1412::row120::t7680
94,bb_1412::row120::t8192
95,bb_1412::row120::t8704
96,bb_1412::row120::t9216
97,bb_1412::row120::t9728
98,bb_1567::row16::t0
99,bb_1567::row16::t1024
100,bb_1567::row16::t10240
101,bb_1567::row16::t1536
102,bb_1567::row16::t2048
103,bb_1567::row16::t2560
104,bb_1567::row16::t3072
105,bb_1567::row16::t3584
106,bb_1567::row16::t4096
107,bb_1567::row16::t4608
108,bb_1567::row16::t512
109,bb_1567::row16::t5120
110,bb_1567::row16::t5632
111,bb_1567::row16::t6144
112,bb_1567::row16::t6656
113,bb_1567::row16::t7168
114,bb_1567::row16::t7680
115,bb_1567::row16::t8192
116,bb_1567::row16::t8704
117,bb_1567::row16::t9216
118,bb_1567::row16::t9728
119,bb_1575::row440::t0
120,bb_1575::row440::t1024
121,bb_1575::row440::t10240
122,bb_1575::row440::t10752
123,bb_1575::row440::t11264
124,bb_1575::row440::t11776
125,bb_1575::row440::t12288
126,bb_1575::row440::t12800
127,bb_1575::row440::t13312
128,bb_1575::row440::t13824
129,bb_1575::row440::t14336
130,bb_1575::row440::t14848
131,bb_1575::row440::t1536
132,bb_1575::row440::t15360
133,bb_1575::row440::t15872
134,bb_1575::row440::t16384
135,bb_1575::row440::t16896
136,bb_1575::row440::t17408
137,bb_1575::row440::t17920
138,bb_1575::row440::t18432
139,bb_1575::row440::t18944
140,bb_1575::row440::t19456
141,bb_1575::row440::t19968
142,bb_1575::row440::t2048
143,bb_1575::row440::t20480
144,bb_1575::row440::t20992
145,bb_1575::row440::t21504
146,bb_1575::row440::t22016
147,bb_1575::row440::t22528
148,bb_1575::row440::t23040
149,bb_1575::row440::t23552
150,bb_1575::row440::t24064
151,bb_1575::row440::t24576
152,bb_1575::row440::t25088
153,bb_1575::row440::t2560
154,bb_1575::row440::t25600
155,bb_1575::row440::t26112
156,bb_1575::row440::t26624
157,bb_1575::row440::t27136
158,bb_1575::row440::t27648
159,bb_1575::row440::t28160
160,bb_1575::row440::t28672
161,bb_1575::row440::t29184
162,bb_1575::row440::t29696
163,bb_1575::row440::t3072
164,bb_1575::row440::t3584
165,bb_1575::row440::t4096
166,bb_1575::row440::t4608
167,bb_1575::row440::t512
168,bb_1575::row440::t5120
169,bb_1575::row440::t5632
170,bb_1575::row440::t6144
171,bb_1575::row440::t6656
172,bb_1575::row440::t7168
173,bb_1575::row440::t7680
174,bb_1575::row440::t8192
175,bb_1575::row440::t8704
176,bb_1575::row440::t9216
177,bb_1575::row440::t9728
178,bb_1614::row278::t0
179,bb_1614::row278::t1024
180,bb_1614::row278::t10240
181,bb_1614::row278::t10752
182,bb_1614::row278::t1536
183,bb_1614::row278::t2048
184,bb_1614::row278::t2560
185,bb_1614::row278::t3072
186,bb_1614::row278::t3584
187,bb_1614::row278::t4096
188,bb_1614::row278::t4608
189,bb_1614::row278::t512
190,bb_1614::row278::t5120
191,bb_1614::row278::t5632
192,bb_1614::row278::t6144
193,bb_1614::row278::t6656
194,bb_1614::row278::t7168
195,bb_1614::row278::t7680
196,bb_1614::row278::t8192
197,bb_1614::row278::t8704
198,bb_1614::row278::t9216
199,bb_1614::row278::t9728
200,bb_1870::row330::t0
201,bb_1870::row330::t1024
202,bb_1870::row330::t10240
203,bb_1870::row330::t10752
204,bb_1870::row330::t11264
205,bb_1870::row330::t11776
206,bb_1870::row330::t12288
207,bb_1870::row330::t12800
208,bb_1870::row330::t13312
209,bb_1870::row330::t13824
210,bb_1870::row330::t14336
211,bb_1870::row330::t14848
212,bb_1870::row330::t1536
213,bb_1870::row330::t15360
214,bb_1870::row330::t15872
215,bb_1870::row330::t16384
216,bb_1870::row330::t16896
217,bb_1870::row330::t17408
218,bb_1870::row330::t17920
219,bb_1870::row330::t18432
220,bb_1870::row330::t18944
221,bb_1870::row330::t19456
222,bb_1870::row330::t19968
223,bb_1870::row330::t2048
224,bb_1870::row330::t20480
225,bb_1870::row330::t20992
226,bb_1870::row330::t21504
227,bb_1870::row330::t22016
228,bb_1870::row330::t22528
229,bb_1870::row330::t23040
230,bb_1870::row330::t23552
231,bb_1870::row330::t24064
232,bb_1870::row330::t24576
233,bb_1870::row330::t25088
234,bb_1870::row330::t2560
235,bb_1870::row330::t25600
236,bb_1870::row330::t26112
237,bb_1870::row330::t26624
238,bb_1870::row330::t27136
239,bb_1870::row330::t27648
240,bb_1870::row330::t28160
241,bb_1870::row330::t28672
242,bb_1870::row330::t29184
243,bb_1870::row330::t29696
244,bb_1870::row330::t30208
245,bb_1870::row330::t3072
246,bb_1870::row330::t30720
247,bb_1870::row330::t31232
248,bb_1870::row330::t31744
249,bb_1870::row330::t32256
250,bb_1870::row330::t32768
251,bb_1870::row330::t33280
252,bb_1870::row330::t33792
253,bb_1870::row330::t34304
254,bb_1870::row330::t34816
255,bb_1870::row330::t3584
256,bb_1870::row330::t4096
257,bb_1870::row330::t4608
258,bb_1870::row330::t512
259,bb_1870::row330::t5120
260,bb_1870::row330::t5632
261,bb_1870::row330::t6144
262,bb_1870::row330::t6656
263,bb_1870::row330::t7168
264,bb_1870::row330::t7680
265,bb_1870::row330::t8192
266,bb_1870::row330::t8704
267,bb_1870::row330::t9216
268,bb_1870::row330::t9728
269,bb_196::row60::t0
270,bb_196::row60::t1024
271,bb_196::row60::t1536
272,bb_196::row60::t2048
273,bb_196::row60::t2560
274,bb_196::row60::t3072
275,bb_196::row60::t3584
276,bb_196::row60::t4096
277,bb_196::row60::t4608
278,bb_196::row60::t512
279,bb_196::row60::t5120
280,bb_196::row60::t5632
281,bb_196::row60::t6144
282,bb_196::row60::t6656
283,bb_2256::row303::t0
284,bb_2256::row303::t1024
285,bb_2256::row303::t1536
286,bb_2256::row303::t2048
287,bb_2256::row303::t2560
288,bb_2256::row303::t3072
289,bb_2256::row303::t3584
290,bb_2256::row303::t4096
291,bb_2256::row303::t4608
292,bb_2256::row303::t512
293,bb_2256::row303::t5120
294,bb_2256::row303::t5632
295,bb_2256::row303::t6144
296,bb_2256::row303::t6656
297,bb_2256::row303::t7168
298,bb_2256::row303::t7680
299,bb_2256::row303::t8192
300,bb_2266::row87::t0
301,bb_2266::row87::t1024
302,bb_2266::row87::t10240
303,bb_2266::row87::t10752
304,bb_2266::row87::t11264
305,bb_2266::row87::t11776
306,bb_2266::row87::t12288
307,bb_2266::row87::t12800
308,bb_2266::row87::t13312
309,bb_2266::row87::t13824
310,bb_2266::row87::t14336
311,bb_2266::row87::t14848
312,bb_2266::row87::t1536
313,bb_2266::row87::t15360
314,bb_2266::row87::t2048
315,bb_2266::row87::t2560
316,bb_2266::row87::t3072
317,bb_2266::row87::t3584
318,bb_2266::row87::t4096
319,bb_2266::row87::t4608
320,bb_2266::row87::t512
321,bb_2266::row87::t5120
322,bb_2266::row87::t5632
323,bb_2266::row87::t6144
324,bb_2266::row87::t6656
325,bb_2266::row87::t7168
326,bb_2266::row87::t7680
327,bb_2266::row87::t8192
328,bb_2266::row87::t8704
329,bb_2266::row87::t9216
330,bb_2266::row87::t9728
331,bb_2858::row314::t0
332,bb_2858::row314::t1024
333,bb_2858::row314::t1536
334,bb_2858::row314::t2048
335,bb_2858::row314::t2560
336,bb_2858::row314::t3072
337,bb_2858::row314::t3584
338,bb_2858::row314::t4096
339,bb_2858::row314::t4608
340,bb_2858::row314::t512
341,bb_2858::row314::t5120
342,bb_2858::row314::t5632
343,bb_2858::row314::t6144
344,bb_2858::row314::t6656
345,bb_2858::row314::t7168
346,bb_2863::row361::t0
347,bb_2863::row361::t1024
348,bb_2863::row361::t1536
349,bb_2863::row361::t2048
350,bb_2863::row361::t2560
351,bb_2863::row361::t3072
352,bb_2863::row361::t3584
353,bb_2863::row361::t4096
354,bb_2863::row361::t4608
355,bb_2863::row361::t512
356,bb_2863::row361::t5120
357,bb_2863::row361::t5632
358,bb_2863::row361::t6144
359,bb_2863::row361::t6656
360,bb_3778::row201::t0
361,bb_3778::row201::t1024
362,bb_3778::row201::t1536
363,bb_3778::row201::t512
364,bb_4020::row59::t0
365,bb_4020::row59::t512
366,bb_4028::row23::t0
367,bb_4028::row23::t1024
368,bb_4028::row23::t1536
369,bb_4028::row23::t2048
370,bb_4028::row23::t2560
371,bb_4028::row23::t3072
372,bb_4028::row23::t3584
373,bb_4028::row23::t512
374,bb_403::row32::t0
375,bb_403::row32::t1024
376,bb_403::row32::t10240
377,bb_403::row32::t10752
378,bb_403::row32::t1536
379,bb_403::row32::t2048
380,bb_403::row32::t2560
381,bb_403::row32::t3072
382,bb_403::row32::t3584
383,bb_403::row32::t4096
384,bb_403::row32::t4608
385,bb_403::row32::t512
386,bb_403::row32::t5120
387,bb_403::row32::t5632
388,bb_403::row32::t6144
389,bb_403::row32::t6656
390,bb_403::row32::t7168
391,bb_403::row32::t7680
392,bb_403::row32::t8192
393,bb_403::row32::t8704
394,bb_403::row32::t9216
395,bb_403::row32::t9728
396,bb_4195::row83::t0
397,bb_4195::row83::t1024
398,bb_4195::row83::t1536
399,bb_4195::row83::t2048
400,bb_4195::row83::t512
401,bb_4319::row208::t0
402,bb_4319::row208::t1024
403,bb_4319::row208::t1536
404,bb_4319::row208::t2048
405,bb_4319::row208::t2560
406,bb_4319::row208::t3072
407,bb_4319::row208::t3584
408,bb_4319::row208::t4096
409,bb_4319::row208::t4608
410,bb_4319::row208::t512
411,bb_4319::row208::t5120
412,bb_4319::row208::t5632
413,bb_4319::row208::t6144
414,bb_4368::row225::t0
415,bb_4368::row225::t1024
416,bb_4368::row225::t10240
417,bb_4368::row225::t10752
418,bb_4368::row225::t11264
419,bb_4368::row225::t11776
420,bb_4368::row225::t12288
421,bb_4368::row225::t12800
422,bb_4368::row225::t13312
423,bb_4368::row225::t13824
424,bb_4368::row225::t14336
425,bb_4368::row225::t14848
426,bb_4368::row225::t1536
427,bb_4368::row225::t15360
428,bb_4368::row225::t15872
429,bb_4368::row225::t16384
430,bb_4368::row225::t16896
431,bb_4368::row225::t17408
432,bb_4368::row225::t2048
433,bb_4368::row225::t2560
434,bb_4368::row225::t3072
435,bb_4368::row225::t3584
436,bb_4368::row225::t4096
437,bb_4368::row225::t4608
438,bb_4368::row225::t512
439,bb_4368::row225::t5120
440,bb_4368::row225::t5632
441,bb_4368::row225::t6144
442,bb_4368::row225::t6656
443,bb_4368::row225::t7168
444,bb_4368::row225::t7680
445,bb_4368::row225::t8192
446,bb_4368::row225::t8704
447,bb_4368::row225::t9216
448,bb_4368::row225::t9728
449,bb_4656::row424::t0
450,bb_4656::row424::t1024
451,bb_4656::row424::t1536
452,bb_4656::row424::t512
453,bb_4705::row144::t0
454,bb_4705::row144::t1024
455,bb_4705::row144::t1536
456,bb_4705::row144::t2048
457,bb_4705::row144::t2560
458,bb_4705::row144::t3072
459,bb_4705::row144::t3584
460,bb_4705::row144::t4096
461,bb_4705::row144::t4608
462,bb_4705::row144::t512
463,bb_4705::row144::t5120
464,bb_4705::row144::t5632
465,bb_4705::row144::t6144
466,bb_4705::row144::t6656
467,bb_4705::row144::t7168
468,bb_4705::row144::t7680
469,bb_4705::row144::t8192
470,bb_4705::row144::t8704
471,bb_4705::row144::t9216
472,bb_4705::row144::t9728
473,bb_4965::row10::t0
474,bb_4965::row10::t1024
475,bb_4965::row10::t1536
476,bb_4965::row10::t2048
477,bb_4965::row10::t2560
478,bb_4965::row10::t3072
479,bb_4965::row10::t3584
480,bb_4965::row10::t4096
481,bb_4965::row10::t4608
482,bb_4965::row10::t512
483,bb_4965::row10::t5120
484,bb_4965::row10::t5632
485,bb_4965::row10::t6144
486,bb_4965::row10::t6656
487,bb_4965::row10::t7168
488,bb_5043::row363::t0
489,bb_5043::row363::t1024
490,bb_5043::row363::t1536
491,bb_5043::row363::t2048
492,bb_5043::row363::t2560
493,bb_5043::row363::t512
494,bb_5241::row96::t0
495,bb_5241::row96::t1024
496,bb_5241::row96::t10240
497,bb_5241::row96::t10752
498,bb_5241::row96::t11264
499,bb_5241::row96::t11776
500,bb_5241::row96::t12288
501,bb_5241::row96::t12800
502,bb_5241::row96::t13312
503,bb_5241::row96::t13824
504,bb_5241::row96::t14336
505,bb_5241::row96::t14848
506,bb_5241::row96::t1536
507,bb_5241::row96::t15360
508,bb_5241::row96::t15872
509,bb_5241::row96::t16384
510,bb_5241::row96::t16896
511,bb_5241::row96::t17408
512,bb_5241::row96::t17920
513,bb_5241::row96::t18432
514,bb_5241::row96::t18944
515,bb_5241::row96::t19456
516,bb_5241::row96::t19968
517,bb_5241::row96::t2048
518,bb_5241::row96::t20480
519,bb_5241::row96::t20992
520,bb_5241::row96::t21504
521,bb_5241::row96::t22016
522,bb_5241::row96::t22528
523,bb_5241::row96::t23040
524,bb_5241::row96::t23552
525,bb_5241::row96::t24064
526,bb_5241::row96::t24576
527,bb_5241::row96::t25088
528,bb_5241::row96::t2560
529,bb_5241::row96::t25600
530,bb_5241::row96::t26112
531,bb_5241::row96::t26624
532,bb_5241::row96::t27136
533,bb_5241::row96::t27648
534,bb_5241::row96::t28160
535,bb_5241::row96::t28672
536,bb_5241::row96::t29184
537,bb_5241::row96::t29696
538,bb_5241::row96::t30208
539,bb_5241::row96::t3072
540,bb_5241::row96::t30720
541,bb_5241::row96::t31232
542,bb_5241::row96::t31744
543,bb_5241::row96::t32256
544,bb_5241::row96::t32768
545,bb_5241::row96::t33280
546,bb_5241::row96::t33792
547,bb_5241::row96::t34304
548,bb_5241::row96::t34816
549,bb_5241::row96::t35328
550,bb_5241::row96::t3584
551,bb_5241::row96::t35840
552,bb_5241::row96::t36352
553,bb_5241::row96::t36864
554,bb_5241::row96::t37376
555,bb_5241::row96::t37888
556,bb_5241::row96::t38400
557,bb_5241::row96::t4096
558,bb_5241::row96::t4608
559,bb_5241::row96::t512
560,bb_5241::row96::t5120
561,bb_5241::row96::t5632
562,bb_5241::row96::t6144
563,bb_5241::row96::t6656
564,bb_5241::row96::t7168
565,bb_5241::row96::t7680
566,bb_5241::row96::t8192
567,bb_5241::row96::t8704
568,bb_5241::row96::t9216
569,bb_5241::row96::t9728
570,bb_5659::row422::t0
571,bb_5659::row422::t1024
572,bb_5659::row422::t1536
573,bb_5659::row422::t2048
574,bb_5659::row422::t512
575,bb_6124::row115::t0
576,bb_6124::row115::t1024
577,bb_6124::row115::t1536
578,bb_6124::row115::t2048
579,bb_6124::row115::t2560
580,bb_6124::row115::t3072
581,bb_6124::row115::t3584
582,bb_6124::row115::t4096
583,bb_6124::row115::t4608
584,bb_6124::row115::t512
585,bb_6124::row115::t5120
586,bb_6124::row115::t5632
587,bb_6124::row115::t6144
588,bb_6124::row115::t6656
589,bb_6124::row115::t7168
590,bb_6124::row115::t7680
591,bb_6443::row274::t0
592,bb_6443::row274::t1024
593,bb_6443::row274::t1536
594,bb_6443::row274::t2048
595,bb_6443::row274::t2560
596,bb_6443::row274::t3072
597,bb_6443::row274::t3584
598,bb_6443::row274::t4096
599,bb_6443::row274::t4608
600,bb_6443::row274::t512
601,bb_6443::row274::t5120
602,bb_6443::row274::t5632
603,bb_6443::row274::t6144
604,bb_6443::row274::t6656
605,bb_6443::row274::t7168
606,bb_6443::row274::t7680
607,bb_6443::row274::t8192
608,bb_6443::row274::t8704
609,bb_6443::row274::t9216
610,bb_6443::row274::t9728
611,bb_6957::row250::t0
612,bb_6957::row250::t1024
613,bb_6957::row250::t10240
614,bb_6957::row250::t10752
615,bb_6957::row250::t11264
616,bb_6957::row250::t11776
617,bb_6957::row250::t12288
618,bb_6957::row250::t12800
619,bb_6957::row250::t13312
620,bb_6957::row250::t13824
621,bb_6957::row250::t14336
622,bb_6957::row250::t14848
623,bb_6957::row250::t1536
624,bb_6957::row250::t15360
625,bb_6957::row250::t15872
626,bb_6957::row250::t16384
627,bb_6957::row250::t16896
628,bb_6957::row250::t17408
629,bb_6957::row250::t17920
630,bb_6957::row250::t18432
631,bb_6957::row250::t18944
632,bb_6957::row250::t19456
633,bb_6957::row250::t19968
634,bb_6957::row250::t2048
635,bb_6957::row250::t20480
636,bb_6957::row250::t20992
637,bb_6957::row250::t21504
638,bb_6957::row250::t22016
639,bb_6957::row250::t22528
640,bb_6957::row250::t23040
641,bb_6957::row250::t23552
642,bb_6957::row250::t24064
643,bb_6957::row250::t2560
644,bb_6957::row250::t3072
645,bb_6957::row250::t3584
646,bb_6957::row250::t4096
647,bb_6957::row250::t4608
648,bb_6957::row250::t512
649,bb_6957::row250::t5120
650,bb_6957::row250::t5632
651,bb_6957::row250::t6144
652,bb_6957::row250::t6656
653,bb_6957::row250::t7168
654,bb_6957::row250::t7680
655,bb_6957::row250::t8192
656,bb_6957::row250::t8704
657,bb_6957::row250::t9216
658,bb_6957::row250::t9728
659,bb_7071::row88::t0
660,bb_7071::row88::t1024
661,bb_7071::row88::t1536
662,bb_7071::row88::t512
663,bb_7149::row400::t0
664,bb_7149::row400::t1024
665,bb_7149::row400::t1536
666,bb_7149::row400::t2048
667,bb_7149::row400::t2560
668,bb_7149::row400::t3072
669,bb_7149::row400::t3584
670,bb_7149::row400::t512
671,bb_7188::row327::t0
672,bb_7188::row327::t1024
673,bb_7188::row327::t1536
674,bb_7188::row327::t2048
675,bb_7188::row327::t2560
676,bb_7188::row327::t3072
677,bb_7188::row327::t3584
678,bb_7188::row327::t4096
679,bb_7188::row327::t4608
680,bb_7188::row327::t512
681,bb_7262::row394::t0
682,bb_7262::row394::t1024
683,bb_7262::row394::t1536
684,bb_7262::row394::t2048
685,bb_7262::row394::t2560
686,bb_7262::row394::t3072
687,bb_7262::row394::t3584
688,bb_7262::row394::t4096
689,bb_7262::row394::t4608
690,bb_7262::row394::t512
691,bb_7262::row394::t5120
692,bb_7262::row394::t5632
693,bb_7262::row394::t6144
694,bb_7262::row394::t6656
695,bb_7279::row110::t0
696,bb_7279::row110::t1024
697,bb_7279::row110::t1536
698,bb_7279::row110::t2048
699,bb_7279::row110::t2560
700,bb_7279::row110::t3072
701,bb_7279::row110::t3584
702,bb_7279::row110::t4096
703,bb_7279::row110::t512
704,bb_7364::row332::t0
705,bb_7364::row332::t1024
706,bb_7364::row332::t1536
707,bb_7364::row332::t2048
708,bb_7364::row332::t2560
709,bb_7364::row332::t3072
710,bb_7364::row332::t3584
711,bb_7364::row332::t4096
712,bb_7364::row332::t4608
713,bb_7364::row332::t512
714,bb_7364::row332::t5120
715,bb_7364::row332::t5632
716,bb_7364::row332::t6144
717,bb_7364::row332::t6656
718,bb_7364::row332::t7168
719,bb_7364::row332::t7680
720,bb_7364::row332::t8192
721,bb_7364::row332::t8704
722,bb_7364::row332::t9216
723,bb_7364::row332::t9728
724,bb_7450::row145::t0
725,bb_7450::row145::t512
726,bb_8203::row385::t0
727,bb_8203::row385::t1024
728,bb_8203::row385::t1536
729,bb_8203::row385::t2048
730,bb_8203::row385::t2560
731,bb_8203::row385::t3072
732,bb_8203::row385::t3584
733,bb_8203::row385::t4096
734,bb_8203::row385::t4608
735,bb_8203::row385::t512
736,bb_8203::row385::t5120
737,bb_8203::row385::t5632
738,bb_8203::row385::t6144
739,bb_8203::row385::t6656
740,bb_8203::row385::t7168
741,bb_8401::row56::t0
742,bb_8401::row56::t1024
743,bb_8401::row56::t1536
744,bb_8401::row56::t2048
745,bb_8401::row56::t2560
746,bb_8401::row56::t3072
747,bb_8401::row56::t3584
748,bb_8401::row56::t4096
749,bb_8401::row56::t4608
750,bb_8401::row56::t512
751,bb_8401::row56::t5120
752,bb_8401::row56::t5632
753,bb_8443::row368::t0
754,bb_8443::row368::t512
755,bb_8521::row282::t0
756,bb_8521::row282::t1024
757,bb_8521::row282::t1536
758,bb_8521::row282::t2048
759,bb_8521::row282::t2560
760,bb_8521::row282::t3072
761,bb_8521::row282::t3584
762,bb_8521::row282::t4096
763,bb_8521::row282::t4608
764,bb_8521::row282::t512
765,bb_8521::row282::t5120
766,bb_8521::row282::t5632
767,bb_8521::row282::t6144
768,bb_8521::row282::t6656
769,bb_8521::row282::t7168
770,bb_8521::row282::t7680
771,bb_8893::row159::t0
772,bb_8893::row159::t512
773,bb_9192::row54::t0
774,bb_9192::row54::t1024
775,bb_9192::row54::t1536
776,bb_9192::row54::t2048
777,bb_9192::row54::t512
778,bb_9204::row262::t0
779,bb_9204::row262::t1024
780,bb_9204::row262::t1536
781,bb_9204::row262::t2048
782,bb_9204::row262::t512
783,bb_92::row429::t0
784,bb_92::row429::t1024
785,bb_92::row429::t1536
786,bb_92::row429::t2048
787,bb_92::row429::t2560
788,bb_92::row429::t3072
789,bb_92::row429::t3584
790,bb_92::row429::t4096
791,bb_92::row429::t512
792,bb_9396::row430::t0
793,bb_9396::row430::t1024
794,bb_9396::row430::t10240
795,bb_9396::row430::t10752
796,bb_9396::row430::t11264
797,bb_9396::row430::t11776
798,bb_9396::row430::t12288
799,bb_9396::row430::t12800
800,bb_9396::row430::t13312
801,bb_9396::row430::t13824
802,bb_9396::row430::t1536
803,bb_9396::row430::t2048
804,bb_9396::row430::t2560
805,bb_9396::row430::t3072
806,bb_9396::row430::t3584
807,bb_9396::row430::t4096
808,bb_9396::row430::t4608
809,bb_9396::row430::t512
810,bb_9396::row430::t5120
811,bb_9396::row430::t5632
812,bb_9396::row430::t6144
813,bb_9396::row430::t6656
814,bb_9396::row430::t7168
815,bb_9396::row430::t7680
816,bb_9396::row430::t8192
817,bb_9396::row430::t8704
818,bb_9396::row430::t9216
819,bb_9396::row430::t9728
820,bb_9418::row116::t0
821,bb_9418::row116::t1024
822,bb_9418::row116::t1536
823,bb_9418::row116::t2048
824,bb_9418::row116::t2560
825,bb_9418::row116::t3072
826,bb_9418::row116::t3584
827,bb_9418::row116::t4096
828,bb_9418::row116::t4608
829,bb_9418::row116::t512
830,bb_9418::row116::t5120
831,bb_9418::row116::t5632
832,bb_9418::row116::t6144
833,bb_9418::row116::t6656
834,bb_9418::row116::t7168
835,bb_9418::row116::t7680
836,bb_9453::row105::t0
837,bb_9453::row105::t1024
838,bb_9453::row105::t1536
839,bb_9453::row105::t2048
840,bb_9453::row105::t2560
841,bb_9453::row105::t3072
842,bb_9453::row105::t3584
843,bb_9453::row105::t4096
844,bb_9453::row105::t4608
845,bb_9453::row105::t512
846,bb_9453::row105::t5120
847,bb_9453::row105::t5632
848,bb_9453::row105::t6144
849,bb_9453::row105::t6656
850,bt_1131::row136::t0
851,bt_1131::row136::t1024
852,bt_1131::row136::t1536
853,bt_1131::row136::t2048
854,bt_1131::row136::t2560
855,bt_1131::row136::t3072
856,bt_1131::row136::t3584
857,bt_1131::row136::t4096
858,bt_1131::row136::t4608
859,bt_1131::row136::t512
860,bt_1131::row136::t5120
861,bt_1131::row136::t5632
862,bt_1131::row136::t6144
863,bt_1131::row136::t6656
864,bt_1131::row136::t7168
865,bt_1131::row136::t7680
866,bt_1131::row136::t8192
867,bt_1215::row166::t0
868,bt_1215::row166::t1024
869,bt_1215::row166::t1536
870,bt_1215::row166::t2048
871,bt_1215::row166::t2560
872,bt_1215::row166::t3072
873,bt_1215::row166::t3584
874,bt_1215::row166::t4096
875,bt_1215::row166::t4608
876,bt_1215::row166::t512
877,bt_1215::row166::t5120
878,bt_1215::row166::t5632
879,bt_1215::row166::t6144
880,bt_1215::row166::t6656
881,bt_1215::row166::t7168
882,bt_1215::row166::t7680
883,bt_1215::row166::t8192
884,bt_1215::row166::t8704
885,bt_1215::row166::t9216
886,bt_1215::row166::t9728
887,bt_1356::row335::t0
888,bt_1356::row335::t1024
889,bt_1356::row335::t512
890,bt_1568::row306::t0
891,bt_1568::row306::t1024
892,bt_1568::row306::t1536
893,bt_1568::row306::t2048
894,bt_1568::row306::t2560
895,bt_1568::row306::t3072
896,bt_1568::row306::t3584
897,bt_1568::row306::t4096
898,bt_1568::row306::t512
899,bt_1861::row433::t0
900,bt_1861::row433::t1024
901,bt_1861::row433::t512
902,bt_239::row3::t0
903,bt_239::row3::t1024
904,bt_239::row3::t1536
905,bt_239::row3::t2048
906,bt_239::row3::t2560
907,bt_239::row3::t3072
908,bt_239::row3::t3584
909,bt_239::row3::t4096
910,bt_239::row3::t4608
911,bt_239::row3::t512
912,bt_239::row3::t5120
913,bt_239::row3::t5632
914,bt_239::row3::t6144
915,bt_239::row3::t6656
916,bt_239::row3::t7168
917,bt_239::row3::t7680
918,bt_239::row3::t8192
919,bt_2595::row253::t0
920,bt_2595::row253::t1024
921,bt_2595::row253::t10240
922,bt_2595::row253::t10752
923,bt_2595::row253::t11264
924,bt_2595::row253::t1536
925,bt_2595::row253::t2048
926,bt_2595::row253::t2560
927,bt_2595::row253::t3072
928,bt_2595::row253::t3584
929,bt_2595::row253::t4096
930,bt_2595::row253::t4608
931,bt_2595::row253::t512
932,bt_2595::row253::t5120
933,bt_2595::row253::t5632
934,bt_2595::row253::t6144
935,bt_2595::row253::t6656
936,bt_2595::row253::t7168
937,bt_2595::row253::t7680
938,bt_2595::row253::t8192
939,bt_2595::row253::t8704
940,bt_2595::row253::t9216
941,bt_2595::row253::t9728
942,bt_2628::row67::t0
943,bt_2628::row67::t1024
944,bt_2628::row67::t10240
945,bt_2628::row67::t10752
946,bt_2628::row67::t1536
947,bt_2628::row67::t2048
948,bt_2628::row67::t2560
949,bt_2628::row67::t3072
950,bt_2628::row67::t3584
951,bt_2628::row67::t4096
952,bt_2628::row67::t4608
953,bt_2628::row67::t512
954,bt_2628::row67::t5120
955,bt_2628::row67::t5632
956,bt_2628::row67::t6144
957,bt_2628::row67::t6656
958,bt_2628::row67::t7168
959,bt_2628::row67::t7680
960,bt_2628::row67::t8192
961,bt_2628::row67::t8704
962,bt_2628::row67::t9216
963,bt_2628::row67::t9728
964,bt_2705::row316::t0
965,bt_2705::row316::t1024
966,bt_2705::row316::t10240
967,bt_2705::row316::t10752
968,bt_2705::row316::t11264
969,bt_2705::row316::t11776
970,bt_2705::row316::t12288
971,bt_2705::row316::t12800
972,bt_2705::row316::t13312
973,bt_2705::row316::t13824
974,bt_2705::row316::t14336
975,bt_2705::row316::t14848
976,bt_2705::row316::t1536
977,bt_2705::row316::t15360
978,bt_2705::row316::t15872
979,bt_2705::row316::t2048
980,bt_2705::row316::t2560
981,bt_2705::row316::t3072
982,bt_2705::row316::t3584
983,bt_2705::row316::t4096
984,bt_2705::row316::t4608
985,bt_2705::row316::t512
986,bt_2705::row316::t5120
987,bt_2705::row316::t5632
988,bt_2705::row316::t6144
989,bt_2705::row316::t6656
990,bt_2705::row316::t7168
991,bt_2705::row316::t7680
992,bt_2705::row316::t8192
993,bt_2705::row316::t8704
994,bt_2705::row316::t9216
995,bt_2705::row316::t9728
996,bt_3259::row102::t0
997,bt_3259::row102::t1024
998,bt_3259::row102::t10240
999,bt_3259::row102::t1536
1000,bt_3259::row102::t2048
1001,bt_3259::row102::t2560
1002,bt_3259::row102::t3072
1003,bt_3259::row102::t3584
1004,bt_3259::row102::t4096
1005,bt_3259::row102::t4608
1006,bt_3259::row102::t512
1007,bt_3259::row102::t5120
1008,bt_3259::row102::t5632
1009,bt_3259::row102::t6144
1010,bt_3259::row102::t6656
1011,bt_3259::row102::t7168
1012,bt_3259::row102::t7680
1013,bt_3259::row102::t8192
1014,bt_3259::row102::t8704
1015,bt_3259::row102::t9216
1016,bt_3259::row102::t9728
1017,bt_3601::row71::t0
1018,bt_3601::row71::t1024
1019,bt_3601::row71::t1536
1020,bt_3601::row71::t512
1021,bt_726::row103::t0
1022,bt_726::row103::t1024
1023,bt_726::row103::t1536
1024,bt_726::row103::t2048
1025,bt_726::row103::t2560
1026,bt_726::row103::t3072
1027,bt_726::row103::t3584
1028,bt_726::row103::t4096
1029,bt_726::row103::t4608
1030,bt_726::row103::t512
1031,bt_97::row301::t0
1032,bt_97::row301::t1024
1033,bt_97::row301::t1536
1034,bt_97::row301::t2048
1035,bt_97::row301::t2560
1036,bt_97::row301::t3072
1037,bt_97::row301::t3584
1038,bt_97::row301::t4096
1039,bt_97::row301::t4608
1040,bt_97::row301::t512
1041,dpql_1280::row293::t0
1042,dpql_1280::row293::t1024
1043,dpql_1280::row293::t10240
1044,dpql_1280::row293::t10752
1045,dpql_1280::row293::t11264
1046,dpql_1280::row293::t11776
1047,dpql_1280::row293::t12288
1048,dpql_1280::row293::t12800
1049,dpql_1280::row293::t13312
1050,dpql_1280::row293::t13824
1051,dpql_1280::row293::t14336
1052,dpql_1280::row293::t14848
1053,dpql_1280::row293::t1536
1054,dpql_1280::row293::t15360
1055,dpql_1280::row293::t15872
1056,dpql_1280::row293::t16384
1057,dpql_1280::row293::t16896
1058,dpql_1280::row293::t17408
1059,dpql_1280::row293::t17920
1060,dpql_1280::row293::t18432
1061,dpql_1280::row293::t18944
1062,dpql_1280::row293::t19456
1063,dpql_1280::row293::t19968
1064,dpql_1280::row293::t2048
1065,dpql_1280::row293::t20480
1066,dpql_1280::row293::t20992
1067,dpql_1280::row293::t21504
1068,dpql_1280::row293::t22016
1069,dpql_1280::row293::t22528
1070,dpql_1280::row293::t23040
1071,dpql_1280::row293::t23552
1072,dpql_1280::row293::t24064
1073,dpql_1280::row293::t24576
1074,dpql_1280::row293::t2560
1075,dpql_1280::row293::t3072
1076,dpql_1280::row293::t3584
1077,dpql_1280::row293::t4096
1078,dpql_1280::row293::t4608
1079,dpql_1280::row293::t512
1080,dpql_1280::row293::t5120
1081,dpql_1280::row293::t5632
1082,dpql_1280::row293::t6144
1083,dpql_1280::row293::t6656
1084,dpql_1280::row293::t7168
1085,dpql_1280::row293::t7680
1086,dpql_1280::row293::t8192
1087,dpql_1280::row293::t8704
1088,dpql_1280::row293::t9216
1089,dpql_1280::row293::t9728
1090,dpql_1404::row164::t0
1091,dpql_1404::row164::t1024
1092,dpql_1404::row164::t1536
1093,dpql_1404::row164::t2048
1094,dpql_1404::row164::t2560
1095,dpql_1404::row164::t3072
1096,dpql_1404::row164::t3584
1097,dpql_1404::row164::t4096
1098,dpql_1404::row164::t4608
1099,dpql_1404::row164::t512
1100,dpql_1404::row164::t5120
1101,dpql_1404::row164::t5632
1102,dpql_1404::row164::t6144
1103,dpql_1404::row164::t6656
1104,dpql_1404::row164::t7168
1105,dpql_1404::row164::t7680
1106,dpql_2139::row284::t0
1107,dpql_2139::row284::t1024
1108,dpql_2139::row284::t1536
1109,dpql_2139::row284::t2048
1110,dpql_2139::row284::t2560
1111,dpql_2139::row284::t3072
1112,dpql_2139::row284::t3584
1113,dpql_2139::row284::t4096
1114,dpql_2139::row284::t4608
1115,dpql_2139::row284::t512
1116,dpql_2139::row284::t5120
1117,dpql_2139::row284::t5632
1118,dpql_2139::row284::t6144
1119,dpql_2139::row284::t6656
1120,dpql_2139::row284::t7168
1121,dpql_2139::row284::t7680
1122,dpql_216::row163::t0
1123,dpql_216::row163::t512
1124,dpql_2238::row437::t7168
1125,dpql_2238::row437::t7680
1126,dpql_2238::row437::t8192
1127,dpql_2238::row437::t8704
1128,dpql_2238::row437::t9216
1129,dpql_2238::row437::t9728
1130,dpql_2271::row36::t0
1131,dpql_2271::row36::t1024
1132,dpql_2271::row36::t1536
1133,dpql_2271::row36::t2048
1134,dpql_2271::row36::t2560
1135,dpql_2271::row36::t3072
1136,dpql_2271::row36::t512
1137,dpql_231::row217::t0
1138,dpql_231::row217::t1024
1139,dpql_231::row217::t1536
1140,dpql_231::row217::t2048
1141,dpql_231::row217::t512
1142,dpql_2497::row312::t0
1143,dpql_2497::row312::t1024
1144,dpql_2497::row312::t10240
1145,dpql_2497::row312::t10752
1146,dpql_2497::row312::t11264
1147,dpql_2497::row312::t11776
1148,dpql_2497::row312::t12288
1149,dpql_2497::row312::t1536
1150,dpql_2497::row312::t2048
1151,dpql_2497::row312::t2560
1152,dpql_2497::row312::t3072
1153,dpql_2497::row312::t3584
1154,dpql_2497::row312::t4096
1155,dpql_2497::row312::t4608
1156,dpql_2497::row312::t512
1157,dpql_2497::row312::t5120
1158,dpql_2497::row312::t5632
1159,dpql_2497::row312::t6144
1160,dpql_2497::row312::t6656
1161,dpql_2497::row312::t7168
1162,dpql_2497::row312::t7680
1163,dpql_2497::row312::t8192
1164,dpql_2497::row312::t8704
1165,dpql_2497::row312::t9216
1166,dpql_2497::row312::t9728
1167,dpql_3032::row386::t0
1168,dpql_3032::row386::t1024
1169,dpql_3032::row386::t10240
1170,dpql_3032::row386::t10752
1171,dpql_3032::row386::t11264
1172,dpql_3032::row386::t11776
1173,dpql_3032::row386::t12288
1174,dpql_3032::row386::t12800
1175,dpql_3032::row386::t1536
1176,dpql_3032::row386::t2048
1177,dpql_3032::row386::t2560
1178,dpql_3032::row386::t3072
1179,dpql_3032::row386::t3584
1180,dpql_3032::row386::t4096
1181,dpql_3032::row386::t4608
1182,dpql_3032::row386::t512
1183,dpql_3032::row386::t5120
1184,dpql_3032::row386::t5632
1185,dpql_3032::row386::t6144
1186,dpql_3032::row386::t6656
1187,dpql_3032::row386::t7168
1188,dpql_3032::row386::t7680
1189,dpql_3032::row386::t8192
1190,dpql_3032::row386::t8704
1191,dpql_3032::row386::t9216
1192,dpql_3032::row386::t9728
1193,dpql_3252::row0::t0
1194,dpql_3252::row0::t1024
1195,dpql_3252::row0::t1536
1196,dpql_3252::row0::t2048
1197,dpql_3252::row0::t2560
1198,dpql_3252::row0::t3072
1199,dpql_3252::row0::t3584
1200,dpql_3252::row0::t4096
1201,dpql_3252::row0::t4608
1202,dpql_3252::row0::t512
1203,dpql_3252::row0::t5120
1204,dpql_3433::row140::t0
1205,dpql_3433::row140::t1024
1206,dpql_3433::row140::t512
1207,dpql_3447::row434::t0
1208,dpql_3447::row434::t1024
1209,dpql_3447::row434::t1536
1210,dpql_3447::row434::t512
1211,dpql_3512::row219::t0
1212,dpql_3512::row219::t1024
1213,dpql_3512::row219::t1536
1214,dpql_3512::row219::t2048
1215,dpql_3512::row219::t2560
1216,dpql_3512::row219::t512
1217,dpql_3635::row296::t0
1218,dpql_3635::row296::t1024
1219,dpql_3635::row296::t10240
1220,dpql_3635::row296::t10752
1221,dpql_3635::row296::t11264
1222,dpql_3635::row296::t11776
1223,dpql_3635::row296::t12288
1224,dpql_3635::row296::t12800
1225,dpql_3635::row296::t13312
1226,dpql_3635::row296::t13824
1227,dpql_3635::row296::t14336
1228,dpql_3635::row296::t14848
1229,dpql_3635::row296::t1536
1230,dpql_3635::row296::t15360
1231,dpql_3635::row296::t15872
1232,dpql_3635::row296::t16384
1233,dpql_3635::row296::t16896
1234,dpql_3635::row296::t17408
1235,dpql_3635::row296::t17920
1236,dpql_3635::row296::t18432
1237,dpql_3635::row296::t18944
1238,dpql_3635::row296::t19456
1239,dpql_3635::row296::t19968
1240,dpql_3635::row296::t2048
1241,dpql_3635::row296::t2560
1242,dpql_3635::row296::t3072
1243,dpql_3635::row296::t3584
1244,dpql_3635::row296::t4096
1245,dpql_3635::row296::t4608
1246,dpql_3635::row296::t512
1247,dpql_3635::row296::t5120
1248,dpql_3635::row296::t5632
1249,dpql_3635::row296::t6144
1250,dpql_3635::row296::t6656
1251,dpql_3635::row296::t7168
1252,dpql_3635::row296::t7680
1253,dpql_3635::row296::t8192
1254,dpql_3635::row296::t8704
1255,dpql_3635::row296::t9216
1256,dpql_3635::row296::t9728
1257,dpql_4129::row11::t0
1258,dpql_4129::row11::t1024
1259,dpql_4129::row11::t1536
1260,dpql_4129::row11::t512
1261,dpql_4975::row344::t0
1262,dpql_4975::row344::t1024
1263,dpql_4975::row344::t1536
1264,dpql_4975::row344::t2048
1265,dpql_4975::row344::t2560
1266,dpql_4975::row344::t3072
1267,dpql_4975::row344::t3584
1268,dpql_4975::row344::t4096
1269,dpql_4975::row344::t4608
1270,dpql_4975::row344::t512
1271,dpql_4975::row344::t5120
1272,dpql_4975::row344::t5632
1273,dpql_4975::row344::t6144
1274,dpql_4975::row344::t6656
1275,dpql_4975::row344::t7168
1276,dpql_5222::row127::t0
1277,dpql_5222::row127::t512
1278,dpql_5360::row28::t0
1279,dpql_5360::row28::t1024
1280,dpql_5360::row28::t1536
1281,dpql_5360::row28::t2048
1282,dpql_5360::row28::t2560
1283,dpql_5360::row28::t3072
1284,dpql_5360::row28::t512
1285,dpql_5408::row192::t0
1286,dpql_5408::row192::t1024
1287,dpql_5408::row192::t10240
1288,dpql_5408::row192::t10752
1289,dpql_5408::row192::t11264
1290,dpql_5408::row192::t11776
1291,dpql_5408::row192::t12288
1292,dpql_5408::row192::t12800
1293,dpql_5408::row192::t13312
1294,dpql_5408::row192::t13824
1295,dpql_5408::row192::t14336
1296,dpql_5408::row192::t1536
1297,dpql_5408::row192::t2048
1298,dpql_5408::row192::t2560
1299,dpql_5408::row192::t3072
1300,dpql_5408::row192::t3584
1301,dpql_5408::row192::t4096
1302,dpql_5408::row192::t4608
1303,dpql_5408::row192::t512
1304,dpql_5408::row192::t5120
1305,dpql_5408::row192::t5632
1306,dpql_5408::row192::t6144
1307,dpql_5408::row192::t6656
1308,dpql_5408::row192::t7168
1309,dpql_5408::row192::t7680
1310,dpql_5408::row192::t8192
1311,dpql_5408::row192::t8704
1312,dpql_5408::row192::t9216
1313,dpql_5408::row192::t9728
1314,dpql_6084::row92::t0
1315,dpql_6084::row92::t1024
1316,dpql_6084::row92::t10240
1317,dpql_6084::row92::t10752
1318,dpql_6084::row92::t11264
1319,dpql_6084::row92::t11776
1320,dpql_6084::row92::t12288
1321,dpql_6084::row92::t12800
1322,dpql_6084::row92::t13312
1323,dpql_6084::row92::t13824
1324,dpql_6084::row92::t14336
1325,dpql_6084::row92::t14848
1326,dpql_6084::row92::t1536
1327,dpql_6084::row92::t15360
1328,dpql_6084::row92::t15872
1329,dpql_6084::row92::t16384
1330,dpql_6084::row92::t2048
1331,dpql_6084::row92::t2560
1332,dpql_6084::row92::t3072
1333,dpql_6084::row92::t3584
1334,dpql_6084::row92::t4096
1335,dpql_6084::row92::t4608
1336,dpql_6084::row92::t512
1337,dpql_6084::row92::t5120
1338,dpql_6084::row92::t5632
1339,dpql_6084::row92::t6144
1340,dpql_6084::row92::t6656
1341,dpql_6084::row92::t7168
1342,dpql_6084::row92::t7680
1343,dpql_6084::row92::t8192
1344,dpql_6084::row92::t8704
1345,dpql_6084::row92::t9216
1346,dpql_6084::row92::t9728
1347,dpql_6289::row255::t0
1348,dpql_6289::row255::t1024
1349,dpql_6289::row255::t1536
1350,dpql_6289::row255::t2048
1351,dpql_6289::row255::t2560
1352,dpql_6289::row255::t3072
1353,dpql_6289::row255::t3584
1354,dpql_6289::row255::t4096
1355,dpql_6289::row255::t4608
1356,dpql_6289::row255::t512
1357,dpql_647::row21::t0
1358,dpql_647::row21::t1024
1359,dpql_647::row21::t1536
1360,dpql_647::row21::t2048
1361,dpql_647::row21::t2560
1362,dpql_647::row21::t3072
1363,dpql_647::row21::t512
1364,dpql_971::row94::t0
1365,dpql_971::row94::t512
1366,jp_1299::row326::t0
1367,jp_1299::row326::t1024
1368,jp_1299::row326::t1536
1369,jp_1299::row326::t2048
1370,jp_1299::row326::t2560
1371,jp_1299::row326::t3072
1372,jp_1299::row326::t3584
1373,jp_1299::row326::t512
1374,jp_1393::row396::t0
1375,jp_1393::row396::t1024
1376,jp_1393::row396::t1536
1377,jp_1393::row396::t2048
1378,jp_1393::row396::t2560
1379,jp_1393::row396::t3072
1380,jp_1393::row396::t3584
1381,jp_1393::row396::t4096
1382,jp_1393::row396::t4608
1383,jp_1393::row396::t512
1384,jp_1393::row396::t5120
1385,jp_1393::row396::t5632
1386,jp_1393::row396::t6144
1387,jp_1393::row396::t6656
1388,jp_1567::row118::t0
1389,jp_1567::row118::t1024
1390,jp_1567::row118::t1536
1391,jp_1567::row118::t2048
1392,jp_1567::row118::t512
1393,jp_1696::row313::t0
1394,jp_1696::row313::t1024
1395,jp_1696::row313::t10240
1396,jp_1696::row313::t10752
1397,jp_1696::row313::t1536
1398,jp_1696::row313::t2048
1399,jp_1696::row313::t2560
1400,jp_1696::row313::t3072
1401,jp_1696::row313::t3584
1402,jp_1696::row313::t4096
1403,jp_1696::row313::t4608
1404,jp_1696::row313::t512
1405,jp_1696::row313::t5120
1406,jp_1696::row313::t5632
1407,jp_1696::row313::t6144
1408,jp_1696::row313::t6656
1409,jp_1696::row313::t7168
1410,jp_1696::row313::t7680
1411,jp_1696::row313::t8192
1412,jp_1696::row313::t8704
1413,jp_1696::row313::t9216
1414,jp_1696::row313::t9728
1415,jp_1725::row123::t10240
1416,jp_1725::row123::t10752
1417,jp_1725::row123::t11264
1418,jp_1725::row123::t11776
1419,jp_1725::row123::t12288
1420,jp_1725::row123::t12800
1421,jp_1725::row123::t8704
1422,jp_1725::row123::t9216
1423,jp_1725::row123::t9728
1424,jp_1928::row199::t0
1425,jp_1928::row199::t1024
1426,jp_1928::row199::t1536
1427,jp_1928::row199::t2048
1428,jp_1928::row199::t2560
1429,jp_1928::row199::t3072
1430,jp_1928::row199::t512
1431,jp_2149::row241::t0
1432,jp_2149::row241::t1024
1433,jp_2149::row241::t1536
1434,jp_2149::row241::t512
1435,jp_2261::row256::t0
1436,jp_2261::row256::t1024
1437,jp_2261::row256::t1536
1438,jp_2261::row256::t2048
1439,jp_2261::row256::t2560
1440,jp_2261::row256::t512
1441,jp_2839::row101::t0
1442,jp_2839::row101::t1024
1443,jp_2839::row101::t1536
1444,jp_2839::row101::t2048
1445,jp_2839::row101::t2560
1446,jp_2839::row101::t3072
1447,jp_2839::row101::t3584
1448,jp_2839::row101::t4096
1449,jp_2839::row101::t4608
1450,jp_2839::row101::t512
1451,jp_2839::row101::t5120
1452,jp_3148::row195::t0
1453,jp_3148::row195::t1024
1454,jp_3148::row195::t1536
1455,jp_3148::row195::t2048
1456,jp_3148::row195::t2560
1457,jp_3148::row195::t3072
1458,jp_3148::row195::t3584
1459,jp_3148::row195::t4096
1460,jp_3148::row195::t512
1461,jp_3278::row128::t0
1462,jp_3278::row128::t1024
1463,jp_3278::row128::t1536
1464,jp_3278::row128::t2048
1465,jp_3278::row128::t2560
1466,jp_3278::row128::t3072
1467,jp_3278::row128::t3584
1468,jp_3278::row128::t512
1469,jp_3476::row254::t0
1470,jp_3476::row254::t1024
1471,jp_3476::row254::t10240
1472,jp_3476::row254::t10752
1473,jp_3476::row254::t11264
1474,jp_3476::row254::t11776
1475,jp_3476::row254::t1536
1476,jp_3476::row254::t2048
1477,jp_3476::row254::t2560
1478,jp_3476::row254::t3072
1479,jp_3476::row254::t3584
1480,jp_3476::row254::t4096
1481,jp_3476::row254::t4608
1482,jp_3476::row254::t512
1483,jp_3476::row254::t5120
1484,jp_3476::row254::t5632
1485,jp_3476::row254::t6144
1486,jp_3476::row254::t6656
1487,jp_3476::row254::t7168
1488,jp_3476::row254::t7680
1489,jp_3476::row254::t8192
1490,jp_3476::row254::t8704
1491,jp_3476::row254::t9216
1492,jp_3476::row254::t9728
1493,jp_3505::row40::t0
1494,jp_3505::row40::t1024
1495,jp_3505::row40::t1536
1496,jp_3505::row40::t2048
1497,jp_3505::row40::t2560
1498,jp_3505::row40::t3072
1499,jp_3505::row40::t3584
1500,jp_3505::row40::t4096
1501,jp_3505::row40::t512
1502,jp_3747::row5::t0
1503,jp_3747::row5::t1024
1504,jp_3747::row5::t10240
1505,jp_3747::row5::t10752
1506,jp_3747::row5::t11264
1507,jp_3747::row5::t11776
1508,jp_3747::row5::t12288
1509,jp_3747::row5::t12800
1510,jp_3747::row5::t13312
1511,jp_3747::row5::t13824
1512,jp_3747::row5::t14336
1513,jp_3747::row5::t14848
1514,jp_3747::row5::t1536
1515,jp_3747::row5::t15360
1516,jp_3747::row5::t15872
1517,jp_3747::row5::t16384
1518,jp_3747::row5::t16896
1519,jp_3747::row5::t17408
1520,jp_3747::row5::t17920
1521,jp_3747::row5::t18432
1522,jp_3747::row5::t18944
1523,jp_3747::row5::t19456
1524,jp_3747::row5::t19968
1525,jp_3747::row5::t2048
1526,jp_3747::row5::t20480
1527,jp_3747::row5::t20992
1528,jp_3747::row5::t21504
1529,jp_3747::row5::t22016
1530,jp_3747::row5::t22528
1531,jp_3747::row5::t23040
1532,jp_3747::row5::t23552
1533,jp_3747::row5::t24064
1534,jp_3747::row5::t24576
1535,jp_3747::row5::t25088
1536,jp_3747::row5::t2560
1537,jp_3747::row5::t25600
1538,jp_3747::row5::t26112
1539,jp_3747::row5::t26624
1540,jp_3747::row5::t27136
1541,jp_3747::row5::t27648
1542,jp_3747::row5::t28160
1543,jp_3747::row5::t28672
1544,jp_3747::row5::t29184
1545,jp_3747::row5::t29696
1546,jp_3747::row5::t30208
1547,jp_3747::row5::t3072
1548,jp_3747::row5::t30720
1549,jp_3747::row5::t31232
1550,jp_3747::row5::t3584
1551,jp_3747::row5::t4096
1552,jp_3747::row5::t4608
1553,jp_3747::row5::t512
1554,jp_3747::row5::t5120
1555,jp_3747::row5::t5632
1556,jp_3747::row5::t6144
1557,jp_3747::row5::t6656
1558,jp_3747::row5::t7168
1559,jp_3747::row5::t7680
1560,jp_3747::row5::t8192
1561,jp_3747::row5::t8704
1562,jp_3747::row5::t9216
1563,jp_3747::row5::t9728
1564,jp_4009::row220::t0
1565,jp_4009::row220::t1024
1566,jp_4009::row220::t1536
1567,jp_4009::row220::t2048
1568,jp_4009::row220::t2560
1569,jp_4009::row220::t3072
1570,jp_4009::row220::t3584
1571,jp_4009::row220::t4096
1572,jp_4009::row220::t4608
1573,jp_4009::row220::t512
1574,jp_4009::row220::t5120
1575,jp_4009::row220::t5632
1576,jp_4009::row220::t6144
1577,jp_4009::row220::t6656
1578,jp_4009::row220::t7168
1579,jp_4009::row220::t7680
1580,jp_4009::row220::t8192
1581,jp_4009::row220::t8704
1582,jp_4058::row423::t0
1583,jp_4058::row423::t1024
1584,jp_4058::row423::t1536
1585,jp_4058::row423::t2048
1586,jp_4058::row423::t2560
1587,jp_4058::row423::t3072
1588,jp_4058::row423::t3584
1589,jp_4058::row423::t4096
1590,jp_4058::row423::t4608
1591,jp_4058::row423::t512
1592,jp_4058::row423::t5120
1593,jp_4058::row423::t5632
1594,jp_4058::row423::t6144
1595,jp_4058::row423::t6656
1596,jp_4058::row423::t7168
1597,jp_4058::row423::t7680
1598,jp_4278::row161::t0
1599,jp_4292::row6::t0
1600,jp_4292::row6::t512
1601,odql_10257::row234::t0
1602,odql_10257::row234::t1024
1603,odql_10257::row234::t1536
1604,odql_10257::row234::t2048
1605,odql_10257::row234::t2560
1606,odql_10257::row234::t3072
1607,odql_10257::row234::t3584
1608,odql_10257::row234::t4096
1609,odql_10257::row234::t4608
1610,odql_10257::row234::t512
1611,odql_10257::row234::t5120
1612,odql_10257::row234::t5632
1613,odql_10257::row234::t6144
1614,odql_10257::row234::t6656
1615,odql_10257::row234::t7168
1616,odql_10315::row213::t0
1617,odql_10315::row213::t1024
1618,odql_10315::row213::t10240
1619,odql_10315::row213::t10752
1620,odql_10315::row213::t11264
1621,odql_10315::row213::t11776
1622,odql_10315::row213::t12288
1623,odql_10315::row213::t12800
1624,odql_10315::row213::t13312
1625,odql_10315::row213::t13824
1626,odql_10315::row213::t14336
1627,odql_10315::row213::t14848
1628,odql_10315::row213::t1536
1629,odql_10315::row213::t15360
1630,odql_10315::row213::t15872
1631,odql_10315::row213::t16384
1632,odql_10315::row213::t16896
1633,odql_10315::row213::t17408
1634,odql_10315::row213::t17920
1635,odql_10315::row213::t18432
1636,odql_10315::row213::t18944
1637,odql_10315::row213::t19456
1638,odql_10315::row213::t19968
1639,odql_10315::row213::t2048
1640,odql_10315::row213::t20480
1641,odql_10315::row213::t20992
1642,odql_10315::row213::t2560
1643,odql_10315::row213::t3072
1644,odql_10315::row213::t3584
1645,odql_10315::row213::t4096
1646,odql_10315::row213::t4608
1647,odql_10315::row213::t512
1648,odql_10315::row213::t5120
1649,odql_10315::row213::t5632
1650,odql_10315::row213::t6144
1651,odql_10315::row213::t6656
1652,odql_10315::row213::t7168
1653,odql_10315::row213::t7680
1654,odql_10315::row213::t8192
1655,odql_10315::row213::t8704
1656,odql_10315::row213::t9216
1657,odql_10315::row213::t9728
1658,odql_10652::row99::t0
1659,odql_10652::row99::t512
1660,odql_10869::row333::t0
1661,odql_11103::row221::t0
1662,odql_11103::row221::t1024
1663,odql_11103::row221::t1536
1664,odql_11103::row221::t2048
1665,odql_11103::row221::t512
1666,odql_11166::row267::t0
1667,odql_11166::row267::t1024
1668,odql_11166::row267::t10240
1669,odql_11166::row267::t10752
1670,odql_11166::row267::t11264
1671,odql_11166::row267::t11776
1672,odql_11166::row267::t12288
1673,odql_11166::row267::t12800
1674,odql_11166::row267::t13312
1675,odql_11166::row267::t13824
1676,odql_11166::row267::t14336
1677,odql_11166::row267::t14848
1678,odql_11166::row267::t1536
1679,odql_11166::row267::t2048
1680,odql_11166::row267::t2560
1681,odql_11166::row267::t3072
1682,odql_11166::row267::t3584
1683,odql_11166::row267::t4096
1684,odql_11166::row267::t4608
1685,odql_11166::row267::t512
1686,odql_11166::row267::t5120
1687,odql_11166::row267::t5632
1688,odql_11166::row267::t6144
1689,odql_11166::row267::t6656
1690,odql_11166::row267::t7168
1691,odql_11166::row267::t7680
1692,odql_11166::row267::t8192
1693,odql_11166::row267::t8704
1694,odql_11166::row267::t9216
1695,odql_11166::row267::t9728
1696,odql_11176::row297::t0
1697,odql_11176::row297::t1024
1698,odql_11176::row297::t1536
1699,odql_11176::row297::t2048
1700,odql_11176::row297::t2560
1701,odql_11176::row297::t3072
1702,odql_11176::row297::t3584
1703,odql_11176::row297::t4096
1704,odql_11176::row297::t4608
1705,odql_11176::row297::t512
1706,odql_11176::row297::t5120
1707,odql_11176::row297::t5632
1708,odql_11176::row297::t6144
1709,odql_11176::row297::t6656
1710,odql_113::row109::t0
1711,odql_113::row109::t1024
1712,odql_113::row109::t10240
1713,odql_113::row109::t10752
1714,odql_113::row109::t11264
1715,odql_113::row109::t11776
1716,odql_113::row109::t12288
1717,odql_113::row109::t12800
1718,odql_113::row109::t13312
1719,odql_113::row109::t13824
1720,odql_113::row109::t14336
1721,odql_113::row109::t14848
1722,odql_113::row109::t1536
1723,odql_113::row109::t15360
1724,odql_113::row109::t15872
1725,odql_113::row109::t16384
1726,odql_113::row109::t16896
1727,odql_113::row109::t17408
1728,odql_113::row109::t17920
1729,odql_113::row109::t18432
1730,odql_113::row109::t18944
1731,odql_113::row109::t2048
1732,odql_113::row109::t2560
1733,odql_113::row109::t3072
1734,odql_113::row109::t3584
1735,odql_113::row109::t4096
1736,odql_113::row109::t4608
1737,odql_113::row109::t512
1738,odql_113::row109::t5120
1739,odql_113::row109::t5632
1740,odql_113::row109::t6144
1741,odql_113::row109::t6656
1742,odql_113::row109::t7168
1743,odql_113::row109::t7680
1744,odql_113::row109::t8192
1745,odql_113::row109::t8704
1746,odql_113::row109::t9216
1747,odql_113::row109::t9728
1748,odql_11810::row350::t0
1749,odql_11810::row350::t1024
1750,odql_11810::row350::t512
1751,odql_11942::row370::t0
1752,odql_11942::row370::t1024
1753,odql_11942::row370::t10240
1754,odql_11942::row370::t1536
1755,odql_11942::row370::t2048
1756,odql_11942::row370::t2560
1757,odql_11942::row370::t3072
1758,odql_11942::row370::t3584
1759,odql_11942::row370::t4096
1760,odql_11942::row370::t4608
1761,odql_11942::row370::t512
1762,odql_11942::row370::t5120
1763,odql_11942::row370::t5632
1764,odql_11942::row370::t6144
1765,odql_11942::row370::t6656
1766,odql_11942::row370::t7168
1767,odql_11942::row370::t7680
1768,odql_11942::row370::t8192
1769,odql_11942::row370::t8704
1770,odql_11942::row370::t9216
1771,odql_11942::row370::t9728
1772,odql_12235::row412::t10240
1773,odql_12235::row412::t10752
1774,odql_12235::row412::t4096
1775,odql_12235::row412::t4608
1776,odql_12235::row412::t5120
1777,odql_12235::row412::t5632
1778,odql_12235::row412::t6144
1779,odql_12235::row412::t6656
1780,odql_12235::row412::t7168
1781,odql_12235::row412::t7680
1782,odql_12235::row412::t8192
1783,odql_12235::row412::t8704
1784,odql_12235::row412::t9216
1785,odql_12235::row412::t9728
1786,odql_12481::row186::t0
1787,odql_12481::row186::t1024
1788,odql_12481::row186::t1536
1789,odql_12481::row186::t2048
1790,odql_12481::row186::t2560
1791,odql_12481::row186::t3072
1792,odql_12481::row186::t3584
1793,odql_12481::row186::t4096
1794,odql_12481::row186::t4608
1795,odql_12481::row186::t512
1796,odql_13565::row447::t0
1797,odql_13565::row447::t1024
1798,odql_13565::row447::t1536
1799,odql_13565::row447::t512
1800,odql_13588::row338::t0
1801,odql_13588::row338::t1024
1802,odql_13588::row338::t10240
1803,odql_13588::row338::t10752
1804,odql_13588::row338::t11264
1805,odql_13588::row338::t11776
1806,odql_13588::row338::t12288
1807,odql_13588::row338::t1536
1808,odql_13588::row338::t2048
1809,odql_13588::row338::t2560
1810,odql_13588::row338::t3072
1811,odql_13588::row338::t3584
1812,odql_13588::row338::t4096
1813,odql_13588::row338::t4608
1814,odql_13588::row338::t512
1815,odql_13588::row338::t5120
1816,odql_13588::row338::t5632
1817,odql_13588::row338::t6144
1818,odql_13588::row338::t6656
1819,odql_13588::row338::t7168
1820,odql_13588::row338::t7680
1821,odql_13588::row338::t8192
1822,odql_13588::row338::t8704
1823,odql_13588::row338::t9216
1824,odql_13588::row338::t9728
1825,odql_1389::row436::t0
1826,odql_1389::row436::t1024
1827,odql_1389::row436::t1536
1828,odql_1389::row436::t2048
1829,odql_1389::row436::t2560
1830,odql_1389::row436::t3072
1831,odql_1389::row436::t512
1832,odql_14537::row324::t0
1833,odql_14537::row324::t1024
1834,odql_14537::row324::t1536
1835,odql_14537::row324::t2048
1836,odql_14537::row324::t2560
1837,odql_14537::row324::t3072
1838,odql_14537::row324::t3584
1839,odql_14537::row324::t4096
1840,odql_14537::row324::t4608
1841,odql_14537::row324::t512
1842,odql_14537::row324::t5120
1843,odql_14537::row324::t5632
1844,odql_14537::row324::t6144
1845,odql_14537::row324::t6656
1846,odql_14537::row324::t7168
1847,odql_14537::row324::t7680
1848,odql_14539::row382::t0
1849,odql_14539::row382::t1024
1850,odql_14539::row382::t10240
1851,odql_14539::row382::t10752
1852,odql_14539::row382::t1536
1853,odql_14539::row382::t2048
1854,odql_14539::row382::t2560
1855,odql_14539::row382::t3072
1856,odql_14539::row382::t3584
1857,odql_14539::row382::t4096
1858,odql_14539::row382::t4608
1859,odql_14539::row382::t512
1860,odql_14539::row382::t5120
1861,odql_14539::row382::t5632
1862,odql_14539::row382::t6144
1863,odql_14539::row382::t6656
1864,odql_14539::row382::t7168
1865,odql_14539::row382::t7680
1866,odql_14539::row382::t8192
1867,odql_14539::row382::t8704
1868,odql_14539::row382::t9216
1869,odql_14539::row382::t9728
1870,odql_14815::row371::t0
1871,odql_14815::row371::t1024
1872,odql_14815::row371::t1536
1873,odql_14815::row371::t2048
1874,odql_14815::row371::t2560
1875,odql_14815::row371::t3072
1876,odql_14815::row371::t3584
1877,odql_14815::row371::t4096
1878,odql_14815::row371::t4608
1879,odql_14815::row371::t512
1880,odql_14815::row371::t5120
1881,odql_14815::row371::t5632
1882,odql_14815::row371::t6144
1883,odql_14815::row371::t6656
1884,odql_14815::row371::t7168
1885,odql_14815::row371::t7680
1886,odql_15048::row265::t0
1887,odql_15048::row265::t1024
1888,odql_15048::row265::t1536
1889,odql_15048::row265::t2048
1890,odql_15048::row265::t2560
1891,odql_15048::row265::t3072
1892,odql_15048::row265::t3584
1893,odql_15048::row265::t4096
1894,odql_15048::row265::t4608
1895,odql_15048::row265::t512
1896,odql_15048::row265::t5120
1897,odql_15048::row265::t5632
1898,odql_15048::row265::t6144
1899,odql_15048::row265::t6656
1900,odql_15048::row265::t7168
1901,odql_15048::row265::t7680
1902,odql_15048::row265::t8192
1903,odql_15122::row137::t0
1904,odql_15122::row137::t1024
1905,odql_15122::row137::t10240
1906,odql_15122::row137::t10752
1907,odql_15122::row137::t11264
1908,odql_15122::row137::t11776
1909,odql_15122::row137::t12288
1910,odql_15122::row137::t12800
1911,odql_15122::row137::t13312
1912,odql_15122::row137::t13824
1913,odql_15122::row137::t14336
1914,odql_15122::row137::t1536
1915,odql_15122::row137::t2048
1916,odql_15122::row137::t2560
1917,odql_15122::row137::t3072
1918,odql_15122::row137::t3584
1919,odql_15122::row137::t4096
1920,odql_15122::row137::t4608
1921,odql_15122::row137::t512
1922,odql_15122::row137::t5120
1923,odql_15122::row137::t5632
1924,odql_15122::row137::t6144
1925,odql_15122::row137::t6656
1926,odql_15122::row137::t7168
1927,odql_15122::row137::t7680
1928,odql_15122::row137::t8192
1929,odql_15122::row137::t8704
1930,odql_15122::row137::t9216
1931,odql_15122::row137::t9728
1932,odql_2332::row197::t0
1933,odql_2420::row334::t0
1934,odql_2420::row334::t1024
1935,odql_2420::row334::t1536
1936,odql_2420::row334::t2048
1937,odql_2420::row334::t2560
1938,odql_2420::row334::t3072
1939,odql_2420::row334::t3584
1940,odql_2420::row334::t4096
1941,odql_2420::row334::t4608
1942,odql_2420::row334::t512
1943,odql_2420::row334::t5120
1944,odql_2420::row334::t5632
1945,odql_2420::row334::t6144
1946,odql_2466::row289::t0
1947,odql_2466::row289::t1024
1948,odql_2466::row289::t1536
1949,odql_2466::row289::t2048
1950,odql_2466::row289::t2560
1951,odql_2466::row289::t3072
1952,odql_2466::row289::t3584
1953,odql_2466::row289::t4096
1954,odql_2466::row289::t4608
1955,odql_2466::row289::t512
1956,odql_2466::row289::t5120
1957,odql_2466::row289::t5632
1958,odql_2466::row289::t6144
1959,odql_2466::row289::t6656
1960,odql_2466::row289::t7168
1961,odql_2466::row289::t7680
1962,odql_2466::row289::t8192
1963,odql_2466::row289::t8704
1964,odql_2466::row289::t9216
1965,odql_2571::row216::t0
1966,odql_2571::row216::t1024
1967,odql_2571::row216::t1536
1968,odql_2571::row216::t2048
1969,odql_2571::row216::t2560
1970,odql_2571::row216::t3072
1971,odql_2571::row216::t3584
1972,odql_2571::row216::t4096
1973,odql_2571::row216::t4608
1974,odql_2571::row216::t512
1975,odql_2571::row216::t5120
1976,odql_2571::row216::t5632
1977,odql_2571::row216::t6144
1978,odql_2571::row216::t6656
1979,odql_2571::row216::t7168
1980,odql_2571::row216::t7680
1981,odql_2571::row216::t8192
1982,odql_2571::row216::t8704
1983,odql_2571::row216::t9216
1984,odql_2571::row216::t9728
1985,odql_424::row29::t0
1986,odql_424::row29::t1024
1987,odql_424::row29::t1536
1988,odql_424::row29::t2048
1989,odql_424::row29::t2560
1990,odql_424::row29::t3072
1991,odql_424::row29::t3584
1992,odql_424::row29::t4096
1993,odql_424::row29::t4608
1994,odql_424::row29::t512
1995,odql_424::row29::t5120
1996,odql_424::row29::t5632
1997,odql_424::row29::t6144
1998,odql_4856::row403::t0
1999,odql_4856::row403::t1024
2000,odql_4856::row403::t512
2001,odql_4883::row366::t0
2002,odql_4883::row366::t1024
2003,odql_4883::row366::t10240
2004,odql_4883::row366::t10752
2005,odql_4883::row366::t11264
2006,odql_4883::row366::t11776
2007,odql_4883::row366::t12288
2008,odql_4883::row366::t12800
2009,odql_4883::row366::t13312
2010,odql_4883::row366::t13824
2011,odql_4883::row366::t14336
2012,odql_4883::row366::t14848
2013,odql_4883::row366::t1536
2014,odql_4883::row366::t2048
2015,odql_4883::row366::t2560
2016,odql_4883::row366::t3072
2017,odql_4883::row366::t3584
2018,odql_4883::row366::t4096
2019,odql_4883::row366::t4608
2020,odql_4883::row366::t512
2021,odql_4883::row366::t5120
2022,odql_4883::row366::t5632
2023,odql_4883::row366::t6144
2024,odql_4883::row366::t6656
2025,odql_4883::row366::t7168
2026,odql_4883::row366::t7680
2027,odql_4883::row366::t8192
2028,odql_4883::row366::t8704
2029,odql_4883::row366::t9216
2030,odql_4883::row366::t9728
2031,odql_525::row46::t0
2032,odql_525::row46::t1024
2033,odql_525::row46::t10240
2034,odql_525::row46::t10752
2035,odql_525::row46::t11264
2036,odql_525::row46::t11776
2037,odql_525::row46::t12288
2038,odql_525::row46::t1536
2039,odql_525::row46::t2048
2040,odql_525::row46::t2560
2041,odql_525::row46::t3072
2042,odql_525::row46::t3584
2043,odql_525::row46::t4096
2044,odql_525::row46::t4608
2045,odql_525::row46::t512
2046,odql_525::row46::t5120
2047,odql_525::row46::t5632
2048,odql_525::row46::t6144
2049,odql_525::row46::t6656
2050,odql_525::row46::t7168
2051,odql_525::row46::t7680
2052,odql_525::row46::t8192
2053,odql_525::row46::t8704
2054,odql_525::row46::t9216
2055,odql_525::row46::t9728
2056,odql_5844::row373::t0
2057,odql_5844::row373::t1024
2058,odql_5844::row373::t1536
2059,odql_5844::row373::t2048
2060,odql_5844::row373::t2560
2061,odql_5844::row373::t3072
2062,odql_5844::row373::t512
2063,odql_5896::row9::t0
2064,odql_5896::row9::t1024
2065,odql_5896::row9::t1536
2066,odql_5896::row9::t2048
2067,odql_5896::row9::t2560
2068,odql_5896::row9::t3072
2069,odql_5896::row9::t3584
2070,odql_5896::row9::t4096
2071,odql_5896::row9::t4608
2072,odql_5896::row9::t512
2073,odql_5896::row9::t5120
2074,odql_5896::row9::t5632
2075,odql_5900::row252::t0
2076,odql_5900::row252::t1024
2077,odql_5900::row252::t10240
2078,odql_5900::row252::t10752
2079,odql_5900::row252::t11264
2080,odql_5900::row252::t11776
2081,odql_5900::row252::t12288
2082,odql_5900::row252::t12800
2083,odql_5900::row252::t1536
2084,odql_5900::row252::t2048
2085,odql_5900::row252::t2560
2086,odql_5900::row252::t3072
2087,odql_5900::row252::t3584
2088,odql_5900::row252::t4096
2089,odql_5900::row252::t4608
2090,odql_5900::row252::t512
2091,odql_5900::row252::t5120
2092,odql_5900::row252::t5632
2093,odql_5900::row252::t6144
2094,odql_5900::row252::t6656
2095,odql_5900::row252::t7168
2096,odql_5900::row252::t7680
2097,odql_5900::row252::t8192
2098,odql_5900::row252::t8704
2099,odql_5900::row252::t9216
2100,odql_5900::row252::t9728
2101,odql_599::row258::t0
2102,odql_599::row258::t1024
2103,odql_599::row258::t1536
2104,odql_599::row258::t2048
2105,odql_599::row258::t2560
2106,odql_599::row258::t3072
2107,odql_599::row258::t3584
2108,odql_599::row258::t4096
2109,odql_599::row258::t4608
2110,odql_599::row258::t512
2111,odql_599::row258::t5120
2112,odql_6295::row248::t10240
2113,odql_6295::row248::t10752
2114,odql_6295::row248::t11264
2115,odql_6295::row248::t11776
2116,odql_6295::row248::t12288
2117,odql_6295::row248::t12800
2118,odql_6295::row248::t13312
2119,odql_6295::row248::t13824
2120,odql_6295::row248::t14336
2121,odql_6295::row248::t14848
2122,odql_6295::row248::t15360
2123,odql_6295::row248::t15872
2124,odql_6295::row248::t16384
2125,odql_6295::row248::t16896
2126,odql_6295::row248::t17408
2127,odql_6295::row248::t17920
2128,odql_6295::row248::t18432
2129,odql_6295::row248::t18944
2130,odql_6295::row248::t19456
2131,odql_6295::row248::t19968
2132,odql_6295::row248::t20480
2133,odql_6295::row248::t20992
2134,odql_6295::row248::t21504
2135,odql_6295::row248::t22016
2136,odql_6295::row248::t22528
2137,odql_6295::row248::t23040
2138,odql_6295::row248::t23552
2139,odql_6295::row248::t24064
2140,odql_6295::row248::t24576
2141,odql_6295::row248::t25088
2142,odql_6295::row248::t25600
2143,odql_6295::row248::t26112
2144,odql_6295::row248::t26624
2145,odql_6295::row248::t27136
2146,odql_6295::row248::t27648
2147,odql_6295::row248::t28160
2148,odql_6295::row248::t28672
2149,odql_6295::row248::t29184
2150,odql_6295::row248::t29696
2151,odql_6295::row248::t30208
2152,odql_6295::row248::t30720
2153,odql_6295::row248::t31232
2154,odql_6295::row248::t31744
2155,odql_6295::row248::t32256
2156,odql_6295::row248::t32768
2157,odql_6295::row248::t33280
2158,odql_6295::row248::t33792
2159,odql_6295::row248::t34304
2160,odql_6295::row248::t34816
2161,odql_6295::row248::t35328
2162,odql_6295::row248::t35840
2163,odql_6295::row248::t36352
2164,odql_6295::row248::t36864
2165,odql_6295::row248::t37376
2166,odql_6295::row248::t37888
2167,odql_6295::row248::t38400
2168,odql_6295::row248::t38912
2169,odql_6295::row248::t39424
2170,odql_6295::row248::t39936
2171,odql_6295::row248::t40448
2172,odql_6295::row248::t40960
2173,odql_6295::row248::t41472
2174,odql_6295::row248::t41984
2175,odql_6295::row248::t42496
2176,odql_6295::row248::t43008
2177,odql_6295::row248::t43520
2178,odql_6295::row248::t44032
2179,odql_6295::row248::t44544
2180,odql_6295::row248::t45056
2181,odql_6295::row248::t45568
2182,odql_6295::row248::t46080
2183,odql_6295::row248::t46592
2184,odql_6295::row248::t7680
2185,odql_6295::row248::t8192
2186,odql_6295::row248::t8704
2187,odql_6295::row248::t9216
2188,odql_6295::row248::t9728
2189,odql_6431::row229::t0
2190,odql_6431::row229::t1024
2191,odql_6431::row229::t1536
2192,odql_6431::row229::t2048
2193,odql_6431::row229::t2560
2194,odql_6431::row229::t3072
2195,odql_6431::row229::t3584
2196,odql_6431::row229::t4096
2197,odql_6431::row229::t4608
2198,odql_6431::row229::t512
2199,odql_6431::row229::t5120
2200,odql_6431::row229::t5632
2201,odql_6431::row229::t6144
2202,odql_6431::row229::t6656
2203,odql_6431::row229::t7168
2204,odql_6714::row337::t0
2205,odql_6714::row337::t1024
2206,odql_6714::row337::t10240
2207,odql_6714::row337::t10752
2208,odql_6714::row337::t11264
2209,odql_6714::row337::t11776
2210,odql_6714::row337::t12288
2211,odql_6714::row337::t12800
2212,odql_6714::row337::t13312
2213,odql_6714::row337::t13824
2214,odql_6714::row337::t14336
2215,odql_6714::row337::t14848
2216,odql_6714::row337::t1536
2217,odql_6714::row337::t2048
2218,odql_6714::row337::t2560
2219,odql_6714::row337::t3072
2220,odql_6714::row337::t3584
2221,odql_6714::row337::t4096
2222,odql_6714::row337::t4608
2223,odql_6714::row337::t512
2224,odql_6714::row337::t5120
2225,odql_6714::row337::t5632
2226,odql_6714::row337::t6144
2227,odql_6714::row337::t6656
2228,odql_6714::row337::t7168
2229,odql_6714::row337::t7680
2230,odql_6714::row337::t8192
2231,odql_6714::row337::t8704
2232,odql_6714::row337::t9216
2233,odql_6714::row337::t9728
2234,odql_7061::row336::t0
2235,odql_7061::row336::t512
2236,odql_7079::row42::t0
2237,odql_7079::row42::t512
2238,odql_724::row18::t0
2239,odql_724::row18::t1024
2240,odql_724::row18::t1536
2241,odql_724::row18::t2048
2242,odql_724::row18::t2560
2243,odql_724::row18::t3072
2244,odql_724::row18::t3584
2245,odql_724::row18::t4096
2246,odql_724::row18::t4608
2247,odql_724::row18::t512
2248,odql_7293::row142::t0
2249,odql_7293::row142::t1024
2250,odql_7293::row142::t1536
2251,odql_7293::row142::t2048
2252,odql_7293::row142::t512
2253,odql_7587::row367::t0
2254,odql_7587::row367::t1024
2255,odql_7587::row367::t1536
2256,odql_7587::row367::t2048
2257,odql_7587::row367::t2560
2258,odql_7587::row367::t3072
2259,odql_7587::row367::t3584
2260,odql_7587::row367::t4096
2261,odql_7587::row367::t4608
2262,odql_7587::row367::t512
2263,odql_7587::row367::t5120
2264,odql_7587::row367::t5632
2265,odql_7587::row367::t6144
2266,odql_7587::row367::t6656
2267,odql_7587::row367::t7168
2268,odql_7587::row367::t7680
2269,odql_7587::row367::t8192
2270,odql_776::row98::t0
2271,odql_776::row98::t1024
2272,odql_776::row98::t1536
2273,odql_776::row98::t2048
2274,odql_776::row98::t2560
2275,odql_776::row98::t3072
2276,odql_776::row98::t3584
2277,odql_776::row98::t4096
2278,odql_776::row98::t4608
2279,odql_776::row98::t512
2280,odql_776::row98::t5120
2281,odql_776::row98::t5632
2282,odql_776::row98::t6144
2283,odql_776::row98::t6656
2284,odql_776::row98::t7168
2285,odql_776::row98::t7680
2286,odql_776::row98::t8192
2287,odql_776::row98::t8704
2288,odql_8942::row232::t0
2289,odql_8942::row232::t1024
2290,odql_8942::row232::t1536
2291,odql_8942::row232::t2048
2292,odql_8942::row232::t2560
2293,odql_8942::row232::t3072
2294,odql_8942::row232::t3584
2295,odql_8942::row232::t4096
2296,odql_8942::row232::t4608
2297,odql_8942::row232::t512
2298,odql_8942::row232::t5120
2299,odql_8942::row232::t5632
2300,odql_8959::row374::t0
2301,odql_8959::row374::t1024
2302,odql_8959::row374::t10240
2303,odql_8959::row374::t10752
2304,odql_8959::row374::t11264
2305,odql_8959::row374::t1536
2306,odql_8959::row374::t2048
2307,odql_8959::row374::t2560
2308,odql_8959::row374::t3072
2309,odql_8959::row374::t3584
2310,odql_8959::row374::t4096
2311,odql_8959::row374::t4608
2312,odql_8959::row374::t512
2313,odql_8959::row374::t5120
2314,odql_8959::row374::t5632
2315,odql_8959::row374::t6144
2316,odql_8959::row374::t6656
2317,odql_8959::row374::t7168
2318,odql_8959::row374::t7680
2319,odql_8959::row374::t8192
2320,odql_8959::row374::t8704
2321,odql_8959::row374::t9216
2322,odql_8959::row374::t9728
2323,odql_9756::row264::t41984
2324,odql_9756::row264::t42496
2325,odql_9756::row264::t43008
2326,odql_9756::row264::t43520
2327,odql_9756::row264::t44032
2328,odql_9756::row264::t44544
2329,odql_9756::row264::t45056
2330,odql_9756::row264::t45568
2331,odql_9756::row264::t46080
2332,odql_9756::row264::t46592
2333,odql_9756::row264::t47104
2334,odql_9756::row264::t47616
2335,odql_9756::row264::t48128
2336,odql_9756::row264::t48640
2337,odql_9756::row264::t49152
2338,odql_9756::row264::t49664
2339,odql_9756::row264::t50176
2340,odql_9756::row264::t50688
2341,odql_9756::row264::t51200
2342,odql_9756::row264::t51712
2343,odql_9756::row264::t52224
2344,odql_9756::row264::t52736
2345,odql_9756::row264::t53248
2346,odql_9756::row264::t53760
2347,odql_9756::row264::t54272
2348,odql_9756::row264::t54784
2349,odql_9756::row264::t55296
2350,odql_9756::row264::t55808
2351,odql_9756::row264::t56320
2352,odql_9756::row264::t56832
2353,odql_9756::row264::t57344
2354,odql_9756::row264::t57856
2355,odql_9756::row264::t58368
2356,odql_9756::row264::t58880
2357,odql_9756::row264::t59392
2358,odql_9756::row55::t0
2359,odql_9756::row55::t1024
2360,odql_9756::row55::t10240
2361,odql_9756::row55::t10752
2362,odql_9756::row55::t11264
2363,odql_9756::row55::t11776
2364,odql_9756::row55::t12288
2365,odql_9756::row55::t12800
2366,odql_9756::row55::t13312
2367,odql_9756::row55::t13824
2368,odql_9756::row55::t14336
2369,odql_9756::row55::t14848
2370,odql_9756::row55::t1536
2371,odql_9756::row55::t15360
2372,odql_9756::row55::t15872
2373,odql_9756::row55::t16384
2374,odql_9756::row55::t16896
2375,odql_9756::row55::t17408
2376,odql_9756::row55::t17920
2377,odql_9756::row55::t18432
2378,odql_9756::row55::t18944
2379,odql_9756::row55::t19456
2380,odql_9756::row55::t19968
2381,odql_9756::row55::t2048
2382,odql_9756::row55::t20480
2383,odql_9756::row55::t20992
2384,odql_9756::row55::t21504
2385,odql_9756::row55::t22016
2386,odql_9756::row55::t22528
2387,odql_9756::row55::t23040
2388,odql_9756::row55::t23552
2389,odql_9756::row55::t24064
2390,odql_9756::row55::t24576
2391,odql_9756::row55::t25088
2392,odql_9756::row55::t2560
2393,odql_9756::row55::t25600
2394,odql_9756::row55::t26112
2395,odql_9756::row55::t26624
2396,odql_9756::row55::t27136
2397,odql_9756::row55::t27648
2398,odql_9756::row55::t28160
2399,odql_9756::row55::t28672
2400,odql_9756::row55::t29184
2401,odql_9756::row55::t29696
2402,odql_9756::row55::t30208
2403,odql_9756::row55::t3072
2404,odql_9756::row55::t30720
2405,odql_9756::row55::t31232
2406,odql_9756::row55::t31744
2407,odql_9756::row55::t32256
2408,odql_9756::row55::t32768
2409,odql_9756::row55::t33280
2410,odql_9756::row55::t33792
2411,odql_9756::row55::t34304
2412,odql_9756::row55::t34816
2413,odql_9756::row55::t35328
2414,odql_9756::row55::t3584
2415,odql_9756::row55::t35840
2416,odql_9756::row55::t36352
2417,odql_9756::row55::t36864
2418,odql_9756::row55::t37376
2419,odql_9756::row55::t37888
2420,odql_9756::row55::t38400
2421,odql_9756::row55::t38912
2422,odql_9756::row55::t39424
2423,odql_9756::row55::t39936
2424,odql_9756::row55::t40448
2425,odql_9756::row55::t4096
2426,odql_9756::row55::t40960
2427,odql_9756::row55::t41472
2428,odql_9756::row55::t41984
2429,odql_9756::row55::t42496
2430,odql_9756::row55::t43008
2431,odql_9756::row55::t43520
2432,odql_9756::row55::t44032
2433,odql_9756::row55::t44544
2434,odql_9756::row55::t45056
2435,odql_9756::row55::t45568
2436,odql_9756::row55::t4608
2437,odql_9756::row55::t46080
2438,odql_9756::row55::t46592
2439,odql_9756::row55::t47104
2440,odql_9756::row55::t47616
2441,odql_9756::row55::t48128
2442,odql_9756::row55::t48640
2443,odql_9756::row55::t49152
2444,odql_9756::row55::t49664
2445,odql_9756::row55::t50176
2446,odql_9756::row55::t50688
2447,odql_9756::row55::t512
2448,odql_9756::row55::t5120
2449,odql_9756::row55::t51200
2450,odql_9756::row55::t51712
2451,odql_9756::row55::t52224
2452,odql_9756::row55::t52736
2453,odql_9756::row55::t53248
2454,odql_9756::row55::t53760
2455,odql_9756::row55::t54272
2456,odql_9756::row55::t54784
2457,odql_9756::row55::t55296
2458,odql_9756::row55::t55808
2459,odql_9756::row55::t5632
2460,odql_9756::row55::t56320
2461,odql_9756::row55::t56832
2462,odql_9756::row55::t57344
2463,odql_9756::row55::t57856
2464,odql_9756::row55::t58368
2465,odql_9756::row55::t6144
2466,odql_9756::row55::t6656
2467,odql_9756::row55::t7168
2468,odql_9756::row55::t7680
2469,odql_9756::row55::t8192
2470,odql_9756::row55::t8704
2471,odql_9756::row55::t9216
2472,odql_9756::row55::t9728
2473,odql_981::row342::t0
2474,odql_981::row342::t1024
2475,odql_981::row342::t1536
2476,odql_981::row342::t2048
2477,odql_981::row342::t2560
2478,odql_981::row342::t3072
2479,odql_981::row342::t512
2480,odql_9968::row209::t0
2481,odql_9968::row209::t1024
2482,odql_9968::row209::t1536
2483,odql_9968::row209::t2048
2484,odql_9968::row209::t2560
2485,odql_9968::row209::t3072
2486,odql_9968::row209::t3584
2487,odql_9968::row209::t4096
2488,odql_9968::row209::t4608
2489,odql_9968::row209::t512
2490,odql_9968::row209::t5120
2491,odql_9968::row209::t5632
2492,odql_9968::row209::t6144
2493,qb_10186::row375::t0
2494,qb_10186::row375::t1024
2495,qb_10186::row375::t1536
2496,qb_10186::row375::t2048
2497,qb_10186::row375::t2560
2498,qb_10186::row375::t3072
2499,qb_10186::row375::t3584
2500,qb_10186::row375::t4096
2501,qb_10186::row375::t4608
2502,qb_10186::row375::t512
2503,qb_10186::row375::t5120
2504,qb_10186::row375::t5632
2505,qb_10186::row375::t6144
2506,qb_10186::row375::t6656
2507,qb_10186::row375::t7168
2508,qb_1050::row259::t0
2509,qb_1050::row259::t1024
2510,qb_1050::row259::t10240
2511,qb_1050::row259::t10752
2512,qb_1050::row259::t11264
2513,qb_1050::row259::t11776
2514,qb_1050::row259::t12288
2515,qb_1050::row259::t12800
2516,qb_1050::row259::t13312
2517,qb_1050::row259::t13824
2518,qb_1050::row259::t14336
2519,qb_1050::row259::t14848
2520,qb_1050::row259::t1536
2521,qb_1050::row259::t15360
2522,qb_1050::row259::t15872
2523,qb_1050::row259::t16384
2524,qb_1050::row259::t16896
2525,qb_1050::row259::t17408
2526,qb_1050::row259::t17920
2527,qb_1050::row259::t18432
2528,qb_1050::row259::t18944
2529,qb_1050::row259::t19456
2530,qb_1050::row259::t19968
2531,qb_1050::row259::t2048
2532,qb_1050::row259::t20480
2533,qb_1050::row259::t20992
2534,qb_1050::row259::t21504
2535,qb_1050::row259::t22016
2536,qb_1050::row259::t22528
2537,qb_1050::row259::t23040
2538,qb_1050::row259::t23552
2539,qb_1050::row259::t24064
2540,qb_1050::row259::t24576
2541,qb_1050::row259::t25088
2542,qb_1050::row259::t2560
2543,qb_1050::row259::t3072
2544,qb_1050::row259::t3584
2545,qb_1050::row259::t4096
2546,qb_1050::row259::t4608
2547,qb_1050::row259::t512
2548,qb_1050::row259::t5120
2549,qb_1050::row259::t5632
2550,qb_1050::row259::t6144
2551,qb_1050::row259::t6656
2552,qb_1050::row259::t7168
2553,qb_1050::row259::t7680
2554,qb_1050::row259::t8192
2555,qb_1050::row259::t8704
2556,qb_1050::row259::t9216
2557,qb_1050::row259::t9728
2558,qb_1191::row1::t0
2559,qb_1191::row1::t1024
2560,qb_1191::row1::t1536
2561,qb_1191::row1::t2048
2562,qb_1191::row1::t2560
2563,qb_1191::row1::t3072
2564,qb_1191::row1::t3584
2565,qb_1191::row1::t4096
2566,qb_1191::row1::t4608
2567,qb_1191::row1::t512
2568,qb_1191::row1::t5120
2569,qb_1191::row1::t5632
2570,qb_1191::row1::t6144
2571,qb_1429::row198::t0
2572,qb_1429::row198::t1024
2573,qb_1429::row198::t10240
2574,qb_1429::row198::t10752
2575,qb_1429::row198::t11264
2576,qb_1429::row198::t11776
2577,qb_1429::row198::t12288
2578,qb_1429::row198::t12800
2579,qb_1429::row198::t13312
2580,qb_1429::row198::t13824
2581,qb_1429::row198::t14336
2582,qb_1429::row198::t14848
2583,qb_1429::row198::t1536
2584,qb_1429::row198::t15360
2585,qb_1429::row198::t15872
2586,qb_1429::row198::t16384
2587,qb_1429::row198::t16896
2588,qb_1429::row198::t17408
2589,qb_1429::row198::t17920
2590,qb_1429::row198::t18432
2591,qb_1429::row198::t18944
2592,qb_1429::row198::t19456
2593,qb_1429::row198::t19968
2594,qb_1429::row198::t2048
2595,qb_1429::row198::t20480
2596,qb_1429::row198::t20992
2597,qb_1429::row198::t21504
2598,qb_1429::row198::t22016
2599,qb_1429::row198::t22528
2600,qb_1429::row198::t23040
2601,qb_1429::row198::t23552
2602,qb_1429::row198::t24064
2603,qb_1429::row198::t24576
2604,qb_1429::row198::t25088
2605,qb_1429::row198::t2560
2606,qb_1429::row198::t25600
2607,qb_1429::row198::t26112
2608,qb_1429::row198::t26624
2609,qb_1429::row198::t27136
2610,qb_1429::row198::t3072
2611,qb_1429::row198::t3584
2612,qb_1429::row198::t4096
2613,qb_1429::row198::t4608
2614,qb_1429::row198::t512
2615,qb_1429::row198::t5120
2616,qb_1429::row198::t5632
2617,qb_1429::row198::t6144
2618,qb_1429::row198::t6656
2619,qb_1429::row198::t7168
2620,qb_1429::row198::t7680
2621,qb_1429::row198::t8192
2622,qb_1429::row198::t8704
2623,qb_1429::row198::t9216
2624,qb_1429::row198::t9728
2625,qb_2020::row321::t0
2626,qb_2020::row321::t1024
2627,qb_2020::row321::t1536
2628,qb_2020::row321::t2048
2629,qb_2020::row321::t2560
2630,qb_2020::row321::t3072
2631,qb_2020::row321::t3584
2632,qb_2020::row321::t4096
2633,qb_2020::row321::t4608
2634,qb_2020::row321::t512
2635,qb_2020::row321::t5120
2636,qb_2020::row321::t5632
2637,qb_203::row353::t0
2638,qb_203::row353::t1024
2639,qb_203::row353::t1536
2640,qb_203::row353::t2048
2641,qb_203::row353::t2560
2642,qb_203::row353::t3072
2643,qb_203::row353::t3584
2644,qb_203::row353::t4096
2645,qb_203::row353::t4608
2646,qb_203::row353::t512
2647,qb_203::row353::t5120
2648,qb_203::row353::t5632
2649,qb_203::row353::t6144
2650,qb_203::row353::t6656
2651,qb_203::row353::t7168
2652,qb_203::row353::t7680
2653,qb_203::row353::t8192
2654,qb_203::row353::t8704
2655,qb_203::row353::t9216
2656,qb_2199::row432::t0
2657,qb_2199::row432::t1024
2658,qb_2199::row432::t512
2659,qb_2377::row401::t0
2660,qb_2377::row401::t1024
2661,qb_2377::row401::t10240
2662,qb_2377::row401::t10752
2663,qb_2377::row401::t11264
2664,qb_2377::row401::t11776
2665,qb_2377::row401::t12288
2666,qb_2377::row401::t12800
2667,qb_2377::row401::t13312
2668,qb_2377::row401::t13824
2669,qb_2377::row401::t14336
2670,qb_2377::row401::t14848
2671,qb_2377::row401::t1536
2672,qb_2377::row401::t15360
2673,qb_2377::row401::t15872
2674,qb_2377::row401::t16384
2675,qb_2377::row401::t16896
2676,qb_2377::row401::t17408
2677,qb_2377::row401::t17920
2678,qb_2377::row401::t18432
2679,qb_2377::row401::t18944
2680,qb_2377::row401::t19456
2681,qb_2377::row401::t19968
2682,qb_2377::row401::t2048
2683,qb_2377::row401::t20480
2684,qb_2377::row401::t20992
2685,qb_2377::row401::t21504
2686,qb_2377::row401::t22016
2687,qb_2377::row401::t22528
2688,qb_2377::row401::t23040
2689,qb_2377::row401::t23552
2690,qb_2377::row401::t24064
2691,qb_2377::row401::t24576
2692,qb_2377::row401::t25088
2693,qb_2377::row401::t2560
2694,qb_2377::row401::t25600
2695,qb_2377::row401::t3072
2696,qb_2377::row401::t3584
2697,qb_2377::row401::t4096
2698,qb_2377::row401::t4608
2699,qb_2377::row401::t512
2700,qb_2377::row401::t5120
2701,qb_2377::row401::t5632
2702,qb_2377::row401::t6144
2703,qb_2377::row401::t6656
2704,qb_2377::row401::t7168
2705,qb_2377::row401::t7680
2706,qb_2377::row401::t8192
2707,qb_2377::row401::t8704
2708,qb_2377::row401::t9216
2709,qb_2377::row401::t9728
2710,qb_241::row302::t0
2711,qb_241::row302::t512
2712,qb_2551::row175::t0
2713,qb_2551::row175::t1024
2714,qb_2551::row175::t1536
2715,qb_2551::row175::t2048
2716,qb_2551::row175::t2560
2717,qb_2551::row175::t3072
2718,qb_2551::row175::t3584
2719,qb_2551::row175::t512
2720,qb_2589::row64::t0
2721,qb_3003::row272::t0
2722,qb_3003::row272::t1024
2723,qb_3003::row272::t1536
2724,qb_3003::row272::t2048
2725,qb_3003::row272::t2560
2726,qb_3003::row272::t3072
2727,qb_3003::row272::t3584
2728,qb_3003::row272::t4096
2729,qb_3003::row272::t4608
2730,qb_3003::row272::t512
2731,qb_3003::row272::t5120
2732,qb_3003::row272::t5632
2733,qb_3103::row53::t0
2734,qb_3103::row53::t512
2735,qb_3581::row426::t0
2736,qb_3581::row426::t1024
2737,qb_3581::row426::t10240
2738,qb_3581::row426::t10752
2739,qb_3581::row426::t11264
2740,qb_3581::row426::t11776
2741,qb_3581::row426::t12288
2742,qb_3581::row426::t12800
2743,qb_3581::row426::t13312
2744,qb_3581::row426::t13824
2745,qb_3581::row426::t14336
2746,qb_3581::row426::t14848
2747,qb_3581::row426::t1536
2748,qb_3581::row426::t15360
2749,qb_3581::row426::t15872
2750,qb_3581::row426::t16384
2751,qb_3581::row426::t16896
2752,qb_3581::row426::t17408
2753,qb_3581::row426::t2048
2754,qb_3581::row426::t2560
2755,qb_3581::row426::t3072
2756,qb_3581::row426::t3584
2757,qb_3581::row426::t4096
2758,qb_3581::row426::t4608
2759,qb_3581::row426::t512
2760,qb_3581::row426::t5120
2761,qb_3581::row426::t5632
2762,qb_3581::row426::t6144
2763,qb_3581::row426::t6656
2764,qb_3581::row426::t7168
2765,qb_3581::row426::t7680
2766,qb_3581::row426::t8192
2767,qb_3581::row426::t8704
2768,qb_3581::row426::t9216
2769,qb_3581::row426::t9728
2770,qb_4163::row13::t0
2771,qb_4163::row13::t1024
2772,qb_4163::row13::t512
2773,qb_4173::row226::t0
2774,qb_4173::row226::t1024
2775,qb_4173::row226::t1536
2776,qb_4173::row226::t2048
2777,qb_4173::row226::t2560
2778,qb_4173::row226::t3072
2779,qb_4173::row226::t3584
2780,qb_4173::row226::t4096
2781,qb_4173::row226::t512
2782,qb_4219::row428::t10752
2783,qb_4219::row428::t11264
2784,qb_4219::row428::t11776
2785,qb_4219::row428::t12288
2786,qb_4219::row428::t12800
2787,qb_4219::row428::t13312
2788,qb_4219::row428::t13824
2789,qb_4219::row428::t14336
2790,qb_4219::row428::t14848
2791,qb_4219::row428::t15360
2792,qb_4219::row428::t15872
2793,qb_4219::row428::t16384
2794,qb_4219::row428::t16896
2795,qb_4219::row428::t17408
2796,qb_4219::row428::t17920
2797,qb_4219::row428::t18432
2798,qb_4219::row428::t18944
2799,qb_4219::row428::t19456
2800,qb_4219::row428::t19968
2801,qb_4219::row428::t20480
2802,qb_4219::row428::t20992
2803,qb_4219::row428::t21504
2804,qb_4219::row428::t22016
2805,qb_4219::row428::t22528
2806,qb_4219::row428::t23040
2807,qb_4219::row428::t23552
2808,qb_4219::row428::t24064
2809,qb_4219::row428::t24576
2810,qb_4219::row428::t25088
2811,qb_4219::row428::t25600
2812,qb_4219::row428::t26112
2813,qb_4219::row428::t26624
2814,qb_4219::row428::t27136
2815,qb_4219::row428::t27648
2816,qb_4219::row428::t28160
2817,qb_4219::row428::t28672
2818,qb_4219::row428::t29184
2819,qb_4219::row428::t29696
2820,qb_4220::row52::t0
2821,qb_4220::row52::t1024
2822,qb_4220::row52::t1536
2823,qb_4220::row52::t2048
2824,qb_4220::row52::t2560
2825,qb_4220::row52::t3072
2826,qb_4220::row52::t3584
2827,qb_4220::row52::t4096
2828,qb_4220::row52::t4608
2829,qb_4220::row52::t512
2830,qb_4220::row52::t5120
2831,qb_4528::row176::t0
2832,qb_4528::row176::t1024
2833,qb_4528::row176::t10240
2834,qb_4528::row176::t1536
2835,qb_4528::row176::t2048
2836,qb_4528::row176::t2560
2837,qb_4528::row176::t3072
2838,qb_4528::row176::t3584
2839,qb_4528::row176::t4096
2840,qb_4528::row176::t4608
2841,qb_4528::row176::t512
2842,qb_4528::row176::t5120
2843,qb_4528::row176::t5632
2844,qb_4528::row176::t6144
2845,qb_4528::row176::t6656
2846,qb_4528::row176::t7168
2847,qb_4528::row176::t7680
2848,qb_4528::row176::t8192
2849,qb_4528::row176::t8704
2850,qb_4528::row176::t9216
2851,qb_4528::row176::t9728
2852,qb_468::row155::t0
2853,qb_468::row155::t1024
2854,qb_468::row155::t1536
2855,qb_468::row155::t2048
2856,qb_468::row155::t2560
2857,qb_468::row155::t3072
2858,qb_468::row155::t3584
2859,qb_468::row155::t4096
2860,qb_468::row155::t4608
2861,qb_468::row155::t512
2862,qb_468::row155::t5120
2863,qb_4695::row279::t0
2864,qb_4695::row279::t1024
2865,qb_4695::row279::t10240
2866,qb_4695::row279::t10752
2867,qb_4695::row279::t11264
2868,qb_4695::row279::t11776
2869,qb_4695::row279::t12288
2870,qb_4695::row279::t12800
2871,qb_4695::row279::t13312
2872,qb_4695::row279::t13824
2873,qb_4695::row279::t14336
2874,qb_4695::row279::t14848
2875,qb_4695::row279::t1536
2876,qb_4695::row279::t15360
2877,qb_4695::row279::t15872
2878,qb_4695::row279::t16384
2879,qb_4695::row279::t16896
2880,qb_4695::row279::t17408
2881,qb_4695::row279::t17920
2882,qb_4695::row279::t18432
2883,qb_4695::row279::t18944
2884,qb_4695::row279::t19456
2885,qb_4695::row279::t19968
2886,qb_4695::row279::t2048
2887,qb_4695::row279::t20480
2888,qb_4695::row279::t20992
2889,qb_4695::row279::t21504
2890,qb_4695::row279::t22016
2891,qb_4695::row279::t22528
2892,qb_4695::row279::t23040
2893,qb_4695::row279::t23552
2894,qb_4695::row279::t24064
2895,qb_4695::row279::t24576
2896,qb_4695::row279::t25088
2897,qb_4695::row279::t2560
2898,qb_4695::row279::t25600
2899,qb_4695::row279::t26112
2900,qb_4695::row279::t26624
2901,qb_4695::row279::t27136
2902,qb_4695::row279::t27648
2903,qb_4695::row279::t28160
2904,qb_4695::row279::t28672
2905,qb_4695::row279::t29184
2906,qb_4695::row279::t29696
2907,qb_4695::row279::t30208
2908,qb_4695::row279::t3072
2909,qb_4695::row279::t30720
2910,qb_4695::row279::t31232
2911,qb_4695::row279::t31744
2912,qb_4695::row279::t32256
2913,qb_4695::row279::t32768
2914,qb_4695::row279::t33280
2915,qb_4695::row279::t33792
2916,qb_4695::row279::t34304
2917,qb_4695::row279::t34816
2918,qb_4695::row279::t35328
2919,qb_4695::row279::t3584
2920,qb_4695::row279::t35840
2921,qb_4695::row279::t36352
2922,qb_4695::row279::t36864
2923,qb_4695::row279::t37376
2924,qb_4695::row279::t37888
2925,qb_4695::row279::t38400
2926,qb_4695::row279::t38912
2927,qb_4695::row279::t39424
2928,qb_4695::row279::t39936
2929,qb_4695::row279::t40448
2930,qb_4695::row279::t4096
2931,qb_4695::row279::t40960
2932,qb_4695::row279::t41472
2933,qb_4695::row279::t41984
2934,qb_4695::row279::t42496
2935,qb_4695::row279::t43008
2936,qb_4695::row279::t43520
2937,qb_4695::row279::t44032
2938,qb_4695::row279::t44544
2939,qb_4695::row279::t45056
2940,qb_4695::row279::t45568
2941,qb_4695::row279::t4608
2942,qb_4695::row279::t46080
2943,qb_4695::row279::t46592
2944,qb_4695::row279::t47104
2945,qb_4695::row279::t47616
2946,qb_4695::row279::t512
2947,qb_4695::row279::t5120
2948,qb_4695::row279::t5632
2949,qb_4695::row279::t6144
2950,qb_4695::row279::t6656
2951,qb_4695::row279::t7168
2952,qb_4695::row279::t7680
2953,qb_4695::row279::t8192
2954,qb_4695::row279::t8704
2955,qb_4695::row279::t9216
2956,qb_4695::row279::t9728
2957,qb_4719::row82::t0
2958,qb_4719::row82::t1024
2959,qb_4719::row82::t10240
2960,qb_4719::row82::t10752
2961,qb_4719::row82::t11264
2962,qb_4719::row82::t1536
2963,qb_4719::row82::t2048
2964,qb_4719::row82::t2560
2965,qb_4719::row82::t3072
2966,qb_4719::row82::t3584
2967,qb_4719::row82::t4096
2968,qb_4719::row82::t4608
2969,qb_4719::row82::t512
2970,qb_4719::row82::t5120
2971,qb_4719::row82::t5632
2972,qb_4719::row82::t6144
2973,qb_4719::row82::t6656
2974,qb_4719::row82::t7168
2975,qb_4719::row82::t7680
2976,qb_4719::row82::t8192
2977,qb_4719::row82::t8704
2978,qb_4719::row82::t9216
2979,qb_4719::row82::t9728
2980,qb_4726::row444::t0
2981,qb_4726::row444::t1024
2982,qb_4726::row444::t1536
2983,qb_4726::row444::t2048
2984,qb_4726::row444::t512
2985,qb_4863::row171::t0
2986,qb_4863::row171::t1024
2987,qb_4863::row171::t10240
2988,qb_4863::row171::t10752
2989,qb_4863::row171::t11264
2990,qb_4863::row171::t11776
2991,qb_4863::row171::t12288
2992,qb_4863::row171::t12800
2993,qb_4863::row171::t13312
2994,qb_4863::row171::t13824
2995,qb_4863::row171::t14336
2996,qb_4863::row171::t14848
2997,qb_4863::row171::t1536
2998,qb_4863::row171::t2048
2999,qb_4863::row171::t2560
3000,qb_4863::row171::t3072
3001,qb_4863::row171::t3584
3002,qb_4863::row171::t4096
3003,qb_4863::row171::t4608
3004,qb_4863::row171::t512
3005,qb_4863::row171::t5120
3006,qb_4863::row171::t5632
3007,qb_4863::row171::t6144
3008,qb_4863::row171::t6656
3009,qb_4863::row171::t7168
3010,qb_4863::row171::t7680
3011,qb_4863::row171::t8192
3012,qb_4863::row171::t8704
3013,qb_4863::row171::t9216
3014,qb_4863::row171::t9728
3015,qb_4901::row177::t12800
3016,qb_4911::row384::t0
3017,qb_4911::row384::t512
3018,qb_4949::row22::t0
3019,qb_4949::row22::t512
3020,qb_5175::row58::t0
3021,qb_5175::row58::t1024
3022,qb_5175::row58::t10240
3023,qb_5175::row58::t10752
3024,qb_5175::row58::t11264
3025,qb_5175::row58::t11776
3026,qb_5175::row58::t12288
3027,qb_5175::row58::t12800
3028,qb_5175::row58::t13312
3029,qb_5175::row58::t1536
3030,qb_5175::row58::t2048
3031,qb_5175::row58::t2560
3032,qb_5175::row58::t3072
3033,qb_5175::row58::t3584
3034,qb_5175::row58::t4096
3035,qb_5175::row58::t4608
3036,qb_5175::row58::t512
3037,qb_5175::row58::t5120
3038,qb_5175::row58::t5632
3039,qb_5175::row58::t6144
3040,qb_5175::row58::t6656
3041,qb_5175::row58::t7168
3042,qb_5175::row58::t7680
3043,qb_5175::row58::t8192
3044,qb_5175::row58::t8704
3045,qb_5175::row58::t9216
3046,qb_5175::row58::t9728
3047,qb_5398::row397::t0
3048,qb_5398::row397::t1024
3049,qb_5398::row397::t1536
3050,qb_5398::row397::t2048
3051,qb_5398::row397::t2560
3052,qb_5398::row397::t3072
3053,qb_5398::row397::t3584
3054,qb_5398::row397::t4096
3055,qb_5398::row397::t4608
3056,qb_5398::row397::t512
3057,qb_547::row245::t0
3058,qb_5752::row406::t0
3059,qb_5752::row406::t1024
3060,qb_5752::row406::t10240
3061,qb_5752::row406::t10752
3062,qb_5752::row406::t11264
3063,qb_5752::row406::t11776
3064,qb_5752::row406::t1536
3065,qb_5752::row406::t2048
3066,qb_5752::row406::t2560
3067,qb_5752::row406::t3072
3068,qb_5752::row406::t3584
3069,qb_5752::row406::t4096
3070,qb_5752::row406::t4608
3071,qb_5752::row406::t512
3072,qb_5752::row406::t5120
3073,qb_5752::row406::t5632
3074,qb_5752::row406::t6144
3075,qb_5752::row406::t6656
3076,qb_5752::row406::t7168
3077,qb_5752::row406::t7680
3078,qb_5752::row406::t8192
3079,qb_5752::row406::t8704
3080,qb_5752::row406::t9216
3081,qb_5752::row406::t9728
3082,qb_6527::row35::t0
3083,qb_6527::row35::t1024
3084,qb_6527::row35::t10240
3085,qb_6527::row35::t10752
3086,qb_6527::row35::t11264
3087,qb_6527::row35::t11776
3088,qb_6527::row35::t12288
3089,qb_6527::row35::t12800
3090,qb_6527::row35::t13312
3091,qb_6527::row35::t13824
3092,qb_6527::row35::t14336
3093,qb_6527::row35::t14848
3094,qb_6527::row35::t1536
3095,qb_6527::row35::t15360
3096,qb_6527::row35::t15872
3097,qb_6527::row35::t16384
3098,qb_6527::row35::t16896
3099,qb_6527::row35::t17408
3100,qb_6527::row35::t17920
3101,qb_6527::row35::t18432
3102,qb_6527::row35::t18944
3103,qb_6527::row35::t19456
3104,qb_6527::row35::t19968
3105,qb_6527::row35::t2048
3106,qb_6527::row35::t2560
3107,qb_6527::row35::t3072
3108,qb_6527::row35::t3584
3109,qb_6527::row35::t4096
3110,qb_6527::row35::t4608
3111,qb_6527::row35::t512
3112,qb_6527::row35::t5120
3113,qb_6527::row35::t5632
3114,qb_6527::row35::t6144
3115,qb_6527::row35::t6656
3116,qb_6527::row35::t7168
3117,qb_6527::row35::t7680
3118,qb_6527::row35::t8192
3119,qb_6527::row35::t8704
3120,qb_6527::row35::t9216
3121,qb_6527::row35::t9728
3122,qb_6622::row7::t0
3123,qb_6622::row7::t1024
3124,qb_6622::row7::t10240
3125,qb_6622::row7::t10752
3126,qb_6622::row7::t11264
3127,qb_6622::row7::t11776
3128,qb_6622::row7::t12288
3129,qb_6622::row7::t12800
3130,qb_6622::row7::t13312
3131,qb_6622::row7::t13824
3132,qb_6622::row7::t14336
3133,qb_6622::row7::t14848
3134,qb_6622::row7::t1536
3135,qb_6622::row7::t15360
3136,qb_6622::row7::t15872
3137,qb_6622::row7::t16384
3138,qb_6622::row7::t16896
3139,qb_6622::row7::t17408
3140,qb_6622::row7::t2048
3141,qb_6622::row7::t2560
3142,qb_6622::row7::t3072
3143,qb_6622::row7::t3584
3144,qb_6622::row7::t4096
3145,qb_6622::row7::t4608
3146,qb_6622::row7::t512
3147,qb_6622::row7::t5120
3148,qb_6622::row7::t5632
3149,qb_6622::row7::t6144
3150,qb_6622::row7::t6656
3151,qb_6622::row7::t7168
3152,qb_6622::row7::t7680
3153,qb_6622::row7::t8192
3154,qb_6622::row7::t8704
3155,qb_6622::row7::t9216
3156,qb_6622::row7::t9728
3157,qb_6828::row206::t0
3158,qb_6828::row206::t1024
3159,qb_6828::row206::t1536
3160,qb_6828::row206::t512
3161,qb_7411::row275::t0
3162,qb_7411::row275::t1024
3163,qb_7411::row275::t10240
3164,qb_7411::row275::t10752
3165,qb_7411::row275::t1536
3166,qb_7411::row275::t2048
3167,qb_7411::row275::t2560
3168,qb_7411::row275::t3072
3169,qb_7411::row275::t3584
3170,qb_7411::row275::t4096
3171,qb_7411::row275::t4608
3172,qb_7411::row275::t512
3173,qb_7411::row275::t5120
3174,qb_7411::row275::t5632
3175,qb_7411::row275::t6144
3176,qb_7411::row275::t6656
3177,qb_7411::row275::t7168
3178,qb_7411::row275::t7680
3179,qb_7411::row275::t8192
3180,qb_7411::row275::t8704
3181,qb_7411::row275::t9216
3182,qb_7411::row275::t9728
3183,qb_7790::row339::t0
3184,qb_7790::row339::t1024
3185,qb_7790::row339::t512
3186,qb_8036::row328::t0
3187,qb_8036::row328::t1024
3188,qb_8036::row328::t10240
3189,qb_8036::row328::t10752
3190,qb_8036::row328::t11264
3191,qb_8036::row328::t11776
3192,qb_8036::row328::t12288
3193,qb_8036::row328::t12800
3194,qb_8036::row328::t13312
3195,qb_8036::row328::t13824
3196,qb_8036::row328::t14336
3197,qb_8036::row328::t14848
3198,qb_8036::row328::t1536
3199,qb_8036::row328::t15360
3200,qb_8036::row328::t15872
3201,qb_8036::row328::t2048
3202,qb_8036::row328::t2560
3203,qb_8036::row328::t3072
3204,qb_8036::row328::t3584
3205,qb_8036::row328::t4096
3206,qb_8036::row328::t4608
3207,qb_8036::row328::t512
3208,qb_8036::row328::t5120
3209,qb_8036::row328::t5632
3210,qb_8036::row328::t6144
3211,qb_8036::row328::t6656
3212,qb_8036::row328::t7168
3213,qb_8036::row328::t7680
3214,qb_8036::row328::t8192
3215,qb_8036::row328::t8704
3216,qb_8036::row328::t9216
3217,qb_8036::row328::t9728
3218,qb_8267::row15::t0
3219,qb_8379::row238::t0
3220,qb_8379::row238::t1024
3221,qb_8379::row238::t10240
3222,qb_8379::row238::t10752
3223,qb_8379::row238::t11264
3224,qb_8379::row238::t11776
3225,qb_8379::row238::t12288
3226,qb_8379::row238::t12800
3227,qb_8379::row238::t13312
3228,qb_8379::row238::t13824
3229,qb_8379::row238::t14336
3230,qb_8379::row238::t14848
3231,qb_8379::row238::t1536
3232,qb_8379::row238::t15360
3233,qb_8379::row238::t15872
3234,qb_8379::row238::t16384
3235,qb_8379::row238::t16896
3236,qb_8379::row238::t17408
3237,qb_8379::row238::t17920
3238,qb_8379::row238::t18432
3239,qb_8379::row238::t18944
3240,qb_8379::row238::t19456
3241,qb_8379::row238::t19968
3242,qb_8379::row238::t2048
3243,qb_8379::row238::t20480
3244,qb_8379::row238::t20992
3245,qb_8379::row238::t21504
3246,qb_8379::row238::t22016
3247,qb_8379::row238::t22528
3248,qb_8379::row238::t23040
3249,qb_8379::row238::t23552
3250,qb_8379::row238::t24064
3251,qb_8379::row238::t24576
3252,qb_8379::row238::t25088
3253,qb_8379::row238::t2560
3254,qb_8379::row238::t25600
3255,qb_8379::row238::t26112
3256,qb_8379::row238::t26624
3257,qb_8379::row238::t27136
3258,qb_8379::row238::t27648
3259,qb_8379::row238::t28160
3260,qb_8379::row238::t28672
3261,qb_8379::row238::t29184
3262,qb_8379::row238::t29696
3263,qb_8379::row238::t30208
3264,qb_8379::row238::t3072
3265,qb_8379::row238::t30720
3266,qb_8379::row238::t31232
3267,qb_8379::row238::t31744
3268,qb_8379::row238::t32256
3269,qb_8379::row238::t32768
3270,qb_8379::row238::t33280
3271,qb_8379::row238::t33792
3272,qb_8379::row238::t34304
3273,qb_8379::row238::t34816
3274,qb_8379::row238::t3584
3275,qb_8379::row238::t4096
3276,qb_8379::row238::t4608
3277,qb_8379::row238::t512
3278,qb_8379::row238::t5120
3279,qb_8379::row238::t5632
3280,qb_8379::row238::t6144
3281,qb_8379::row238::t6656
3282,qb_8379::row238::t7168
3283,qb_8379::row238::t7680
3284,qb_8379::row238::t8192
3285,qb_8379::row238::t8704
3286,qb_8379::row238::t9216
3287,qb_8379::row238::t9728
3288,qb_883::row415::t0
3289,qb_883::row415::t1024
3290,qb_883::row415::t1536
3291,qb_883::row415::t2048
3292,qb_883::row415::t2560
3293,qb_883::row415::t512
3294,qb_9149::row122::t0
3295,qb_9149::row122::t1024
3296,qb_9149::row122::t1536
3297,qb_9149::row122::t2048
3298,qb_9149::row122::t2560
3299,qb_9149::row122::t3072
3300,qb_9149::row122::t3584
3301,qb_9149::row122::t4096
3302,qb_9149::row122::t512
3303,qb_916::row66::t0
3304,qb_916::row66::t1024
3305,qb_916::row66::t1536
3306,qb_916::row66::t512
3307,qb_9283::row358::t0
3308,qb_9283::row358::t1024
3309,qb_9283::row358::t1536
3310,qb_9283::row358::t2048
3311,qb_9283::row358::t2560
3312,qb_9283::row358::t3072
3313,qb_9283::row358::t3584
3314,qb_9283::row358::t4096
3315,qb_9283::row358::t4608
3316,qb_9283::row358::t512
3317,qb_9283::row358::t5120
3318,qb_9283::row358::t5632
3319,qb_9283::row358::t6144
3320,qb_9283::row358::t6656
3321,qb_9283::row358::t7168
3322,qb_9283::row358::t7680
3323,qb_9338::row224::t0
3324,qb_9338::row224::t1024
3325,qb_9338::row224::t1536
3326,qb_9338::row224::t2048
3327,qb_9338::row224::t2560
3328,qb_9338::row224::t3072
3329,qb_9338::row224::t512
3330,qb_936::row188::t0
3331,qb_936::row188::t1024
3332,qb_936::row188::t10240
3333,qb_936::row188::t10752
3334,qb_936::row188::t11264
3335,qb_936::row188::t11776
3336,qb_936::row188::t12288
3337,qb_936::row188::t12800
3338,qb_936::row188::t13312
3339,qb_936::row188::t13824
3340,qb_936::row188::t14336
3341,qb_936::row188::t14848
3342,qb_936::row188::t1536
3343,qb_936::row188::t15360
3344,qb_936::row188::t15872
3345,qb_936::row188::t2048
3346,qb_936::row188::t2560
3347,qb_936::row188::t3072
3348,qb_936::row188::t3584
3349,qb_936::row188::t4096
3350,qb_936::row188::t4608
3351,qb_936::row188::t512
3352,qb_936::row188::t5120
3353,qb_936::row188::t5632
3354,qb_936::row188::t6144
3355,qb_936::row188::t6656
3356,qb_936::row188::t7168
3357,qb_936::row188::t7680
3358,qb_936::row188::t8192
3359,qb_936::row188::t8704
3360,qb_936::row188::t9216
3361,qb_936::row188::t9728
3362,qb_9779::row435::t0
3363,qb_9779::row435::t1024
3364,qb_9779::row435::t1536
3365,qb_9779::row435::t2048
3366,qb_9779::row435::t512
3367,qf_1366::row205::t0
3368,qf_1366::row205::t1024
3369,qf_1366::row205::t1536
3370,qf_1366::row205::t2048
3371,qf_1366::row205::t2560
3372,qf_1366::row205::t3072
3373,qf_1366::row205::t3584
3374,qf_1366::row205::t4096
3375,qf_1366::row205::t4608
3376,qf_1366::row205::t512
3377,qf_1366::row205::t5120
3378,qf_1366::row205::t5632
3379,qf_1615::row323::t0
3380,qf_1615::row323::t1024
3381,qf_1615::row323::t10240
3382,qf_1615::row323::t10752
3383,qf_1615::row323::t11264
3384,qf_1615::row323::t11776
3385,qf_1615::row323::t12288
3386,qf_1615::row323::t12800
3387,qf_1615::row323::t13312
3388,qf_1615::row323::t13824
3389,qf_1615::row323::t14336
3390,qf_1615::row323::t14848
3391,qf_1615::row323::t1536
3392,qf_1615::row323::t15360
3393,qf_1615::row323::t15872
3394,qf_1615::row323::t16384
3395,qf_1615::row323::t16896
3396,qf_1615::row323::t2048
3397,qf_1615::row323::t2560
3398,qf_1615::row323::t3072
3399,qf_1615::row323::t3584
3400,qf_1615::row323::t4096
3401,qf_1615::row323::t4608
3402,qf_1615::row323::t512
3403,qf_1615::row323::t5120
3404,qf_1615::row323::t5632
3405,qf_1615::row323::t6144
3406,qf_1615::row323::t6656
3407,qf_1615::row323::t7168
3408,qf_1615::row323::t7680
3409,qf_1615::row323::t8192
3410,qf_1615::row323::t8704
3411,qf_1615::row323::t9216
3412,qf_1615::row323::t9728
3413,qf_1634::row379::t0
3414,qf_1634::row379::t1024
3415,qf_1634::row379::t10240
3416,qf_1634::row379::t10752
3417,qf_1634::row379::t11264
3418,qf_1634::row379::t11776
3419,qf_1634::row379::t12288
3420,qf_1634::row379::t12800
3421,qf_1634::row379::t13312
3422,qf_1634::row379::t13824
3423,qf_1634::row379::t14336
3424,qf_1634::row379::t14848
3425,qf_1634::row379::t1536
3426,qf_1634::row379::t15360
3427,qf_1634::row379::t15872
3428,qf_1634::row379::t16384
3429,qf_1634::row379::t2048
3430,qf_1634::row379::t2560
3431,qf_1634::row379::t3072
3432,qf_1634::row379::t3584
3433,qf_1634::row379::t4096
3434,qf_1634::row379::t4608
3435,qf_1634::row379::t512
3436,qf_1634::row379::t5120
3437,qf_1634::row379::t5632
3438,qf_1634::row379::t6144
3439,qf_1634::row379::t6656
3440,qf_1634::row379::t7168
3441,qf_1634::row379::t7680
3442,qf_1634::row379::t8192
3443,qf_1634::row379::t8704
3444,qf_1634::row379::t9216
3445,qf_1634::row379::t9728
3446,qf_1650::row405::t0
3447,qf_1650::row405::t1024
3448,qf_1650::row405::t1536
3449,qf_1650::row405::t2048
3450,qf_1650::row405::t2560
3451,qf_1650::row405::t3072
3452,qf_1650::row405::t3584
3453,qf_1650::row405::t4096
3454,qf_1650::row405::t4608
3455,qf_1650::row405::t512
3456,qf_1650::row405::t5120
3457,qf_1650::row405::t5632
3458,qf_1650::row405::t6144
3459,qf_1667::row193::t0
3460,qf_1667::row193::t1024
3461,qf_1667::row193::t10240
3462,qf_1667::row193::t10752
3463,qf_1667::row193::t11264
3464,qf_1667::row193::t11776
3465,qf_1667::row193::t12288
3466,qf_1667::row193::t12800
3467,qf_1667::row193::t13312
3468,qf_1667::row193::t13824
3469,qf_1667::row193::t14336
3470,qf_1667::row193::t14848
3471,qf_1667::row193::t1536
3472,qf_1667::row193::t15360
3473,qf_1667::row193::t15872
3474,qf_1667::row193::t2048
3475,qf_1667::row193::t2560
3476,qf_1667::row193::t3072
3477,qf_1667::row193::t3584
3478,qf_1667::row193::t4096
3479,qf_1667::row193::t4608
3480,qf_1667::row193::t512
3481,qf_1667::row193::t5120
3482,qf_1667::row193::t5632
3483,qf_1667::row193::t6144
3484,qf_1667::row193::t6656
3485,qf_1667::row193::t7168
3486,qf_1667::row193::t7680
3487,qf_1667::row193::t8192
3488,qf_1667::row193::t8704
3489,qf_1667::row193::t9216
3490,qf_1667::row193::t9728
3491,qf_1758::row391::t0
3492,qf_1758::row391::t1024
3493,qf_1758::row391::t10240
3494,qf_1758::row391::t10752
3495,qf_1758::row391::t11264
3496,qf_1758::row391::t1536
3497,qf_1758::row391::t2048
3498,qf_1758::row391::t2560
3499,qf_1758::row391::t3072
3500,qf_1758::row391::t3584
3501,qf_1758::row391::t4096
3502,qf_1758::row391::t4608
3503,qf_1758::row391::t512
3504,qf_1758::row391::t5120
3505,qf_1758::row391::t5632
3506,qf_1758::row391::t6144
3507,qf_1758::row391::t6656
3508,qf_1758::row391::t7168
3509,qf_1758::row391::t7680
3510,qf_1758::row391::t8192
3511,qf_1758::row391::t8704
3512,qf_1758::row391::t9216
3513,qf_1758::row391::t9728
3514,qf_1931::row80::t0
3515,qf_1931::row80::t1024
3516,qf_1931::row80::t1536
3517,qf_1931::row80::t2048
3518,qf_1931::row80::t2560
3519,qf_1931::row80::t3072
3520,qf_1931::row80::t3584
3521,qf_1931::row80::t4096
3522,qf_1931::row80::t4608
3523,qf_1931::row80::t512
3524,qf_1931::row80::t5120
3525,qf_1931::row80::t5632
3526,qf_220::row77::t0
3527,qf_220::row77::t512
3528,qf_2473::row298::t0
3529,qf_2473::row298::t512
3530,qf_2678::row364::t0
3531,qf_2678::row364::t1024
3532,qf_2678::row364::t1536
3533,qf_2678::row364::t2048
3534,qf_2678::row364::t2560
3535,qf_2678::row364::t3072
3536,qf_2678::row364::t3584
3537,qf_2678::row364::t4096
3538,qf_2678::row364::t4608
3539,qf_2678::row364::t512
3540,qf_2678::row364::t5120
3541,qf_2678::row364::t5632
3542,qf_2678::row364::t6144
3543,qf_2678::row364::t6656
3544,qf_2678::row364::t7168
3545,qf_2678::row364::t7680
3546,qf_2678::row364::t8192
3547,qf_2678::row364::t8704
3548,qf_2678::row364::t9216
3549,qf_2678::row364::t9728
3550,qf_2755::row131::t0
3551,qf_2755::row131::t1024
3552,qf_2755::row131::t10240
3553,qf_2755::row131::t10752
3554,qf_2755::row131::t11264
3555,qf_2755::row131::t11776
3556,qf_2755::row131::t12288
3557,qf_2755::row131::t12800
3558,qf_2755::row131::t13312
3559,qf_2755::row131::t13824
3560,qf_2755::row131::t14336
3561,qf_2755::row131::t14848
3562,qf_2755::row131::t1536
3563,qf_2755::row131::t2048
3564,qf_2755::row131::t2560
3565,qf_2755::row131::t3072
3566,qf_2755::row131::t3584
3567,qf_2755::row131::t4096
3568,qf_2755::row131::t4608
3569,qf_2755::row131::t512
3570,qf_2755::row131::t5120
3571,qf_2755::row131::t5632
3572,qf_2755::row131::t6144
3573,qf_2755::row131::t6656
3574,qf_2755::row131::t7168
3575,qf_2755::row131::t7680
3576,qf_2755::row131::t8192
3577,qf_2755::row131::t8704
3578,qf_2755::row131::t9216
3579,qf_2755::row131::t9728
3580,qf_3084::row78::t0
3581,qf_3084::row78::t1024
3582,qf_3084::row78::t1536
3583,qf_3084::row78::t2048
3584,qf_3084::row78::t2560
3585,qf_3084::row78::t3072
3586,qf_3084::row78::t3584
3587,qf_3084::row78::t4096
3588,qf_3084::row78::t4608
3589,qf_3084::row78::t512
3590,qf_3084::row78::t5120
3591,qf_3084::row78::t5632
3592,qf_3084::row78::t6144
3593,qf_3084::row78::t6656
3594,qf_3084::row78::t7168
3595,qf_3084::row78::t7680
3596,qf_3084::row78::t8192
3597,qf_3084::row78::t8704
3598,qf_345::row200::t2048
3599,qf_345::row200::t2560
3600,qf_345::row200::t3072
3601,qf_345::row200::t3584
3602,qf_345::row200::t4096
3603,qf_76::row269::t0
3604,qf_76::row269::t1024
3605,qf_76::row269::t1536
3606,qf_76::row269::t512
3607,qf_847::row387::t0
3608,qf_847::row387::t512
3609,qf_979::row416::t0
3610,qf_979::row416::t1024
3611,qf_979::row416::t1536
3612,qf_979::row416::t2048
3613,qf_979::row416::t512
3614,qg_1218::row240::t0
3615,qg_1218::row240::t1024
3616,qg_1218::row240::t1536
3617,qg_1218::row240::t2048
3618,qg_1218::row240::t2560
3619,qg_1218::row240::t3072
3620,qg_1218::row240::t3584
3621,qg_1218::row240::t4096
3622,qg_1218::row240::t4608
3623,qg_1218::row240::t512
3624,qg_1218::row240::t5120
3625,qg_1241::row347::t0
3626,qg_1241::row347::t1024
3627,qg_1241::row347::t10240
3628,qg_1241::row347::t10752
3629,qg_1241::row347::t11264
3630,qg_1241::row347::t11776
3631,qg_1241::row347::t12288
3632,qg_1241::row347::t12800
3633,qg_1241::row347::t13312
3634,qg_1241::row347::t13824
3635,qg_1241::row347::t14336
3636,qg_1241::row347::t14848
3637,qg_1241::row347::t1536
3638,qg_1241::row347::t15360
3639,qg_1241::row347::t15872
3640,qg_1241::row347::t2048
3641,qg_1241::row347::t2560
3642,qg_1241::row347::t3072
3643,qg_1241::row347::t3584
3644,qg_1241::row347::t4096
3645,qg_1241::row347::t4608
3646,qg_1241::row347::t512
3647,qg_1241::row347::t5120
3648,qg_1241::row347::t5632
3649,qg_1241::row347::t6144
3650,qg_1241::row347::t6656
3651,qg_1241::row347::t7168
3652,qg_1241::row347::t7680
3653,qg_1241::row347::t8192
3654,qg_1241::row347::t8704
3655,qg_1241::row347::t9216
3656,qg_1241::row347::t9728
3657,qg_1309::row212::t0
3658,qg_1309::row212::t1024
3659,qg_1309::row212::t10240
3660,qg_1309::row212::t10752
3661,qg_1309::row212::t11264
3662,qg_1309::row212::t11776
3663,qg_1309::row212::t12288
3664,qg_1309::row212::t12800
3665,qg_1309::row212::t13312
3666,qg_1309::row212::t13824
3667,qg_1309::row212::t14336
3668,qg_1309::row212::t14848
3669,qg_1309::row212::t1536
3670,qg_1309::row212::t15360
3671,qg_1309::row212::t15872
3672,qg_1309::row212::t16384
3673,qg_1309::row212::t16896
3674,qg_1309::row212::t17408
3675,qg_1309::row212::t17920
3676,qg_1309::row212::t18432
3677,qg_1309::row212::t18944
3678,qg_1309::row212::t19456
3679,qg_1309::row212::t19968
3680,qg_1309::row212::t2048
3681,qg_1309::row212::t20480
3682,qg_1309::row212::t20992
3683,qg_1309::row212::t21504
3684,qg_1309::row212::t22016
3685,qg_1309::row212::t22528
3686,qg_1309::row212::t23040
3687,qg_1309::row212::t23552
3688,qg_1309::row212::t24064
3689,qg_1309::row212::t2560
3690,qg_1309::row212::t3072
3691,qg_1309::row212::t3584
3692,qg_1309::row212::t4096
3693,qg_1309::row212::t4608
3694,qg_1309::row212::t512
3695,qg_1309::row212::t5120
3696,qg_1309::row212::t5632
3697,qg_1309::row212::t6144
3698,qg_1309::row212::t6656
3699,qg_1309::row212::t7168
3700,qg_1309::row212::t7680
3701,qg_1309::row212::t8192
3702,qg_1309::row212::t8704
3703,qg_1309::row212::t9216
3704,qg_1309::row212::t9728
3705,qg_1555::row124::t0
3706,qg_1555::row124::t1024
3707,qg_1555::row124::t10240
3708,qg_1555::row124::t10752
3709,qg_1555::row124::t11264
3710,qg_1555::row124::t11776
3711,qg_1555::row124::t12288
3712,qg_1555::row124::t12800
3713,qg_1555::row124::t13312
3714,qg_1555::row124::t13824
3715,qg_1555::row124::t14336
3716,qg_1555::row124::t14848
3717,qg_1555::row124::t1536
3718,qg_1555::row124::t15360
3719,qg_1555::row124::t15872
3720,qg_1555::row124::t16384
3721,qg_1555::row124::t16896
3722,qg_1555::row124::t17408
3723,qg_1555::row124::t17920
3724,qg_1555::row124::t18432
3725,qg_1555::row124::t18944
3726,qg_1555::row124::t19456
3727,qg_1555::row124::t19968
3728,qg_1555::row124::t2048
3729,qg_1555::row124::t20480
3730,qg_1555::row124::t20992
3731,qg_1555::row124::t21504
3732,qg_1555::row124::t22016
3733,qg_1555::row124::t22528
3734,qg_1555::row124::t23040
3735,qg_1555::row124::t23552
3736,qg_1555::row124::t24064
3737,qg_1555::row124::t24576
3738,qg_1555::row124::t25088
3739,qg_1555::row124::t2560
3740,qg_1555::row124::t25600
3741,qg_1555::row124::t26112
3742,qg_1555::row124::t26624
3743,qg_1555::row124::t27136
3744,qg_1555::row124::t27648
3745,qg_1555::row124::t28160
3746,qg_1555::row124::t28672
3747,qg_1555::row124::t29184
3748,qg_1555::row124::t29696
3749,qg_1555::row124::t3072
3750,qg_1555::row124::t3584
3751,qg_1555::row124::t4096
3752,qg_1555::row124::t4608
3753,qg_1555::row124::t512
3754,qg_1555::row124::t5120
3755,qg_1555::row124::t5632
3756,qg_1555::row124::t6144
3757,qg_1555::row124::t6656
3758,qg_1555::row124::t7168
3759,qg_1555::row124::t7680
3760,qg_1555::row124::t8192
3761,qg_1555::row124::t8704
3762,qg_1555::row124::t9216
3763,qg_1555::row124::t9728
3764,qg_1652::row185::t0
3765,qg_1652::row185::t1024
3766,qg_1652::row185::t1536
3767,qg_1652::row185::t2048
3768,qg_1652::row185::t2560
3769,qg_1652::row185::t3072
3770,qg_1652::row185::t3584
3771,qg_1652::row185::t4096
3772,qg_1652::row185::t4608
3773,qg_1652::row185::t512
3774,qg_1652::row185::t5120
3775,qg_1652::row185::t5632
3776,qg_1652::row185::t6144
3777,qg_1652::row185::t6656
3778,qg_1914::row263::t0
3779,qg_1914::row263::t1024
3780,qg_1914::row263::t10240
3781,qg_1914::row263::t10752
3782,qg_1914::row263::t11264
3783,qg_1914::row263::t11776
3784,qg_1914::row263::t12288
3785,qg_1914::row263::t12800
3786,qg_1914::row263::t13312
3787,qg_1914::row263::t13824
3788,qg_1914::row263::t14336
3789,qg_1914::row263::t14848
3790,qg_1914::row263::t1536
3791,qg_1914::row263::t15360
3792,qg_1914::row263::t15872
3793,qg_1914::row263::t16384
3794,qg_1914::row263::t16896
3795,qg_1914::row263::t17408
3796,qg_1914::row263::t17920
3797,qg_1914::row263::t18432
3798,qg_1914::row263::t18944
3799,qg_1914::row263::t19456
3800,qg_1914::row263::t19968
3801,qg_1914::row263::t2048
3802,qg_1914::row263::t20480
3803,qg_1914::row263::t20992
3804,qg_1914::row263::t21504
3805,qg_1914::row263::t22016
3806,qg_1914::row263::t22528
3807,qg_1914::row263::t23040
3808,qg_1914::row263::t23552
3809,qg_1914::row263::t24064
3810,qg_1914::row263::t24576
3811,qg_1914::row263::t25088
3812,qg_1914::row263::t2560
3813,qg_1914::row263::t25600
3814,qg_1914::row263::t26112
3815,qg_1914::row263::t26624
3816,qg_1914::row263::t27136
3817,qg_1914::row263::t27648
3818,qg_1914::row263::t28160
3819,qg_1914::row263::t28672
3820,qg_1914::row263::t3072
3821,qg_1914::row263::t3584
3822,qg_1914::row263::t4096
3823,qg_1914::row263::t4608
3824,qg_1914::row263::t512
3825,qg_1914::row263::t5120
3826,qg_1914::row263::t5632
3827,qg_1914::row263::t6144
3828,qg_1914::row263::t6656
3829,qg_1914::row263::t7168
3830,qg_1914::row263::t7680
3831,qg_1914::row263::t8192
3832,qg_1914::row263::t8704
3833,qg_1914::row263::t9216
3834,qg_1914::row263::t9728
3835,qg_2042::row44::t0
3836,qg_2042::row44::t1024
3837,qg_2042::row44::t10240
3838,qg_2042::row44::t10752
3839,qg_2042::row44::t11264
3840,qg_2042::row44::t11776
3841,qg_2042::row44::t12288
3842,qg_2042::row44::t12800
3843,qg_2042::row44::t13312
3844,qg_2042::row44::t13824
3845,qg_2042::row44::t14336
3846,qg_2042::row44::t14848
3847,qg_2042::row44::t1536
3848,qg_2042::row44::t15360
3849,qg_2042::row44::t15872
3850,qg_2042::row44::t16384
3851,qg_2042::row44::t16896
3852,qg_2042::row44::t17408
3853,qg_2042::row44::t17920
3854,qg_2042::row44::t18432
3855,qg_2042::row44::t18944
3856,qg_2042::row44::t19456
3857,qg_2042::row44::t2048
3858,qg_2042::row44::t2560
3859,qg_2042::row44::t3072
3860,qg_2042::row44::t3584
3861,qg_2042::row44::t4096
3862,qg_2042::row44::t4608
3863,qg_2042::row44::t512
3864,qg_2042::row44::t5120
3865,qg_2042::row44::t5632
3866,qg_2042::row44::t6144
3867,qg_2042::row44::t6656
3868,qg_2042::row44::t7168
3869,qg_2042::row44::t7680
3870,qg_2042::row44::t8192
3871,qg_2042::row44::t8704
3872,qg_2042::row44::t9216
3873,qg_2042::row44::t9728
3874,qg_2066::row156::t0
3875,qg_2066::row156::t1024
3876,qg_2066::row156::t1536
3877,qg_2066::row156::t2048
3878,qg_2066::row156::t2560
3879,qg_2066::row156::t3072
3880,qg_2066::row156::t3584
3881,qg_2066::row156::t4096
3882,qg_2066::row156::t4608
3883,qg_2066::row156::t512
3884,qg_2066::row156::t5120
3885,qg_2066::row156::t5632
3886,qg_2066::row156::t6144
3887,qg_2066::row156::t6656
3888,qg_2066::row156::t7168
3889,qg_2066::row156::t7680
3890,qg_2066::row156::t8192
3891,qg_2066::row156::t8704
3892,qg_2066::row156::t9216
3893,qg_2643::row352::t0
3894,qg_2643::row352::t1024
3895,qg_2643::row352::t10240
3896,qg_2643::row352::t10752
3897,qg_2643::row352::t11264
3898,qg_2643::row352::t11776
3899,qg_2643::row352::t12288
3900,qg_2643::row352::t12800
3901,qg_2643::row352::t13312
3902,qg_2643::row352::t13824
3903,qg_2643::row352::t14336
3904,qg_2643::row352::t14848
3905,qg_2643::row352::t1536
3906,qg_2643::row352::t15360
3907,qg_2643::row352::t15872
3908,qg_2643::row352::t16384
3909,qg_2643::row352::t16896
3910,qg_2643::row352::t17408
3911,qg_2643::row352::t17920
3912,qg_2643::row352::t18432
3913,qg_2643::row352::t18944
3914,qg_2643::row352::t19456
3915,qg_2643::row352::t19968
3916,qg_2643::row352::t2048
3917,qg_2643::row352::t20480
3918,qg_2643::row352::t20992
3919,qg_2643::row352::t21504
3920,qg_2643::row352::t22016
3921,qg_2643::row352::t22528
3922,qg_2643::row352::t23040
3923,qg_2643::row352::t23552
3924,qg_2643::row352::t24064
3925,qg_2643::row352::t24576
3926,qg_2643::row352::t25088
3927,qg_2643::row352::t2560
3928,qg_2643::row352::t25600
3929,qg_2643::row352::t26112
3930,qg_2643::row352::t26624
3931,qg_2643::row352::t27136
3932,qg_2643::row352::t27648
3933,qg_2643::row352::t28160
3934,qg_2643::row352::t28672
3935,qg_2643::row352::t29184
3936,qg_2643::row352::t29696
3937,qg_2643::row352::t30208
3938,qg_2643::row352::t3072
3939,qg_2643::row352::t30720
3940,qg_2643::row352::t31232
3941,qg_2643::row352::t31744
3942,qg_2643::row352::t32256
3943,qg_2643::row352::t32768
3944,qg_2643::row352::t33280
3945,qg_2643::row352::t33792
3946,qg_2643::row352::t34304
3947,qg_2643::row352::t34816
3948,qg_2643::row352::t35328
3949,qg_2643::row352::t3584
3950,qg_2643::row352::t35840
3951,qg_2643::row352::t36352
3952,qg_2643::row352::t36864
3953,qg_2643::row352::t37376
3954,qg_2643::row352::t37888
3955,qg_2643::row352::t38400
3956,qg_2643::row352::t4096
3957,qg_2643::row352::t4608
3958,qg_2643::row352::t512
3959,qg_2643::row352::t5120
3960,qg_2643::row352::t5632
3961,qg_2643::row352::t6144
3962,qg_2643::row352::t6656
3963,qg_2643::row352::t7168
3964,qg_2643::row352::t7680
3965,qg_2643::row352::t8192
3966,qg_2643::row352::t8704
3967,qg_2643::row352::t9216
3968,qg_2643::row352::t9728
3969,qg_2648::row4::t0
3970,qg_2648::row4::t1024
3971,qg_2648::row4::t1536
3972,qg_2648::row4::t2048
3973,qg_2648::row4::t512
3974,qg_271::row138::t0
3975,qg_271::row138::t1024
3976,qg_271::row138::t10240
3977,qg_271::row138::t10752
3978,qg_271::row138::t11264
3979,qg_271::row138::t11776
3980,qg_271::row138::t12288
3981,qg_271::row138::t12800
3982,qg_271::row138::t13312
3983,qg_271::row138::t1536
3984,qg_271::row138::t2048
3985,qg_271::row138::t2560
3986,qg_271::row138::t3072
3987,qg_271::row138::t3584
3988,qg_271::row138::t4096
3989,qg_271::row138::t4608
3990,qg_271::row138::t512
3991,qg_271::row138::t5120
3992,qg_271::row138::t5632
3993,qg_271::row138::t6144
3994,qg_271::row138::t6656
3995,qg_271::row138::t7168
3996,qg_271::row138::t7680
3997,qg_271::row138::t8192
3998,qg_271::row138::t8704
3999,qg_271::row138::t9216
4000,qg_271::row138::t9728
4001,qg_3186::row147::t0
4002,qg_3186::row147::t1024
4003,qg_3186::row147::t1536
4004,qg_3186::row147::t2048
4005,qg_3186::row147::t2560
4006,qg_3186::row147::t3072
4007,qg_3186::row147::t3584
4008,qg_3186::row147::t4096
4009,qg_3186::row147::t4608
4010,qg_3186::row147::t512
4011,qg_3186::row147::t5120
4012,qg_3186::row147::t5632
4013,qg_3186::row147::t6144
4014,qg_3186::row147::t6656
4015,qg_3186::row147::t7168
4016,qg_3186::row147::t7680
4017,qg_3338::row408::t0
4018,qg_3338::row408::t1024
4019,qg_3338::row408::t10240
4020,qg_3338::row408::t10752
4021,qg_3338::row408::t11264
4022,qg_3338::row408::t11776
4023,qg_3338::row408::t12288
4024,qg_3338::row408::t12800
4025,qg_3338::row408::t13312
4026,qg_3338::row408::t13824
4027,qg_3338::row408::t14336
4028,qg_3338::row408::t14848
4029,qg_3338::row408::t1536
4030,qg_3338::row408::t15360
4031,qg_3338::row408::t15872
4032,qg_3338::row408::t16384
4033,qg_3338::row408::t16896
4034,qg_3338::row408::t17408
4035,qg_3338::row408::t17920
4036,qg_3338::row408::t18432
4037,qg_3338::row408::t18944
4038,qg_3338::row408::t2048
4039,qg_3338::row408::t2560
4040,qg_3338::row408::t3072
4041,qg_3338::row408::t3584
4042,qg_3338::row408::t4096
4043,qg_3338::row408::t4608
4044,qg_3338::row408::t512
4045,qg_3338::row408::t5120
4046,qg_3338::row408::t5632
4047,qg_3338::row408::t6144
4048,qg_3338::row408::t6656
4049,qg_3338::row408::t7168
4050,qg_3338::row408::t7680
4051,qg_3338::row408::t8192
4052,qg_3338::row408::t8704
4053,qg_3338::row408::t9216
4054,qg_3338::row408::t9728
4055,qg_3384::row167::t0
4056,qg_3384::row167::t1024
4057,qg_3384::row167::t1536
4058,qg_3384::row167::t2048
4059,qg_3384::row167::t2560
4060,qg_3384::row167::t3072
4061,qg_3384::row167::t3584
4062,qg_3384::row167::t4096
4063,qg_3384::row167::t4608
4064,qg_3384::row167::t512
4065,qg_3384::row167::t5120
4066,qg_3384::row167::t5632
4067,qg_3384::row167::t6144
4068,qg_347::row398::t0
4069,qg_347::row398::t1024
4070,qg_347::row398::t1536
4071,qg_347::row398::t2048
4072,qg_347::row398::t2560
4073,qg_347::row398::t3072
4074,qg_347::row398::t3584
4075,qg_347::row398::t4096
4076,qg_347::row398::t4608
4077,qg_347::row398::t512
4078,qg_347::row398::t5120
4079,qg_347::row398::t5632
4080,qg_347::row398::t6144
4081,qg_347::row398::t6656
4082,qg_347::row398::t7168
4083,qg_347::row398::t7680
4084,qg_347::row398::t8192
4085,qg_347::row398::t8704
4086,qg_347::row398::t9216
4087,qg_4107::row24::t0
4088,qg_4434::row211::t0
4089,qg_4434::row211::t1024
4090,qg_4434::row211::t1536
4091,qg_4434::row211::t2048
4092,qg_4434::row211::t512
4093,qg_4446::row179::t0
4094,qg_4446::row179::t1024
4095,qg_4446::row179::t1536
4096,qg_4446::row179::t2048
4097,qg_4446::row179::t2560
4098,qg_4446::row179::t3072
4099,qg_4446::row179::t3584
4100,qg_4446::row179::t4096
4101,qg_4446::row179::t4608
4102,qg_4446::row179::t512
4103,qg_4446::row179::t5120
4104,qg_4446::row179::t5632
4105,qg_4446::row179::t6144
4106,qg_4446::row179::t6656
4107,qg_4446::row179::t7168
4108,qg_4446::row179::t7680
4109,qg_4446::row179::t8192
4110,qg_4446::row179::t8704
4111,qg_4446::row179::t9216
4112,qg_517::row17::t0
4113,qg_517::row17::t1024
4114,qg_517::row17::t1536
4115,qg_517::row17::t2048
4116,qg_517::row17::t2560
4117,qg_517::row17::t3072
4118,qg_517::row17::t3584
4119,qg_517::row17::t4096
4120,qg_517::row17::t4608
4121,qg_517::row17::t512
4122,qg_517::row17::t5120
4123,qg_517::row17::t5632
4124,qg_517::row17::t6144
4125,qg_517::row17::t6656
4126,qg_517::row17::t7168
4127,qg_517::row17::t7680
4128,qg_517::row17::t8192
4129,qg_517::row17::t8704
4130,qg_726::row331::t0
4131,qg_726::row331::t1024
4132,qg_726::row331::t1536
4133,qg_726::row331::t2048
4134,qg_726::row331::t2560
4135,qg_726::row331::t512
4136,qg_808::row86::t0
4137,qg_808::row86::t1024
4138,qg_808::row86::t1536
4139,qg_808::row86::t2048
4140,qg_808::row86::t2560
4141,qg_808::row86::t3072
4142,qg_808::row86::t3584
4143,qg_808::row86::t4096
4144,qg_808::row86::t4608
4145,qg_808::row86::t512
4146,qg_808::row86::t5120
4147,qg_808::row86::t5632
4148,qg_965::row443::t0
4149,qg_965::row443::t1024
4150,qg_965::row443::t10240
4151,qg_965::row443::t10752
4152,qg_965::row443::t11264
4153,qg_965::row443::t11776
4154,qg_965::row443::t12288
4155,qg_965::row443::t12800
4156,qg_965::row443::t13312
4157,qg_965::row443::t13824
4158,qg_965::row443::t14336
4159,qg_965::row443::t14848
4160,qg_965::row443::t1536
4161,qg_965::row443::t15360
4162,qg_965::row443::t15872
4163,qg_965::row443::t16384
4164,qg_965::row443::t16896
4165,qg_965::row443::t17408
4166,qg_965::row443::t17920
4167,qg_965::row443::t18432
4168,qg_965::row443::t18944
4169,qg_965::row443::t19456
4170,qg_965::row443::t2048
4171,qg_965::row443::t2560
4172,qg_965::row443::t3072
4173,qg_965::row443::t3584
4174,qg_965::row443::t4096
4175,qg_965::row443::t4608
4176,qg_965::row443::t512
4177,qg_965::row443::t5120
4178,qg_965::row443::t5632
4179,qg_965::row443::t6144
4180,qg_965::row443::t6656
4181,qg_965::row443::t7168
4182,qg_965::row443::t7680
4183,qg_965::row443::t8192
4184,qg_965::row443::t8704
4185,qg_965::row443::t9216
4186,qg_965::row443::t9728
4187,qw_1016::row174::t0
4188,qw_1016::row174::t1024
4189,qw_1016::row174::t1536
4190,qw_1016::row174::t2048
4191,qw_1016::row174::t2560
4192,qw_1016::row174::t3072
4193,qw_1016::row174::t3584
4194,qw_1016::row174::t4096
4195,qw_1016::row174::t4608
4196,qw_1016::row174::t512
4197,qw_1016::row174::t5120
4198,qw_1016::row174::t5632
4199,qw_1016::row174::t6144
4200,qw_1016::row174::t6656
4201,qw_10354::row319::t0
4202,qw_10354::row319::t1024
4203,qw_10354::row319::t10240
4204,qw_10354::row319::t10752
4205,qw_10354::row319::t11264
4206,qw_10354::row319::t11776
4207,qw_10354::row319::t12288
4208,qw_10354::row319::t12800
4209,qw_10354::row319::t13312
4210,qw_10354::row319::t13824
4211,qw_10354::row319::t14336
4212,qw_10354::row319::t14848
4213,qw_10354::row319::t1536
4214,qw_10354::row319::t15360
4215,qw_10354::row319::t15872
4216,qw_10354::row319::t16384
4217,qw_10354::row319::t16896
4218,qw_10354::row319::t17408
4219,qw_10354::row319::t17920
4220,qw_10354::row319::t18432
4221,qw_10354::row319::t18944
4222,qw_10354::row319::t19456
4223,qw_10354::row319::t19968
4224,qw_10354::row319::t2048
4225,qw_10354::row319::t20480
4226,qw_10354::row319::t20992
4227,qw_10354::row319::t21504
4228,qw_10354::row319::t22016
4229,qw_10354::row319::t22528
4230,qw_10354::row319::t23040
4231,qw_10354::row319::t23552
4232,qw_10354::row319::t24064
4233,qw_10354::row319::t24576
4234,qw_10354::row319::t25088
4235,qw_10354::row319::t2560
4236,qw_10354::row319::t25600
4237,qw_10354::row319::t26112
4238,qw_10354::row319::t26624
4239,qw_10354::row319::t27136
4240,qw_10354::row319::t27648
4241,qw_10354::row319::t28160
4242,qw_10354::row319::t28672
4243,qw_10354::row319::t29184
4244,qw_10354::row319::t29696
4245,qw_10354::row319::t30208
4246,qw_10354::row319::t3072
4247,qw_10354::row319::t30720
4248,qw_10354::row319::t31232
4249,qw_10354::row319::t31744
4250,qw_10354::row319::t32256
4251,qw_10354::row319::t32768
4252,qw_10354::row319::t33280
4253,qw_10354::row319::t33792
4254,qw_10354::row319::t34304
4255,qw_10354::row319::t34816
4256,qw_10354::row319::t35328
4257,qw_10354::row319::t3584
4258,qw_10354::row319::t35840
4259,qw_10354::row319::t36352
4260,qw_10354::row319::t36864
4261,qw_10354::row319::t37376
4262,qw_10354::row319::t37888
4263,qw_10354::row319::t38400
4264,qw_10354::row319::t38912
4265,qw_10354::row319::t39424
4266,qw_10354::row319::t39936
4267,qw_10354::row319::t40448
4268,qw_10354::row319::t4096
4269,qw_10354::row319::t40960
4270,qw_10354::row319::t41472
4271,qw_10354::row319::t41984
4272,qw_10354::row319::t42496
4273,qw_10354::row319::t43008
4274,qw_10354::row319::t43520
4275,qw_10354::row319::t44032
4276,qw_10354::row319::t44544
4277,qw_10354::row319::t45056
4278,qw_10354::row319::t45568
4279,qw_10354::row319::t4608
4280,qw_10354::row319::t46080
4281,qw_10354::row319::t46592
4282,qw_10354::row319::t47104
4283,qw_10354::row319::t47616
4284,qw_10354::row319::t48128
4285,qw_10354::row319::t48640
4286,qw_10354::row319::t49152
4287,qw_10354::row319::t49664
4288,qw_10354::row319::t50176
4289,qw_10354::row319::t512
4290,qw_10354::row319::t5120
4291,qw_10354::row319::t5632
4292,qw_10354::row319::t6144
4293,qw_10354::row319::t6656
4294,qw_10354::row319::t7168
4295,qw_10354::row319::t7680
4296,qw_10354::row319::t8192
4297,qw_10354::row319::t8704
4298,qw_10354::row319::t9216
4299,qw_10354::row319::t9728
4300,qw_10929::row113::t0
4301,qw_10929::row113::t1024
4302,qw_10929::row113::t1536
4303,qw_10929::row113::t2048
4304,qw_10929::row113::t2560
4305,qw_10929::row113::t3072
4306,qw_10929::row113::t3584
4307,qw_10929::row113::t4096
4308,qw_10929::row113::t512
4309,qw_11432::row126::t0
4310,qw_11432::row126::t1024
4311,qw_11432::row126::t1536
4312,qw_11432::row126::t2048
4313,qw_11432::row126::t2560
4314,qw_11432::row126::t512
4315,qw_12124::row329::t0
4316,qw_12124::row329::t1024
4317,qw_12124::row329::t1536
4318,qw_12124::row329::t2048
4319,qw_12124::row329::t2560
4320,qw_12124::row329::t3072
4321,qw_12124::row329::t3584
4322,qw_12124::row329::t4096
4323,qw_12124::row329::t4608
4324,qw_12124::row329::t512
4325,qw_12124::row329::t5120
4326,qw_12124::row329::t5632
4327,qw_12124::row329::t6144
4328,qw_12124::row329::t6656
4329,qw_12124::row329::t7168
4330,qw_12124::row329::t7680
4331,qw_12124::row329::t8192
4332,qw_12124::row329::t8704
4333,qw_12302::row270::t0
4334,qw_12302::row270::t1024
4335,qw_12302::row270::t10240
4336,qw_12302::row270::t10752
4337,qw_12302::row270::t11264
4338,qw_12302::row270::t11776
4339,qw_12302::row270::t12288
4340,qw_12302::row270::t12800
4341,qw_12302::row270::t13312
4342,qw_12302::row270::t13824
4343,qw_12302::row270::t14336
4344,qw_12302::row270::t14848
4345,qw_12302::row270::t1536
4346,qw_12302::row270::t15360
4347,qw_12302::row270::t15872
4348,qw_12302::row270::t16384
4349,qw_12302::row270::t16896
4350,qw_12302::row270::t17408
4351,qw_12302::row270::t17920
4352,qw_12302::row270::t18432
4353,qw_12302::row270::t18944
4354,qw_12302::row270::t19456
4355,qw_12302::row270::t19968
4356,qw_12302::row270::t2048
4357,qw_12302::row270::t20480
4358,qw_12302::row270::t20992
4359,qw_12302::row270::t21504
4360,qw_12302::row270::t22016
4361,qw_12302::row270::t2560
4362,qw_12302::row270::t3072
4363,qw_12302::row270::t3584
4364,qw_12302::row270::t4096
4365,qw_12302::row270::t4608
4366,qw_12302::row270::t512
4367,qw_12302::row270::t5120
4368,qw_12302::row270::t5632
4369,qw_12302::row270::t6144
4370,qw_12302::row270::t6656
4371,qw_12302::row270::t7168
4372,qw_12302::row270::t7680
4373,qw_12302::row270::t8192
4374,qw_12302::row270::t8704
4375,qw_12302::row270::t9216
4376,qw_12302::row270::t9728
4377,qw_1239::row41::t0
4378,qw_1239::row41::t1024
4379,qw_1239::row41::t1536
4380,qw_1239::row41::t2048
4381,qw_1239::row41::t2560
4382,qw_1239::row41::t3072
4383,qw_1239::row41::t3584
4384,qw_1239::row41::t4096
4385,qw_1239::row41::t4608
4386,qw_1239::row41::t512
4387,qw_1239::row41::t5120
4388,qw_1239::row41::t5632
4389,qw_1239::row41::t6144
4390,qw_1239::row41::t6656
4391,qw_1239::row41::t7168
4392,qw_1239::row41::t7680
4393,qw_1239::row41::t8192
4394,qw_12518::row414::t0
4395,qw_12518::row414::t1024
4396,qw_12518::row414::t512
4397,qw_12647::row160::t0
4398,qw_12647::row160::t1024
4399,qw_12647::row160::t1536
4400,qw_12647::row160::t2048
4401,qw_12647::row160::t2560
4402,qw_12647::row160::t3072
4403,qw_12647::row160::t3584
4404,qw_12647::row160::t512
4405,qw_13276::row45::t0
4406,qw_13276::row45::t1024
4407,qw_13276::row45::t10240
4408,qw_13276::row45::t10752
4409,qw_13276::row45::t11264
4410,qw_13276::row45::t11776
4411,qw_13276::row45::t12288
4412,qw_13276::row45::t12800
4413,qw_13276::row45::t13312
4414,qw_13276::row45::t13824
4415,qw_13276::row45::t14336
4416,qw_13276::row45::t14848
4417,qw_13276::row45::t1536
4418,qw_13276::row45::t15360
4419,qw_13276::row45::t15872
4420,qw_13276::row45::t16384
4421,qw_13276::row45::t16896
4422,qw_13276::row45::t17408
4423,qw_13276::row45::t17920
4424,qw_13276::row45::t18432
4425,qw_13276::row45::t18944
4426,qw_13276::row45::t19456
4427,qw_13276::row45::t2048
4428,qw_13276::row45::t2560
4429,qw_13276::row45::t3072
4430,qw_13276::row45::t3584
4431,qw_13276::row45::t4096
4432,qw_13276::row45::t4608
4433,qw_13276::row45::t512
4434,qw_13276::row45::t5120
4435,qw_13276::row45::t5632
4436,qw_13276::row45::t6144
4437,qw_13276::row45::t6656
4438,qw_13276::row45::t7168
4439,qw_13276::row45::t7680
4440,qw_13276::row45::t8192
4441,qw_13276::row45::t8704
4442,qw_13276::row45::t9216
4443,qw_13276::row45::t9728
4444,qw_13383::row318::t0
4445,qw_13383::row318::t1024
4446,qw_13383::row318::t10240
4447,qw_13383::row318::t10752
4448,qw_13383::row318::t11264
4449,qw_13383::row318::t11776
4450,qw_13383::row318::t12288
4451,qw_13383::row318::t12800
4452,qw_13383::row318::t13312
4453,qw_13383::row318::t13824
4454,qw_13383::row318::t14336
4455,qw_13383::row318::t14848
4456,qw_13383::row318::t1536
4457,qw_13383::row318::t15360
4458,qw_13383::row318::t15872
4459,qw_13383::row318::t16384
4460,qw_13383::row318::t16896
4461,qw_13383::row318::t17408
4462,qw_13383::row318::t17920
4463,qw_13383::row318::t18432
4464,qw_13383::row318::t18944
4465,qw_13383::row318::t19456
4466,qw_13383::row318::t19968
4467,qw_13383::row318::t2048
4468,qw_13383::row318::t20480
4469,qw_13383::row318::t20992
4470,qw_13383::row318::t21504
4471,qw_13383::row318::t22016
4472,qw_13383::row318::t22528
4473,qw_13383::row318::t23040
4474,qw_13383::row318::t23552
4475,qw_13383::row318::t24064
4476,qw_13383::row318::t24576
4477,qw_13383::row318::t25088
4478,qw_13383::row318::t2560
4479,qw_13383::row318::t25600
4480,qw_13383::row318::t26112
4481,qw_13383::row318::t26624
4482,qw_13383::row318::t27136
4483,qw_13383::row318::t3072
4484,qw_13383::row318::t3584
4485,qw_13383::row318::t4096
4486,qw_13383::row318::t4608
4487,qw_13383::row318::t512
4488,qw_13383::row318::t5120
4489,qw_13383::row318::t5632
4490,qw_13383::row318::t6144
4491,qw_13383::row318::t6656
4492,qw_13383::row318::t7168
4493,qw_13383::row318::t7680
4494,qw_13383::row318::t8192
4495,qw_13383::row318::t8704
4496,qw_13383::row318::t9216
4497,qw_13383::row318::t9728
4498,qw_13616::row57::t0
4499,qw_13616::row57::t1024
4500,qw_13616::row57::t10240
4501,qw_13616::row57::t10752
4502,qw_13616::row57::t11264
4503,qw_13616::row57::t11776
4504,qw_13616::row57::t12288
4505,qw_13616::row57::t12800
4506,qw_13616::row57::t13312
4507,qw_13616::row57::t13824
4508,qw_13616::row57::t14336
4509,qw_13616::row57::t14848
4510,qw_13616::row57::t1536
4511,qw_13616::row57::t15360
4512,qw_13616::row57::t15872
4513,qw_13616::row57::t16384
4514,qw_13616::row57::t16896
4515,qw_13616::row57::t17408
4516,qw_13616::row57::t17920
4517,qw_13616::row57::t2048
4518,qw_13616::row57::t2560
4519,qw_13616::row57::t3072
4520,qw_13616::row57::t3584
4521,qw_13616::row57::t4096
4522,qw_13616::row57::t4608
4523,qw_13616::row57::t512
4524,qw_13616::row57::t5120
4525,qw_13616::row57::t5632
4526,qw_13616::row57::t6144
4527,qw_13616::row57::t6656
4528,qw_13616::row57::t7168
4529,qw_13616::row57::t7680
4530,qw_13616::row57::t8192
4531,qw_13616::row57::t8704
4532,qw_13616::row57::t9216
4533,qw_13616::row57::t9728
4534,qw_14795::row271::t0
4535,qw_14795::row271::t1024
4536,qw_14795::row271::t10240
4537,qw_14795::row271::t10752
4538,qw_14795::row271::t11264
4539,qw_14795::row271::t11776
4540,qw_14795::row271::t12288
4541,qw_14795::row271::t12800
4542,qw_14795::row271::t13312
4543,qw_14795::row271::t13824
4544,qw_14795::row271::t14336
4545,qw_14795::row271::t14848
4546,qw_14795::row271::t1536
4547,qw_14795::row271::t2048
4548,qw_14795::row271::t2560
4549,qw_14795::row271::t3072
4550,qw_14795::row271::t3584
4551,qw_14795::row271::t4096
4552,qw_14795::row271::t4608
4553,qw_14795::row271::t512
4554,qw_14795::row271::t5120
4555,qw_14795::row271::t5632
4556,qw_14795::row271::t6144
4557,qw_14795::row271::t6656
4558,qw_14795::row271::t7168
4559,qw_14795::row271::t7680
4560,qw_14795::row271::t8192
4561,qw_14795::row271::t8704
4562,qw_14795::row271::t9216
4563,qw_14795::row271::t9728
4564,qw_14800::row48::t0
4565,qw_14862::row108::t0
4566,qw_14862::row108::t1024
4567,qw_14862::row108::t1536
4568,qw_14862::row108::t2048
4569,qw_14862::row108::t2560
4570,qw_14862::row108::t3072
4571,qw_14862::row108::t3584
4572,qw_14862::row108::t4096
4573,qw_14862::row108::t512
4574,qw_14981::row125::t0
4575,qw_14981::row125::t1024
4576,qw_14981::row125::t10240
4577,qw_14981::row125::t10752
4578,qw_14981::row125::t11264
4579,qw_14981::row125::t11776
4580,qw_14981::row125::t12288
4581,qw_14981::row125::t12800
4582,qw_14981::row125::t13312
4583,qw_14981::row125::t13824
4584,qw_14981::row125::t14336
4585,qw_14981::row125::t14848
4586,qw_14981::row125::t1536
4587,qw_14981::row125::t15360
4588,qw_14981::row125::t15872
4589,qw_14981::row125::t16384
4590,qw_14981::row125::t16896
4591,qw_14981::row125::t17408
4592,qw_14981::row125::t17920
4593,qw_14981::row125::t2048
4594,qw_14981::row125::t2560
4595,qw_14981::row125::t3072
4596,qw_14981::row125::t3584
4597,qw_14981::row125::t4096
4598,qw_14981::row125::t4608
4599,qw_14981::row125::t512
4600,qw_14981::row125::t5120
4601,qw_14981::row125::t5632
4602,qw_14981::row125::t6144
4603,qw_14981::row125::t6656
4604,qw_14981::row125::t7168
4605,qw_14981::row125::t7680
4606,qw_14981::row125::t8192
4607,qw_14981::row125::t8704
4608,qw_14981::row125::t9216
4609,qw_14981::row125::t9728
4610,qw_15086::row50::t0
4611,qw_15489::row51::t0
4612,qw_15489::row51::t1024
4613,qw_15489::row51::t1536
4614,qw_15489::row51::t2048
4615,qw_15489::row51::t2560
4616,qw_15489::row51::t3072
4617,qw_15489::row51::t512
4618,qw_1587::row356::t0
4619,qw_1587::row356::t1024
4620,qw_1587::row356::t1536
4621,qw_1587::row356::t2048
4622,qw_1587::row356::t2560
4623,qw_1587::row356::t3072
4624,qw_1587::row356::t3584
4625,qw_1587::row356::t4096
4626,qw_1587::row356::t4608
4627,qw_1587::row356::t512
4628,qw_1587::row356::t5120
4629,qw_1587::row356::t5632
4630,qw_1587::row356::t6144
4631,qw_1587::row356::t6656
4632,qw_1587::row356::t7168
4633,qw_1587::row356::t7680
4634,qw_1587::row356::t8192
4635,qw_16018::row33::t0
4636,qw_16018::row33::t512
4637,qw_16177::row362::t0
4638,qw_16177::row362::t1024
4639,qw_16177::row362::t1536
4640,qw_16177::row362::t2048
4641,qw_16177::row362::t512
4642,qw_181::row47::t0
4643,qw_181::row47::t1024
4644,qw_181::row47::t10240
4645,qw_181::row47::t10752
4646,qw_181::row47::t11264
4647,qw_181::row47::t11776
4648,qw_181::row47::t12288
4649,qw_181::row47::t12800
4650,qw_181::row47::t13312
4651,qw_181::row47::t13824
4652,qw_181::row47::t14336
4653,qw_181::row47::t14848
4654,qw_181::row47::t1536
4655,qw_181::row47::t15360
4656,qw_181::row47::t15872
4657,qw_181::row47::t16384
4658,qw_181::row47::t16896
4659,qw_181::row47::t17408
4660,qw_181::row47::t17920
4661,qw_181::row47::t18432
4662,qw_181::row47::t18944
4663,qw_181::row47::t19456
4664,qw_181::row47::t19968
4665,qw_181::row47::t2048
4666,qw_181::row47::t20480
4667,qw_181::row47::t20992
4668,qw_181::row47::t21504
4669,qw_181::row47::t22016
4670,qw_181::row47::t22528
4671,qw_181::row47::t23040
4672,qw_181::row47::t23552
4673,qw_181::row47::t24064
4674,qw_181::row47::t24576
4675,qw_181::row47::t25088
4676,qw_181::row47::t2560
4677,qw_181::row47::t25600
4678,qw_181::row47::t26112
4679,qw_181::row47::t26624
4680,qw_181::row47::t27136
4681,qw_181::row47::t27648
4682,qw_181::row47::t28160
4683,qw_181::row47::t28672
4684,qw_181::row47::t29184
4685,qw_181::row47::t29696
4686,qw_181::row47::t30208
4687,qw_181::row47::t3072
4688,qw_181::row47::t30720
4689,qw_181::row47::t31232
4690,qw_181::row47::t31744
4691,qw_181::row47::t32256
4692,qw_181::row47::t32768
4693,qw_181::row47::t33280
4694,qw_181::row47::t33792
4695,qw_181::row47::t34304
4696,qw_181::row47::t34816
4697,qw_181::row47::t35328
4698,qw_181::row47::t3584
4699,qw_181::row47::t35840
4700,qw_181::row47::t36352
4701,qw_181::row47::t36864
4702,qw_181::row47::t37376
4703,qw_181::row47::t37888
4704,qw_181::row47::t38400
4705,qw_181::row47::t38912
4706,qw_181::row47::t39424
4707,qw_181::row47::t39936
4708,qw_181::row47::t40448
4709,qw_181::row47::t4096
4710,qw_181::row47::t40960
4711,qw_181::row47::t41472
4712,qw_181::row47::t41984
4713,qw_181::row47::t42496
4714,qw_181::row47::t43008
4715,qw_181::row47::t43520
4716,qw_181::row47::t44032
4717,qw_181::row47::t44544
4718,qw_181::row47::t45056
4719,qw_181::row47::t45568
4720,qw_181::row47::t4608
4721,qw_181::row47::t46080
4722,qw_181::row47::t46592
4723,qw_181::row47::t47104
4724,qw_181::row47::t47616
4725,qw_181::row47::t48128
4726,qw_181::row47::t48640
4727,qw_181::row47::t49152
4728,qw_181::row47::t49664
4729,qw_181::row47::t50176
4730,qw_181::row47::t512
4731,qw_181::row47::t5120
4732,qw_181::row47::t5632
4733,qw_181::row47::t6144
4734,qw_181::row47::t6656
4735,qw_181::row47::t7168
4736,qw_181::row47::t7680
4737,qw_181::row47::t8192
4738,qw_181::row47::t8704
4739,qw_181::row47::t9216
4740,qw_181::row47::t9728
4741,qw_1983::row85::t0
4742,qw_1983::row85::t1024
4743,qw_1983::row85::t10240
4744,qw_1983::row85::t10752
4745,qw_1983::row85::t1536
4746,qw_1983::row85::t2048
4747,qw_1983::row85::t2560
4748,qw_1983::row85::t3072
4749,qw_1983::row85::t3584
4750,qw_1983::row85::t4096
4751,qw_1983::row85::t4608
4752,qw_1983::row85::t512
4753,qw_1983::row85::t5120
4754,qw_1983::row85::t5632
4755,qw_1983::row85::t6144
4756,qw_1983::row85::t6656
4757,qw_1983::row85::t7168
4758,qw_1983::row85::t7680
4759,qw_1983::row85::t8192
4760,qw_1983::row85::t8704
4761,qw_1983::row85::t9216
4762,qw_1983::row85::t9728
4763,qw_2021::row441::t0
4764,qw_2021::row441::t1024
4765,qw_2021::row441::t1536
4766,qw_2021::row441::t2048
4767,qw_2021::row441::t2560
4768,qw_2021::row441::t3072
4769,qw_2021::row441::t3584
4770,qw_2021::row441::t512
4771,qw_2242::row223::t0
4772,qw_2242::row223::t1024
4773,qw_2242::row223::t1536
4774,qw_2242::row223::t2048
4775,qw_2242::row223::t2560
4776,qw_2242::row223::t3072
4777,qw_2242::row223::t3584
4778,qw_2242::row223::t4096
4779,qw_2242::row223::t4608
4780,qw_2242::row223::t512
4781,qw_2242::row223::t5120
4782,qw_2242::row223::t5632
4783,qw_2242::row223::t6144
4784,qw_2242::row223::t6656
4785,qw_2242::row223::t7168
4786,qw_2530::row395::t0
4787,qw_2530::row395::t1024
4788,qw_2530::row395::t1536
4789,qw_2530::row395::t2048
4790,qw_2530::row395::t2560
4791,qw_2530::row395::t3072
4792,qw_2530::row395::t3584
4793,qw_2530::row395::t4096
4794,qw_2530::row395::t4608
4795,qw_2530::row395::t512
4796,qw_2530::row395::t5120
4797,qw_2530::row395::t5632
4798,qw_2548::row231::t0
4799,qw_2548::row231::t1024
4800,qw_2548::row231::t1536
4801,qw_2548::row231::t2048
4802,qw_2548::row231::t512
4803,qw_2920::row402::t0
4804,qw_2920::row402::t1024
4805,qw_2920::row402::t10240
4806,qw_2920::row402::t10752
4807,qw_2920::row402::t11264
4808,qw_2920::row402::t11776
4809,qw_2920::row402::t12288
4810,qw_2920::row402::t12800
4811,qw_2920::row402::t13312
4812,qw_2920::row402::t13824
4813,qw_2920::row402::t14336
4814,qw_2920::row402::t14848
4815,qw_2920::row402::t1536
4816,qw_2920::row402::t15360
4817,qw_2920::row402::t15872
4818,qw_2920::row402::t16384
4819,qw_2920::row402::t16896
4820,qw_2920::row402::t17408
4821,qw_2920::row402::t17920
4822,qw_2920::row402::t18432
4823,qw_2920::row402::t18944
4824,qw_2920::row402::t19456
4825,qw_2920::row402::t19968
4826,qw_2920::row402::t2048
4827,qw_2920::row402::t20480
4828,qw_2920::row402::t2560
4829,qw_2920::row402::t3072
4830,qw_2920::row402::t3584
4831,qw_2920::row402::t4096
4832,qw_2920::row402::t4608
4833,qw_2920::row402::t512
4834,qw_2920::row402::t5120
4835,qw_2920::row402::t5632
4836,qw_2920::row402::t6144
4837,qw_2920::row402::t6656
4838,qw_2920::row402::t7168
4839,qw_2920::row402::t7680
4840,qw_2920::row402::t8192
4841,qw_2920::row402::t8704
4842,qw_2920::row402::t9216
4843,qw_2920::row402::t9728
4844,qw_299::row389::t0
4845,qw_299::row389::t1024
4846,qw_299::row389::t1536
4847,qw_299::row389::t2048
4848,qw_299::row389::t2560
4849,qw_299::row389::t3072
4850,qw_299::row389::t512
4851,qw_3195::row194::t0
4852,qw_3195::row194::t1024
4853,qw_3195::row194::t1536
4854,qw_3195::row194::t2048
4855,qw_3195::row194::t2560
4856,qw_3195::row194::t512
4857,qw_351::row445::t0
4858,qw_351::row445::t1024
4859,qw_351::row445::t1536
4860,qw_351::row445::t2048
4861,qw_351::row445::t2560
4862,qw_351::row445::t512
4863,qw_3904::row365::t0
4864,qw_3904::row365::t1024
4865,qw_3904::row365::t1536
4866,qw_3904::row365::t2048
4867,qw_3904::row365::t2560
4868,qw_3904::row365::t3072
4869,qw_3904::row365::t3584
4870,qw_3904::row365::t4096
4871,qw_3904::row365::t4608
4872,qw_3904::row365::t512
4873,qw_3904::row365::t5120
4874,qw_3904::row365::t5632
4875,qw_3904::row365::t6144
4876,qw_3904::row365::t6656
4877,qw_3904::row365::t7168
4878,qw_3904::row365::t7680
4879,qw_3904::row365::t8192
4880,qw_3904::row365::t8704
4881,qw_3904::row365::t9216
4882,qw_3904::row365::t9728
4883,qw_4463::row114::t0
4884,qw_4463::row114::t1024
4885,qw_4463::row114::t1536
4886,qw_4463::row114::t2048
4887,qw_4463::row114::t512
4888,qw_4878::row376::t0
4889,qw_4878::row376::t1024
4890,qw_4878::row376::t10240
4891,qw_4878::row376::t10752
4892,qw_4878::row376::t11264
4893,qw_4878::row376::t11776
4894,qw_4878::row376::t12288
4895,qw_4878::row376::t12800
4896,qw_4878::row376::t13312
4897,qw_4878::row376::t13824
4898,qw_4878::row376::t14336
4899,qw_4878::row376::t14848
4900,qw_4878::row376::t1536
4901,qw_4878::row376::t15360
4902,qw_4878::row376::t15872
4903,qw_4878::row376::t16384
4904,qw_4878::row376::t16896
4905,qw_4878::row376::t17408
4906,qw_4878::row376::t17920
4907,qw_4878::row376::t18432
4908,qw_4878::row376::t2048
4909,qw_4878::row376::t2560
4910,qw_4878::row376::t3072
4911,qw_4878::row376::t3584
4912,qw_4878::row376::t4096
4913,qw_4878::row376::t4608
4914,qw_4878::row376::t512
4915,qw_4878::row376::t5120
4916,qw_4878::row376::t5632
4917,qw_4878::row376::t6144
4918,qw_4878::row376::t6656
4919,qw_4878::row376::t7168
4920,qw_4878::row376::t7680
4921,qw_4878::row376::t8192
4922,qw_4878::row376::t8704
4923,qw_4878::row376::t9216
4924,qw_4878::row376::t9728
4925,qw_4953::row348::t0
4926,qw_4953::row348::t1024
4927,qw_4953::row348::t1536
4928,qw_4953::row348::t2048
4929,qw_4953::row348::t2560
4930,qw_4953::row348::t3072
4931,qw_4953::row348::t3584
4932,qw_4953::row348::t4096
4933,qw_4953::row348::t4608
4934,qw_4953::row348::t512
4935,qw_4953::row348::t5120
4936,qw_4953::row348::t5632
4937,qw_4953::row348::t6144
4938,qw_4953::row348::t6656
4939,qw_4953::row348::t7168
4940,qw_4953::row348::t7680
4941,qw_4953::row348::t8192
4942,qw_4953::row348::t8704
4943,qw_555::row182::t0
4944,qw_555::row182::t1024
4945,qw_555::row182::t1536
4946,qw_555::row182::t2048
4947,qw_555::row182::t512
4948,qw_6209::row320::t10240
4949,qw_6209::row320::t10752
4950,qw_6209::row320::t11264
4951,qw_6209::row320::t11776
4952,qw_6209::row320::t12288
4953,qw_6209::row320::t12800
4954,qw_6209::row320::t13312
4955,qw_6209::row320::t13824
4956,qw_6209::row320::t14336
4957,qw_6209::row320::t14848
4958,qw_6209::row320::t15360
4959,qw_6209::row320::t15872
4960,qw_6209::row320::t8704
4961,qw_6209::row320::t9216
4962,qw_6209::row320::t9728
4963,qw_6219::row311::t0
4964,qw_6219::row311::t1024
4965,qw_6219::row311::t512
4966,qw_6281::row181::t0
4967,qw_6281::row181::t1024
4968,qw_6281::row181::t1536
4969,qw_6281::row181::t2048
4970,qw_6281::row181::t2560
4971,qw_6281::row181::t3072
4972,qw_6281::row181::t3584
4973,qw_6281::row181::t4096
4974,qw_6281::row181::t4608
4975,qw_6281::row181::t512
4976,qw_6281::row181::t5120
4977,qw_6281::row181::t5632
4978,qw_6281::row181::t6144
4979,qw_6281::row181::t6656
4980,qw_6281::row181::t7168
4981,qw_6281::row181::t7680
4982,qw_6281::row181::t8192
4983,qw_6281::row181::t8704
4984,qw_6281::row181::t9216
4985,qw_6281::row181::t9728
4986,qw_6435::row104::t0
4987,qw_6435::row104::t1024
4988,qw_6435::row104::t1536
4989,qw_6435::row104::t2048
4990,qw_6435::row104::t2560
4991,qw_6435::row104::t3072
4992,qw_6435::row104::t3584
4993,qw_6435::row104::t4096
4994,qw_6435::row104::t4608
4995,qw_6435::row104::t512
4996,qw_6435::row104::t5120
4997,qw_6435::row104::t5632
4998,qw_6435::row104::t6144
4999,qw_6435::row104::t6656
5000,qw_6477::row244::t0
5001,qw_6477::row244::t1024
5002,qw_6477::row244::t10240
5003,qw_6477::row244::t10752
5004,qw_6477::row244::t11264
5005,qw_6477::row244::t11776
5006,qw_6477::row244::t12288
5007,qw_6477::row244::t12800
5008,qw_6477::row244::t13312
5009,qw_6477::row244::t13824
5010,qw_6477::row244::t14336
5011,qw_6477::row244::t14848
5012,qw_6477::row244::t1536
5013,qw_6477::row244::t15360
5014,qw_6477::row244::t15872
5015,qw_6477::row244::t16384
5016,qw_6477::row244::t16896
5017,qw_6477::row244::t17408
5018,qw_6477::row244::t17920
5019,qw_6477::row244::t18432
5020,qw_6477::row244::t18944
5021,qw_6477::row244::t19456
5022,qw_6477::row244::t19968
5023,qw_6477::row244::t2048
5024,qw_6477::row244::t20480
5025,qw_6477::row244::t20992
5026,qw_6477::row244::t21504
5027,qw_6477::row244::t22016
5028,qw_6477::row244::t22528
5029,qw_6477::row244::t23040
5030,qw_6477::row244::t23552
5031,qw_6477::row244::t24064
5032,qw_6477::row244::t24576
5033,qw_6477::row244::t25088
5034,qw_6477::row244::t2560
5035,qw_6477::row244::t25600
5036,qw_6477::row244::t26112
5037,qw_6477::row244::t26624
5038,qw_6477::row244::t27136
5039,qw_6477::row244::t27648
5040,qw_6477::row244::t28160
5041,qw_6477::row244::t28672
5042,qw_6477::row244::t29184
5043,qw_6477::row244::t29696
5044,qw_6477::row244::t30208
5045,qw_6477::row244::t3072
5046,qw_6477::row244::t30720
5047,qw_6477::row244::t31232
5048,qw_6477::row244::t31744
5049,qw_6477::row244::t32256
5050,qw_6477::row244::t32768
5051,qw_6477::row244::t33280
5052,qw_6477::row244::t33792
5053,qw_6477::row244::t34304
5054,qw_6477::row244::t34816
5055,qw_6477::row244::t35328
5056,qw_6477::row244::t3584
5057,qw_6477::row244::t35840
5058,qw_6477::row244::t36352
5059,qw_6477::row244::t36864
5060,qw_6477::row244::t37376
5061,qw_6477::row244::t37888
5062,qw_6477::row244::t38400
5063,qw_6477::row244::t38912
5064,qw_6477::row244::t39424
5065,qw_6477::row244::t39936
5066,qw_6477::row244::t40448
5067,qw_6477::row244::t4096
5068,qw_6477::row244::t40960
5069,qw_6477::row244::t41472
5070,qw_6477::row244::t41984
5071,qw_6477::row244::t42496
5072,qw_6477::row244::t43008
5073,qw_6477::row244::t43520
5074,qw_6477::row244::t44032
5075,qw_6477::row244::t44544
5076,qw_6477::row244::t45056
5077,qw_6477::row244::t45568
5078,qw_6477::row244::t4608
5079,qw_6477::row244::t46080
5080,qw_6477::row244::t46592
5081,qw_6477::row244::t47104
5082,qw_6477::row244::t47616
5083,qw_6477::row244::t48128
5084,qw_6477::row244::t48640
5085,qw_6477::row244::t49152
5086,qw_6477::row244::t49664
5087,qw_6477::row244::t50176
5088,qw_6477::row244::t50688
5089,qw_6477::row244::t512
5090,qw_6477::row244::t5120
5091,qw_6477::row244::t51200
5092,qw_6477::row244::t51712
5093,qw_6477::row244::t52224
5094,qw_6477::row244::t52736
5095,qw_6477::row244::t53248
5096,qw_6477::row244::t53760
5097,qw_6477::row244::t54272
5098,qw_6477::row244::t54784
5099,qw_6477::row244::t55296
5100,qw_6477::row244::t55808
5101,qw_6477::row244::t5632
5102,qw_6477::row244::t56320
5103,qw_6477::row244::t56832
5104,qw_6477::row244::t57344
5105,qw_6477::row244::t57856
5106,qw_6477::row244::t58368
5107,qw_6477::row244::t58880
5108,qw_6477::row244::t59392
5109,qw_6477::row244::t59904
5110,qw_6477::row244::t60416
5111,qw_6477::row244::t60928
5112,qw_6477::row244::t6144
5113,qw_6477::row244::t61440
5114,qw_6477::row244::t61952
5115,qw_6477::row244::t62464
5116,qw_6477::row244::t62976
5117,qw_6477::row244::t63488
5118,qw_6477::row244::t64000
5119,qw_6477::row244::t6656
5120,qw_6477::row244::t7168
5121,qw_6477::row244::t7680
5122,qw_6477::row244::t8192
5123,qw_6477::row244::t8704
5124,qw_6477::row244::t9216
5125,qw_6477::row244::t9728
5126,qw_6572::row20::t0
5127,qw_6572::row20::t1024
5128,qw_6572::row20::t1536
5129,qw_6572::row20::t2048
5130,qw_6572::row20::t2560
5131,qw_6572::row20::t3072
5132,qw_6572::row20::t3584
5133,qw_6572::row20::t4096
5134,qw_6572::row20::t4608
5135,qw_6572::row20::t512
5136,qw_6572::row20::t5120
5137,qw_6622::row351::t0
5138,qw_6622::row351::t1024
5139,qw_6622::row351::t10240
5140,qw_6622::row351::t10752
5141,qw_6622::row351::t11264
5142,qw_6622::row351::t11776
5143,qw_6622::row351::t1536
5144,qw_6622::row351::t2048
5145,qw_6622::row351::t2560
5146,qw_6622::row351::t3072
5147,qw_6622::row351::t3584
5148,qw_6622::row351::t4096
5149,qw_6622::row351::t4608
5150,qw_6622::row351::t512
5151,qw_6622::row351::t5120
5152,qw_6622::row351::t5632
5153,qw_6622::row351::t6144
5154,qw_6622::row351::t6656
5155,qw_6622::row351::t7168
5156,qw_6622::row351::t7680
5157,qw_6622::row351::t8192
5158,qw_6622::row351::t8704
5159,qw_6622::row351::t9216
5160,qw_6622::row351::t9728
5161,qw_66::row310::t0
5162,qw_66::row310::t1024
5163,qw_66::row310::t10240
5164,qw_66::row310::t10752
5165,qw_66::row310::t11264
5166,qw_66::row310::t11776
5167,qw_66::row310::t12288
5168,qw_66::row310::t12800
5169,qw_66::row310::t13312
5170,qw_66::row310::t13824
5171,qw_66::row310::t14336
5172,qw_66::row310::t1536
5173,qw_66::row310::t2048
5174,qw_66::row310::t2560
5175,qw_66::row310::t3072
5176,qw_66::row310::t3584
5177,qw_66::row310::t4096
5178,qw_66::row310::t4608
5179,qw_66::row310::t512
5180,qw_66::row310::t5120
5181,qw_66::row310::t5632
5182,qw_66::row310::t6144
5183,qw_66::row310::t6656
5184,qw_66::row310::t7168
5185,qw_66::row310::t7680
5186,qw_66::row310::t8192
5187,qw_66::row310::t8704
5188,qw_66::row310::t9216
5189,qw_66::row310::t9728
5190,qw_6834::row93::t0
5191,qw_6834::row93::t1024
5192,qw_6834::row93::t10240
5193,qw_6834::row93::t10752
5194,qw_6834::row93::t11264
5195,qw_6834::row93::t11776
5196,qw_6834::row93::t12288
5197,qw_6834::row93::t12800
5198,qw_6834::row93::t13312
5199,qw_6834::row93::t13824
5200,qw_6834::row93::t14336
5201,qw_6834::row93::t14848
5202,qw_6834::row93::t1536
5203,qw_6834::row93::t15360
5204,qw_6834::row93::t15872
5205,qw_6834::row93::t16384
5206,qw_6834::row93::t16896
5207,qw_6834::row93::t17408
5208,qw_6834::row93::t17920
5209,qw_6834::row93::t18432
5210,qw_6834::row93::t18944
5211,qw_6834::row93::t19456
5212,qw_6834::row93::t19968
5213,qw_6834::row93::t2048
5214,qw_6834::row93::t20480
5215,qw_6834::row93::t20992
5216,qw_6834::row93::t21504
5217,qw_6834::row93::t22016
5218,qw_6834::row93::t22528
5219,qw_6834::row93::t23040
5220,qw_6834::row93::t23552
5221,qw_6834::row93::t24064
5222,qw_6834::row93::t24576
5223,qw_6834::row93::t25088
5224,qw_6834::row93::t2560
5225,qw_6834::row93::t25600
5226,qw_6834::row93::t26112
5227,qw_6834::row93::t26624
5228,qw_6834::row93::t27136
5229,qw_6834::row93::t27648
5230,qw_6834::row93::t28160
5231,qw_6834::row93::t28672
5232,qw_6834::row93::t29184
5233,qw_6834::row93::t29696
5234,qw_6834::row93::t30208
5235,qw_6834::row93::t3072
5236,qw_6834::row93::t30720
5237,qw_6834::row93::t31232
5238,qw_6834::row93::t31744
5239,qw_6834::row93::t32256
5240,qw_6834::row93::t32768
5241,qw_6834::row93::t3584
5242,qw_6834::row93::t4096
5243,qw_6834::row93::t4608
5244,qw_6834::row93::t512
5245,qw_6834::row93::t5120
5246,qw_6834::row93::t5632
5247,qw_6834::row93::t6144
5248,qw_6834::row93::t6656
5249,qw_6834::row93::t7168
5250,qw_6834::row93::t7680
5251,qw_6834::row93::t8192
5252,qw_6834::row93::t8704
5253,qw_6834::row93::t9216
5254,qw_6834::row93::t9728
5255,qw_7014::row154::t0
5256,qw_7014::row154::t1024
5257,qw_7014::row154::t10240
5258,qw_7014::row154::t10752
5259,qw_7014::row154::t11264
5260,qw_7014::row154::t11776
5261,qw_7014::row154::t12288
5262,qw_7014::row154::t12800
5263,qw_7014::row154::t13312
5264,qw_7014::row154::t13824
5265,qw_7014::row154::t14336
5266,qw_7014::row154::t14848
5267,qw_7014::row154::t1536
5268,qw_7014::row154::t15360
5269,qw_7014::row154::t15872
5270,qw_7014::row154::t16384
5271,qw_7014::row154::t16896
5272,qw_7014::row154::t17408
5273,qw_7014::row154::t17920
5274,qw_7014::row154::t18432
5275,qw_7014::row154::t18944
5276,qw_7014::row154::t19456
5277,qw_7014::row154::t2048
5278,qw_7014::row154::t2560
5279,qw_7014::row154::t3072
5280,qw_7014::row154::t3584
5281,qw_7014::row154::t4096
5282,qw_7014::row154::t4608
5283,qw_7014::row154::t512
5284,qw_7014::row154::t5120
5285,qw_7014::row154::t5632
5286,qw_7014::row154::t6144
5287,qw_7014::row154::t6656
5288,qw_7014::row154::t7168
5289,qw_7014::row154::t7680
5290,qw_7014::row154::t8192
5291,qw_7014::row154::t8704
5292,qw_7014::row154::t9216
5293,qw_7014::row154::t9728
5294,qw_7195::row129::t0
5295,qw_7195::row129::t1024
5296,qw_7195::row129::t10240
5297,qw_7195::row129::t10752
5298,qw_7195::row129::t11264
5299,qw_7195::row129::t11776
5300,qw_7195::row129::t12288
5301,qw_7195::row129::t12800
5302,qw_7195::row129::t13312
5303,qw_7195::row129::t13824
5304,qw_7195::row129::t14336
5305,qw_7195::row129::t14848
5306,qw_7195::row129::t1536
5307,qw_7195::row129::t15360
5308,qw_7195::row129::t15872
5309,qw_7195::row129::t16384
5310,qw_7195::row129::t16896
5311,qw_7195::row129::t17408
5312,qw_7195::row129::t17920
5313,qw_7195::row129::t18432
5314,qw_7195::row129::t18944
5315,qw_7195::row129::t19456
5316,qw_7195::row129::t19968
5317,qw_7195::row129::t2048
5318,qw_7195::row129::t20480
5319,qw_7195::row129::t20992
5320,qw_7195::row129::t21504
5321,qw_7195::row129::t22016
5322,qw_7195::row129::t22528
5323,qw_7195::row129::t23040
5324,qw_7195::row129::t23552
5325,qw_7195::row129::t24064
5326,qw_7195::row129::t24576
5327,qw_7195::row129::t25088
5328,qw_7195::row129::t2560
5329,qw_7195::row129::t25600
5330,qw_7195::row129::t26112
5331,qw_7195::row129::t26624
5332,qw_7195::row129::t27136
5333,qw_7195::row129::t27648
5334,qw_7195::row129::t28160
5335,qw_7195::row129::t28672
5336,qw_7195::row129::t29184
5337,qw_7195::row129::t29696
5338,qw_7195::row129::t3072
5339,qw_7195::row129::t3584
5340,qw_7195::row129::t4096
5341,qw_7195::row129::t4608
5342,qw_7195::row129::t512
5343,qw_7195::row129::t5120
5344,qw_7195::row129::t5632
5345,qw_7195::row129::t6144
5346,qw_7195::row129::t6656
5347,qw_7195::row129::t7168
5348,qw_7195::row129::t7680
5349,qw_7195::row129::t8192
5350,qw_7195::row129::t8704
5351,qw_7195::row129::t9216
5352,qw_7195::row129::t9728
5353,qw_722::row307::t0
5354,qw_722::row307::t1024
5355,qw_722::row307::t1536
5356,qw_722::row307::t2048
5357,qw_722::row307::t2560
5358,qw_722::row307::t3072
5359,qw_722::row307::t3584
5360,qw_722::row307::t4096
5361,qw_722::row307::t4608
5362,qw_722::row307::t512
5363,qw_722::row307::t5120
5364,qw_722::row307::t5632
5365,qw_722::row307::t6144
5366,qw_722::row307::t6656
5367,qw_722::row307::t7168
5368,qw_722::row307::t7680
5369,qw_7793::row273::t0
5370,qw_7793::row273::t1024
5371,qw_7793::row273::t1536
5372,qw_7793::row273::t2048
5373,qw_7793::row273::t2560
5374,qw_7793::row273::t3072
5375,qw_7793::row273::t3584
5376,qw_7793::row273::t4096
5377,qw_7793::row273::t512
5378,qw_8009::row168::t0
5379,qw_8009::row168::t1024
5380,qw_8009::row168::t10240
5381,qw_8009::row168::t1536
5382,qw_8009::row168::t2048
5383,qw_8009::row168::t2560
5384,qw_8009::row168::t3072
5385,qw_8009::row168::t3584
5386,qw_8009::row168::t4096
5387,qw_8009::row168::t4608
5388,qw_8009::row168::t512
5389,qw_8009::row168::t5120
5390,qw_8009::row168::t5632
5391,qw_8009::row168::t6144
5392,qw_8009::row168::t6656
5393,qw_8009::row168::t7168
5394,qw_8009::row168::t7680
5395,qw_8009::row168::t8192
5396,qw_8009::row168::t8704
5397,qw_8009::row168::t9216
5398,qw_8009::row168::t9728
5399,qw_8039::row63::t0
5400,qw_8039::row63::t512
5401,qw_8418::row100::t0
5402,qw_8418::row100::t1024
5403,qw_8418::row100::t1536
5404,qw_8418::row100::t2048
5405,qw_8418::row100::t2560
5406,qw_8418::row100::t3072
5407,qw_8418::row100::t3584
5408,qw_8418::row100::t4096
5409,qw_8418::row100::t4608
5410,qw_8418::row100::t512
5411,qw_8418::row100::t5120
5412,qw_8418::row100::t5632
5413,qw_8418::row100::t6144
5414,qw_8418::row100::t6656
5415,qw_8418::row100::t7168
5416,qw_8418::row100::t7680
5417,qw_8418::row100::t8192
5418,qw_8418::row100::t8704
5419,qw_8418::row100::t9216
5420,qw_8418::row100::t9728
5421,qw_8435::row431::t0
5422,qw_8435::row431::t1024
5423,qw_8435::row431::t1536
5424,qw_8435::row431::t2048
5425,qw_8435::row431::t2560
5426,qw_8435::row431::t3072
5427,qw_8435::row431::t3584
5428,qw_8435::row431::t4096
5429,qw_8435::row431::t4608
5430,qw_8435::row431::t512
5431,qw_8435::row431::t5120
5432,qw_8435::row431::t5632
5433,qw_8435::row431::t6144
5434,qw_8435::row431::t6656
5435,qw_8435::row431::t7168
5436,qw_8435::row431::t7680
5437,qw_8435::row431::t8192
5438,qw_859::row413::t0
5439,qw_859::row413::t1024
5440,qw_859::row413::t10240
5441,qw_859::row413::t10752
5442,qw_859::row413::t11264
5443,qw_859::row413::t11776
5444,qw_859::row413::t12288
5445,qw_859::row413::t12800
5446,qw_859::row413::t13312
5447,qw_859::row413::t13824
5448,qw_859::row413::t14336
5449,qw_859::row413::t14848
5450,qw_859::row413::t1536
5451,qw_859::row413::t15360
5452,qw_859::row413::t15872
5453,qw_859::row413::t16384
5454,qw_859::row413::t16896
5455,qw_859::row413::t2048
5456,qw_859::row413::t2560
5457,qw_859::row413::t3072
5458,qw_859::row413::t3584
5459,qw_859::row413::t4096
5460,qw_859::row413::t4608
5461,qw_859::row413::t512
5462,qw_859::row413::t5120
5463,qw_859::row413::t5632
5464,qw_859::row413::t6144
5465,qw_859::row413::t6656
5466,qw_859::row413::t7168
5467,qw_859::row413::t7680
5468,qw_859::row413::t8192
5469,qw_859::row413::t8704
5470,qw_859::row413::t9216
5471,qw_859::row413::t9728
5472,qw_8638::row19::t0
5473,qw_8638::row19::t1024
5474,qw_8638::row19::t1536
5475,qw_8638::row19::t2048
5476,qw_8638::row19::t2560
5477,qw_8638::row19::t3072
5478,qw_8638::row19::t3584
5479,qw_8638::row19::t4096
5480,qw_8638::row19::t4608
5481,qw_8638::row19::t512
5482,qw_8638::row19::t5120
5483,qw_8638::row19::t5632
5484,qw_8638::row19::t6144
5485,qw_8638::row19::t6656
5486,qw_8638::row19::t7168
5487,qw_8638::row19::t7680
5488,qw_8638::row19::t8192
5489,qw_8638::row19::t8704
5490,qw_8638::row19::t9216
5491,qw_8638::row19::t9728
5492,qw_9282::row381::t0
5493,qw_9282::row381::t1024
5494,qw_9282::row381::t1536
5495,qw_9282::row381::t512
5496,qz_1453::row31::t0
5497,qz_1453::row31::t512
5498,qz_1918::row207::t0
5499,qz_1918::row207::t1024
5500,qz_1918::row207::t10240
5501,qz_1918::row207::t10752
5502,qz_1918::row207::t11264
5503,qz_1918::row207::t1536
5504,qz_1918::row207::t2048
5505,qz_1918::row207::t2560
5506,qz_1918::row207::t3072
5507,qz_1918::row207::t3584
5508,qz_1918::row207::t4096
5509,qz_1918::row207::t4608
5510,qz_1918::row207::t512
5511,qz_1918::row207::t5120
5512,qz_1918::row207::t5632
5513,qz_1918::row207::t6144
5514,qz_1918::row207::t6656
5515,qz_1918::row207::t7168
5516,qz_1918::row207::t7680
5517,qz_1918::row207::t8192
5518,qz_1918::row207::t8704
5519,qz_1918::row207::t9216
5520,qz_1918::row207::t9728
5521,qz_2217::row277::t0
5522,qz_2217::row277::t512
5523,qz_2784::row280::t0
5524,qz_2784::row280::t1024
5525,qz_2784::row280::t10240
5526,qz_2784::row280::t10752
5527,qz_2784::row280::t1536
5528,qz_2784::row280::t2048
5529,qz_2784::row280::t2560
5530,qz_2784::row280::t3072
5531,qz_2784::row280::t3584
5532,qz_2784::row280::t4096
5533,qz_2784::row280::t4608
5534,qz_2784::row280::t512
5535,qz_2784::row280::t5120
5536,qz_2784::row280::t5632
5537,qz_2784::row280::t6144
5538,qz_2784::row280::t6656
5539,qz_2784::row280::t7168
5540,qz_2784::row280::t7680
5541,qz_2784::row280::t8192
5542,qz_2784::row280::t8704
5543,qz_2784::row280::t9216
5544,qz_2784::row280::t9728
5545,qz_3040::row409::t10240
5546,qz_3040::row409::t10752
5547,qz_3040::row409::t11264
5548,qz_3040::row409::t11776
5549,qz_3040::row409::t12288
5550,qz_3040::row409::t12800
5551,qz_3040::row409::t13312
5552,qz_3040::row409::t13824
5553,qz_3040::row409::t14336
5554,qz_3040::row409::t14848
5555,qz_3040::row409::t15360
5556,qz_3040::row409::t15872
5557,qz_3040::row409::t16384
5558,qz_3040::row409::t16896
5559,qz_3040::row409::t17408
5560,qz_3040::row409::t17920
5561,qz_3040::row409::t7680
5562,qz_3040::row409::t8192
5563,qz_3040::row409::t8704
5564,qz_3040::row409::t9216
5565,qz_3040::row409::t9728
5566,qz_3152::row130::t0
5567,qz_3152::row130::t1024
5568,qz_3152::row130::t10240
5569,qz_3152::row130::t10752
5570,qz_3152::row130::t11264
5571,qz_3152::row130::t1536
5572,qz_3152::row130::t2048
5573,qz_3152::row130::t2560
5574,qz_3152::row130::t3072
5575,qz_3152::row130::t3584
5576,qz_3152::row130::t4096
5577,qz_3152::row130::t4608
5578,qz_3152::row130::t512
5579,qz_3152::row130::t5120
5580,qz_3152::row130::t5632
5581,qz_3152::row130::t6144
5582,qz_3152::row130::t6656
5583,qz_3152::row130::t7168
5584,qz_3152::row130::t7680
5585,qz_3152::row130::t8192
5586,qz_3152::row130::t8704
5587,qz_3152::row130::t9216
5588,qz_3152::row130::t9728
5589,qz_4575::row95::t0
5590,qz_4575::row95::t1024
5591,qz_4575::row95::t1536
5592,qz_4575::row95::t512
5593,qz_5796::row322::t0
5594,qz_5796::row322::t1024
5595,qz_5796::row322::t1536
5596,qz_5796::row322::t2048
5597,qz_5796::row322::t512
5598,qz_6079::row34::t0
5599,qz_6079::row34::t1024
5600,qz_6079::row34::t1536
5601,qz_6079::row34::t2048
5602,qz_6079::row34::t2560
5603,qz_6079::row34::t3072
5604,qz_6079::row34::t3584
5605,qz_6079::row34::t512
5606,qz_644::row251::t0
5607,qz_644::row251::t1024
5608,qz_644::row251::t10240
5609,qz_644::row251::t10752
5610,qz_644::row251::t11264
5611,qz_644::row251::t11776
5612,qz_644::row251::t12288
5613,qz_644::row251::t12800
5614,qz_644::row251::t13312
5615,qz_644::row251::t1536
5616,qz_644::row251::t2048
5617,qz_644::row251::t2560
5618,qz_644::row251::t3072
5619,qz_644::row251::t3584
5620,qz_644::row251::t4096
5621,qz_644::row251::t4608
5622,qz_644::row251::t512
5623,qz_644::row251::t5120
5624,qz_644::row251::t5632
5625,qz_644::row251::t6144
5626,qz_644::row251::t6656
5627,qz_644::row251::t7168
5628,qz_644::row251::t7680
5629,qz_644::row251::t8192
5630,qz_644::row251::t8704
5631,qz_644::row251::t9216
5632,qz_644::row251::t9728
5633,qz_726::row257::t0
5634,qz_726::row257::t1024
5635,qz_726::row257::t1536
5636,qz_726::row257::t512
5637,qz_860::row158::t0
5638,qz_860::row158::t1024
5639,qz_860::row158::t1536
5640,qz_860::row158::t2048
5641,qz_860::row158::t2560
5642,qz_860::row158::t3072
5643,qz_860::row158::t3584
5644,qz_860::row158::t4096
5645,qz_860::row158::t4608
5646,qz_860::row158::t512
5647,qz_860::row158::t5120
5648,qz_860::row158::t5632
5649,qz_860::row158::t6144
5650,qz_860::row158::t6656
5651,qz_860::row158::t7168
5652,sfq_10109::row230::t0
5653,sfq_10109::row230::t1024
5654,sfq_10109::row230::t1536
5655,sfq_10109::row230::t2048
5656,sfq_10109::row230::t2560
5657,sfq_10109::row230::t3072
5658,sfq_10109::row230::t512
5659,sfq_10996::row421::t0
5660,sfq_10996::row421::t1024
5661,sfq_10996::row421::t10240
5662,sfq_10996::row421::t10752
5663,sfq_10996::row421::t11264
5664,sfq_10996::row421::t11776
5665,sfq_10996::row421::t12288
5666,sfq_10996::row421::t12800
5667,sfq_10996::row421::t13312
5668,sfq_10996::row421::t13824
5669,sfq_10996::row421::t14336
5670,sfq_10996::row421::t14848
5671,sfq_10996::row421::t1536
5672,sfq_10996::row421::t15360
5673,sfq_10996::row421::t15872
5674,sfq_10996::row421::t16384
5675,sfq_10996::row421::t16896
5676,sfq_10996::row421::t17408
5677,sfq_10996::row421::t17920
5678,sfq_10996::row421::t18432
5679,sfq_10996::row421::t18944
5680,sfq_10996::row421::t19456
5681,sfq_10996::row421::t19968
5682,sfq_10996::row421::t2048
5683,sfq_10996::row421::t20480
5684,sfq_10996::row421::t20992
5685,sfq_10996::row421::t21504
5686,sfq_10996::row421::t22016
5687,sfq_10996::row421::t22528
5688,sfq_10996::row421::t23040
5689,sfq_10996::row421::t23552
5690,sfq_10996::row421::t24064
5691,sfq_10996::row421::t24576
5692,sfq_10996::row421::t25088
5693,sfq_10996::row421::t2560
5694,sfq_10996::row421::t25600
5695,sfq_10996::row421::t26112
5696,sfq_10996::row421::t26624
5697,sfq_10996::row421::t27136
5698,sfq_10996::row421::t27648
5699,sfq_10996::row421::t28160
5700,sfq_10996::row421::t3072
5701,sfq_10996::row421::t3584
5702,sfq_10996::row421::t4096
5703,sfq_10996::row421::t4608
5704,sfq_10996::row421::t512
5705,sfq_10996::row421::t5120
5706,sfq_10996::row421::t5632
5707,sfq_10996::row421::t6144
5708,sfq_10996::row421::t6656
5709,sfq_10996::row421::t7168
5710,sfq_10996::row421::t7680
5711,sfq_10996::row421::t8192
5712,sfq_10996::row421::t8704
5713,sfq_10996::row421::t9216
5714,sfq_10996::row421::t9728
5715,sfq_11239::row173::t0
5716,sfq_11239::row173::t1024
5717,sfq_11239::row173::t1536
5718,sfq_11239::row173::t2048
5719,sfq_11239::row173::t2560
5720,sfq_11239::row173::t3072
5721,sfq_11239::row173::t3584
5722,sfq_11239::row173::t512
5723,sfq_11360::row345::t0
5724,sfq_11360::row345::t512
5725,sfq_11478::row439::t0
5726,sfq_11478::row439::t1024
5727,sfq_11478::row439::t10240
5728,sfq_11478::row439::t10752
5729,sfq_11478::row439::t11264
5730,sfq_11478::row439::t11776
5731,sfq_11478::row439::t12288
5732,sfq_11478::row439::t12800
5733,sfq_11478::row439::t13312
5734,sfq_11478::row439::t13824
5735,sfq_11478::row439::t14336
5736,sfq_11478::row439::t14848
5737,sfq_11478::row439::t1536
5738,sfq_11478::row439::t15360
5739,sfq_11478::row439::t15872
5740,sfq_11478::row439::t16384
5741,sfq_11478::row439::t16896
5742,sfq_11478::row439::t17408
5743,sfq_11478::row439::t17920
5744,sfq_11478::row439::t18432
5745,sfq_11478::row439::t18944
5746,sfq_11478::row439::t2048
5747,sfq_11478::row439::t2560
5748,sfq_11478::row439::t3072
5749,sfq_11478::row439::t3584
5750,sfq_11478::row439::t4096
5751,sfq_11478::row439::t4608
5752,sfq_11478::row439::t512
5753,sfq_11478::row439::t5120
5754,sfq_11478::row439::t5632
5755,sfq_11478::row439::t6144
5756,sfq_11478::row439::t6656
5757,sfq_11478::row439::t7168
5758,sfq_11478::row439::t7680
5759,sfq_11478::row439::t8192
5760,sfq_11478::row439::t8704
5761,sfq_11478::row439::t9216
5762,sfq_11478::row439::t9728
5763,sfq_11635::row276::t0
5764,sfq_11635::row276::t1024
5765,sfq_11635::row276::t1536
5766,sfq_11635::row276::t2048
5767,sfq_11635::row276::t2560
5768,sfq_11635::row276::t3072
5769,sfq_11635::row276::t3584
5770,sfq_11635::row276::t4096
5771,sfq_11635::row276::t4608
5772,sfq_11635::row276::t512
5773,sfq_11635::row276::t5120
5774,sfq_11635::row276::t5632
5775,sfq_11635::row276::t6144
5776,sfq_11635::row276::t6656
5777,sfq_11635::row276::t7168
5778,sfq_11635::row276::t7680
5779,sfq_11794::row237::t0
5780,sfq_11794::row237::t1024
5781,sfq_11794::row237::t1536
5782,sfq_11794::row237::t2048
5783,sfq_11794::row237::t2560
5784,sfq_11794::row237::t3072
5785,sfq_11794::row237::t3584
5786,sfq_11794::row237::t4096
5787,sfq_11794::row237::t4608
5788,sfq_11794::row237::t512
5789,sfq_11794::row237::t5120
5790,sfq_11794::row237::t5632
5791,sfq_11799::row349::t0
5792,sfq_11799::row349::t512
5793,sfq_12324::row377::t0
5794,sfq_12324::row377::t1024
5795,sfq_12324::row377::t1536
5796,sfq_12324::row377::t2048
5797,sfq_12324::row377::t2560
5798,sfq_12324::row377::t3072
5799,sfq_12324::row377::t3584
5800,sfq_12324::row377::t4096
5801,sfq_12324::row377::t4608
5802,sfq_12324::row377::t512
5803,sfq_12324::row377::t5120
5804,sfq_12324::row377::t5632
5805,sfq_12324::row377::t6144
5806,sfq_12324::row377::t6656
5807,sfq_12324::row377::t7168
5808,sfq_12324::row377::t7680
5809,sfq_12324::row377::t8192
5810,sfq_12871::row170::t0
5811,sfq_1303::row202::t0
5812,sfq_1303::row202::t1024
5813,sfq_1303::row202::t10240
5814,sfq_1303::row202::t10752
5815,sfq_1303::row202::t11264
5816,sfq_1303::row202::t11776
5817,sfq_1303::row202::t12288
5818,sfq_1303::row202::t12800
5819,sfq_1303::row202::t13312
5820,sfq_1303::row202::t1536
5821,sfq_1303::row202::t2048
5822,sfq_1303::row202::t2560
5823,sfq_1303::row202::t3072
5824,sfq_1303::row202::t3584
5825,sfq_1303::row202::t4096
5826,sfq_1303::row202::t4608
5827,sfq_1303::row202::t512
5828,sfq_1303::row202::t5120
5829,sfq_1303::row202::t5632
5830,sfq_1303::row202::t6144
5831,sfq_1303::row202::t6656
5832,sfq_1303::row202::t7168
5833,sfq_1303::row202::t7680
5834,sfq_1303::row202::t8192
5835,sfq_1303::row202::t8704
5836,sfq_1303::row202::t9216
5837,sfq_1303::row202::t9728
5838,sfq_13239::row315::t0
5839,sfq_13320::row404::t0
5840,sfq_13799::row354::t0
5841,sfq_13799::row354::t1024
5842,sfq_13799::row354::t10240
5843,sfq_13799::row354::t10752
5844,sfq_13799::row354::t11264
5845,sfq_13799::row354::t11776
5846,sfq_13799::row354::t12288
5847,sfq_13799::row354::t12800
5848,sfq_13799::row354::t13312
5849,sfq_13799::row354::t13824
5850,sfq_13799::row354::t14336
5851,sfq_13799::row354::t14848
5852,sfq_13799::row354::t1536
5853,sfq_13799::row354::t15360
5854,sfq_13799::row354::t15872
5855,sfq_13799::row354::t16384
5856,sfq_13799::row354::t16896
5857,sfq_13799::row354::t17408
5858,sfq_13799::row354::t17920
5859,sfq_13799::row354::t18432
5860,sfq_13799::row354::t18944
5861,sfq_13799::row354::t19456
5862,sfq_13799::row354::t19968
5863,sfq_13799::row354::t2048
5864,sfq_13799::row354::t20480
5865,sfq_13799::row354::t20992
5866,sfq_13799::row354::t21504
5867,sfq_13799::row354::t22016
5868,sfq_13799::row354::t22528
5869,sfq_13799::row354::t23040
5870,sfq_13799::row354::t23552
5871,sfq_13799::row354::t24064
5872,sfq_13799::row354::t24576
5873,sfq_13799::row354::t2560
5874,sfq_13799::row354::t3072
5875,sfq_13799::row354::t3584
5876,sfq_13799::row354::t4096
5877,sfq_13799::row354::t4608
5878,sfq_13799::row354::t512
5879,sfq_13799::row354::t5120
5880,sfq_13799::row354::t5632
5881,sfq_13799::row354::t6144
5882,sfq_13799::row354::t6656
5883,sfq_13799::row354::t7168
5884,sfq_13799::row354::t7680
5885,sfq_13799::row354::t8192
5886,sfq_13799::row354::t8704
5887,sfq_13799::row354::t9216
5888,sfq_13799::row354::t9728
5889,sfq_13873::row295::t0
5890,sfq_13873::row295::t1024
5891,sfq_13873::row295::t1536
5892,sfq_13873::row295::t2048
5893,sfq_13873::row295::t2560
5894,sfq_13873::row295::t3072
5895,sfq_13873::row295::t3584
5896,sfq_13873::row295::t4096
5897,sfq_13873::row295::t4608
5898,sfq_13873::row295::t512
5899,sfq_13946::row139::t0
5900,sfq_13946::row139::t1024
5901,sfq_13946::row139::t1536
5902,sfq_13946::row139::t2048
5903,sfq_13946::row139::t2560
5904,sfq_13946::row139::t3072
5905,sfq_13946::row139::t3584
5906,sfq_13946::row139::t4096
5907,sfq_13946::row139::t4608
5908,sfq_13946::row139::t512
5909,sfq_13946::row139::t5120
5910,sfq_13946::row139::t5632
5911,sfq_13946::row139::t6144
5912,sfq_13946::row139::t6656
5913,sfq_13946::row139::t7168
5914,sfq_13946::row139::t7680
5915,sfq_13946::row139::t8192
5916,sfq_13946::row139::t8704
5917,sfq_14380::row14::t0
5918,sfq_14380::row14::t1024
5919,sfq_14380::row14::t10240
5920,sfq_14380::row14::t10752
5921,sfq_14380::row14::t11264
5922,sfq_14380::row14::t11776
5923,sfq_14380::row14::t12288
5924,sfq_14380::row14::t12800
5925,sfq_14380::row14::t1536
5926,sfq_14380::row14::t2048
5927,sfq_14380::row14::t2560
5928,sfq_14380::row14::t3072
5929,sfq_14380::row14::t3584
5930,sfq_14380::row14::t4096
5931,sfq_14380::row14::t4608
5932,sfq_14380::row14::t512
5933,sfq_14380::row14::t5120
5934,sfq_14380::row14::t5632
5935,sfq_14380::row14::t6144
5936,sfq_14380::row14::t6656
5937,sfq_14380::row14::t7168
5938,sfq_14380::row14::t7680
5939,sfq_14380::row14::t8192
5940,sfq_14380::row14::t8704
5941,sfq_14380::row14::t9216
5942,sfq_14380::row14::t9728
5943,sfq_14598::row359::t0
5944,sfq_14598::row359::t1024
5945,sfq_14598::row359::t10240
5946,sfq_14598::row359::t10752
5947,sfq_14598::row359::t11264
5948,sfq_14598::row359::t11776
5949,sfq_14598::row359::t12288
5950,sfq_14598::row359::t12800
5951,sfq_14598::row359::t13312
5952,sfq_14598::row359::t13824
5953,sfq_14598::row359::t1536
5954,sfq_14598::row359::t2048
5955,sfq_14598::row359::t2560
5956,sfq_14598::row359::t3072
5957,sfq_14598::row359::t3584
5958,sfq_14598::row359::t4096
5959,sfq_14598::row359::t4608
5960,sfq_14598::row359::t512
5961,sfq_14598::row359::t5120
5962,sfq_14598::row359::t5632
5963,sfq_14598::row359::t6144
5964,sfq_14598::row359::t6656
5965,sfq_14598::row359::t7168
5966,sfq_14598::row359::t7680
5967,sfq_14598::row359::t8192
5968,sfq_14598::row359::t8704
5969,sfq_14598::row359::t9216
5970,sfq_14598::row359::t9728
5971,sfq_14649::row65::t0
5972,sfq_14649::row65::t1024
5973,sfq_14649::row65::t10240
5974,sfq_14649::row65::t10752
5975,sfq_14649::row65::t11264
5976,sfq_14649::row65::t11776
5977,sfq_14649::row65::t12288
5978,sfq_14649::row65::t12800
5979,sfq_14649::row65::t13312
5980,sfq_14649::row65::t13824
5981,sfq_14649::row65::t14336
5982,sfq_14649::row65::t14848
5983,sfq_14649::row65::t1536
5984,sfq_14649::row65::t15360
5985,sfq_14649::row65::t15872
5986,sfq_14649::row65::t16384
5987,sfq_14649::row65::t16896
5988,sfq_14649::row65::t17408
5989,sfq_14649::row65::t17920
5990,sfq_14649::row65::t18432
5991,sfq_14649::row65::t18944
5992,sfq_14649::row65::t19456
5993,sfq_14649::row65::t19968
5994,sfq_14649::row65::t2048
5995,sfq_14649::row65::t20480
5996,sfq_14649::row65::t20992
5997,sfq_14649::row65::t21504
5998,sfq_14649::row65::t22016
5999,sfq_14649::row65::t22528
6000,sfq_14649::row65::t23040
6001,sfq_14649::row65::t2560
6002,sfq_14649::row65::t3072
6003,sfq_14649::row65::t3584
6004,sfq_14649::row65::t4096
6005,sfq_14649::row65::t4608
6006,sfq_14649::row65::t512
6007,sfq_14649::row65::t5120
6008,sfq_14649::row65::t5632
6009,sfq_14649::row65::t6144
6010,sfq_14649::row65::t6656
6011,sfq_14649::row65::t7168
6012,sfq_14649::row65::t7680
6013,sfq_14649::row65::t8192
6014,sfq_14649::row65::t8704
6015,sfq_14649::row65::t9216
6016,sfq_14649::row65::t9728
6017,sfq_14677::row419::t0
6018,sfq_14677::row419::t1024
6019,sfq_14677::row419::t1536
6020,sfq_14677::row419::t2048
6021,sfq_14677::row419::t2560
6022,sfq_14677::row419::t3072
6023,sfq_14677::row419::t512
6024,sfq_15075::row150::t0
6025,sfq_15075::row150::t1024
6026,sfq_15075::row150::t10240
6027,sfq_15075::row150::t10752
6028,sfq_15075::row150::t11264
6029,sfq_15075::row150::t11776
6030,sfq_15075::row150::t12288
6031,sfq_15075::row150::t12800
6032,sfq_15075::row150::t13312
6033,sfq_15075::row150::t13824
6034,sfq_15075::row150::t14336
6035,sfq_15075::row150::t14848
6036,sfq_15075::row150::t1536
6037,sfq_15075::row150::t15360
6038,sfq_15075::row150::t15872
6039,sfq_15075::row150::t16384
6040,sfq_15075::row150::t16896
6041,sfq_15075::row150::t17408
6042,sfq_15075::row150::t17920
6043,sfq_15075::row150::t18432
6044,sfq_15075::row150::t18944
6045,sfq_15075::row150::t19456
6046,sfq_15075::row150::t19968
6047,sfq_15075::row150::t2048
6048,sfq_15075::row150::t20480
6049,sfq_15075::row150::t20992
6050,sfq_15075::row150::t21504
6051,sfq_15075::row150::t2560
6052,sfq_15075::row150::t3072
6053,sfq_15075::row150::t3584
6054,sfq_15075::row150::t4096
6055,sfq_15075::row150::t4608
6056,sfq_15075::row150::t512
6057,sfq_15075::row150::t5120
6058,sfq_15075::row150::t5632
6059,sfq_15075::row150::t6144
6060,sfq_15075::row150::t6656
6061,sfq_15075::row150::t7168
6062,sfq_15075::row150::t7680
6063,sfq_15075::row150::t8192
6064,sfq_15075::row150::t8704
6065,sfq_15075::row150::t9216
6066,sfq_15075::row150::t9728
6067,sfq_15208::row425::t0
6068,sfq_15208::row425::t1024
6069,sfq_15208::row425::t1536
6070,sfq_15208::row425::t2048
6071,sfq_15208::row425::t2560
6072,sfq_15208::row425::t3072
6073,sfq_15208::row425::t3584
6074,sfq_15208::row425::t4096
6075,sfq_15208::row425::t4608
6076,sfq_15208::row425::t512
6077,sfq_15208::row425::t5120
6078,sfq_15208::row425::t5632
6079,sfq_15208::row425::t6144
6080,sfq_15663::row133::t0
6081,sfq_15663::row133::t1024
6082,sfq_15663::row133::t1536
6083,sfq_15663::row133::t2048
6084,sfq_15663::row133::t512
6085,sfq_15821::row157::t10752
6086,sfq_15821::row157::t11264
6087,sfq_15821::row157::t11776
6088,sfq_15821::row157::t12288
6089,sfq_15821::row157::t12800
6090,sfq_15821::row157::t13312
6091,sfq_15821::row157::t13824
6092,sfq_15821::row157::t14336
6093,sfq_15821::row157::t14848
6094,sfq_15821::row157::t15360
6095,sfq_15821::row157::t15872
6096,sfq_15821::row157::t16384
6097,sfq_15821::row157::t16896
6098,sfq_15821::row157::t17408
6099,sfq_15821::row157::t17920
6100,sfq_15821::row157::t18432
6101,sfq_15821::row157::t18944
6102,sfq_15821::row157::t19456
6103,sfq_15821::row157::t19968
6104,sfq_15821::row157::t20480
6105,sfq_15821::row157::t20992
6106,sfq_15821::row157::t21504
6107,sfq_15821::row157::t22016
6108,sfq_15821::row157::t22528
6109,sfq_15821::row157::t23040
6110,sfq_15821::row157::t23552
6111,sfq_15821::row157::t24064
6112,sfq_15821::row157::t24576
6113,sfq_15821::row157::t25088
6114,sfq_15821::row157::t25600
6115,sfq_15821::row157::t26112
6116,sfq_15821::row157::t26624
6117,sfq_15821::row157::t27136
6118,sfq_15821::row157::t27648
6119,sfq_15821::row157::t28160
6120,sfq_15821::row157::t28672
6121,sfq_15821::row157::t29184
6122,sfq_15821::row157::t29696
6123,sfq_15821::row157::t30208
6124,sfq_15821::row157::t30720
6125,sfq_15821::row157::t31232
6126,sfq_15821::row157::t31744
6127,sfq_15821::row157::t32256
6128,sfq_15821::row157::t32768
6129,sfq_15821::row157::t33280
6130,sfq_15821::row157::t33792
6131,sfq_15821::row157::t34304
6132,sfq_15821::row157::t34816
6133,sfq_15821::row157::t35328
6134,sfq_15821::row157::t35840
6135,sfq_15821::row157::t36352
6136,sfq_15821::row157::t36864
6137,sfq_15821::row157::t37376
6138,sfq_15821::row157::t37888
6139,sfq_15821::row157::t38400
6140,sfq_15821::row157::t38912
6141,sfq_15821::row157::t39424
6142,sfq_15917::row242::t0
6143,sfq_15917::row242::t1024
6144,sfq_15917::row242::t10240
6145,sfq_15917::row242::t1536
6146,sfq_15917::row242::t2048
6147,sfq_15917::row242::t2560
6148,sfq_15917::row242::t3072
6149,sfq_15917::row242::t3584
6150,sfq_15917::row242::t4096
6151,sfq_15917::row242::t4608
6152,sfq_15917::row242::t512
6153,sfq_15917::row242::t5120
6154,sfq_15917::row242::t5632
6155,sfq_15917::row242::t6144
6156,sfq_15917::row242::t6656
6157,sfq_15917::row242::t7168
6158,sfq_15917::row242::t7680
6159,sfq_15917::row242::t8192
6160,sfq_15917::row242::t8704
6161,sfq_15917::row242::t9216
6162,sfq_15917::row242::t9728
6163,sfq_16348::row190::t0
6164,sfq_16348::row190::t1024
6165,sfq_16348::row190::t1536
6166,sfq_16348::row190::t2048
6167,sfq_16348::row190::t2560
6168,sfq_16348::row190::t3072
6169,sfq_16348::row190::t3584
6170,sfq_16348::row190::t512
6171,sfq_16858::row448::t0
6172,sfq_16858::row448::t1024
6173,sfq_16858::row448::t1536
6174,sfq_16858::row448::t2048
6175,sfq_16858::row448::t2560
6176,sfq_16858::row448::t3072
6177,sfq_16858::row448::t3584
6178,sfq_16858::row448::t4096
6179,sfq_16858::row448::t4608
6180,sfq_16858::row448::t512
6181,sfq_16858::row448::t5120
6182,sfq_16858::row448::t5632
6183,sfq_16858::row448::t6144
6184,sfq_16858::row448::t6656
6185,sfq_16858::row448::t7168
6186,sfq_16858::row448::t7680
6187,sfq_16858::row448::t8192
6188,sfq_16858::row448::t8704
6189,sfq_16858::row448::t9216
6190,sfq_17002::row72::t0
6191,sfq_17002::row72::t1024
6192,sfq_17002::row72::t10240
6193,sfq_17002::row72::t10752
6194,sfq_17002::row72::t11264
6195,sfq_17002::row72::t11776
6196,sfq_17002::row72::t12288
6197,sfq_17002::row72::t12800
6198,sfq_17002::row72::t13312
6199,sfq_17002::row72::t13824
6200,sfq_17002::row72::t14336
6201,sfq_17002::row72::t14848
6202,sfq_17002::row72::t1536
6203,sfq_17002::row72::t2048
6204,sfq_17002::row72::t2560
6205,sfq_17002::row72::t3072
6206,sfq_17002::row72::t3584
6207,sfq_17002::row72::t4096
6208,sfq_17002::row72::t4608
6209,sfq_17002::row72::t512
6210,sfq_17002::row72::t5120
6211,sfq_17002::row72::t5632
6212,sfq_17002::row72::t6144
6213,sfq_17002::row72::t6656
6214,sfq_17002::row72::t7168
6215,sfq_17002::row72::t7680
6216,sfq_17002::row72::t8192
6217,sfq_17002::row72::t8704
6218,sfq_17002::row72::t9216
6219,sfq_17002::row72::t9728
6220,sfq_17520::row69::t0
6221,sfq_17520::row69::t1024
6222,sfq_17520::row69::t1536
6223,sfq_17520::row69::t2048
6224,sfq_17520::row69::t2560
6225,sfq_17520::row69::t3072
6226,sfq_17520::row69::t3584
6227,sfq_17520::row69::t4096
6228,sfq_17520::row69::t4608
6229,sfq_17520::row69::t512
6230,sfq_17657::row81::t0
6231,sfq_17657::row81::t512
6232,sfq_17955::row309::t0
6233,sfq_17955::row309::t1024
6234,sfq_17955::row309::t10240
6235,sfq_17955::row309::t10752
6236,sfq_17955::row309::t1536
6237,sfq_17955::row309::t2048
6238,sfq_17955::row309::t2560
6239,sfq_17955::row309::t3072
6240,sfq_17955::row309::t3584
6241,sfq_17955::row309::t4096
6242,sfq_17955::row309::t4608
6243,sfq_17955::row309::t512
6244,sfq_17955::row309::t5120
6245,sfq_17955::row309::t5632
6246,sfq_17955::row309::t6144
6247,sfq_17955::row309::t6656
6248,sfq_17955::row309::t7168
6249,sfq_17955::row309::t7680
6250,sfq_17955::row309::t8192
6251,sfq_17955::row309::t8704
6252,sfq_17955::row309::t9216
6253,sfq_17955::row309::t9728
6254,sfq_18111::row249::t0
6255,sfq_18111::row249::t1024
6256,sfq_18111::row249::t512
6257,sfq_18275::row343::t0
6258,sfq_18275::row343::t1024
6259,sfq_18275::row343::t1536
6260,sfq_18275::row343::t2048
6261,sfq_18275::row343::t2560
6262,sfq_18275::row343::t3072
6263,sfq_18275::row343::t3584
6264,sfq_18275::row343::t512
6265,sfq_18541::row62::t0
6266,sfq_18541::row62::t1024
6267,sfq_18541::row62::t10240
6268,sfq_18541::row62::t10752
6269,sfq_18541::row62::t11264
6270,sfq_18541::row62::t11776
6271,sfq_18541::row62::t12288
6272,sfq_18541::row62::t12800
6273,sfq_18541::row62::t13312
6274,sfq_18541::row62::t13824
6275,sfq_18541::row62::t14336
6276,sfq_18541::row62::t14848
6277,sfq_18541::row62::t1536
6278,sfq_18541::row62::t15360
6279,sfq_18541::row62::t15872
6280,sfq_18541::row62::t16384
6281,sfq_18541::row62::t16896
6282,sfq_18541::row62::t17408
6283,sfq_18541::row62::t17920
6284,sfq_18541::row62::t18432
6285,sfq_18541::row62::t18944
6286,sfq_18541::row62::t19456
6287,sfq_18541::row62::t2048
6288,sfq_18541::row62::t2560
6289,sfq_18541::row62::t3072
6290,sfq_18541::row62::t3584
6291,sfq_18541::row62::t4096
6292,sfq_18541::row62::t4608
6293,sfq_18541::row62::t512
6294,sfq_18541::row62::t5120
6295,sfq_18541::row62::t5632
6296,sfq_18541::row62::t6144
6297,sfq_18541::row62::t6656
6298,sfq_18541::row62::t7168
6299,sfq_18541::row62::t7680
6300,sfq_18541::row62::t8192
6301,sfq_18541::row62::t8704
6302,sfq_18541::row62::t9216
6303,sfq_18541::row62::t9728
6304,sfq_18737::row420::t0
6305,sfq_18737::row420::t1024
6306,sfq_18737::row420::t10240
6307,sfq_18737::row420::t10752
6308,sfq_18737::row420::t11264
6309,sfq_18737::row420::t11776
6310,sfq_18737::row420::t12288
6311,sfq_18737::row420::t12800
6312,sfq_18737::row420::t13312
6313,sfq_18737::row420::t13824
6314,sfq_18737::row420::t14336
6315,sfq_18737::row420::t14848
6316,sfq_18737::row420::t1536
6317,sfq_18737::row420::t15360
6318,sfq_18737::row420::t15872
6319,sfq_18737::row420::t16384
6320,sfq_18737::row420::t16896
6321,sfq_18737::row420::t17408
6322,sfq_18737::row420::t17920
6323,sfq_18737::row420::t18432
6324,sfq_18737::row420::t2048
6325,sfq_18737::row420::t2560
6326,sfq_18737::row420::t3072
6327,sfq_18737::row420::t3584
6328,sfq_18737::row420::t4096
6329,sfq_18737::row420::t4608
6330,sfq_18737::row420::t512
6331,sfq_18737::row420::t5120
6332,sfq_18737::row420::t5632
6333,sfq_18737::row420::t6144
6334,sfq_18737::row420::t6656
6335,sfq_18737::row420::t7168
6336,sfq_18737::row420::t7680
6337,sfq_18737::row420::t8192
6338,sfq_18737::row420::t8704
6339,sfq_18737::row420::t9216
6340,sfq_18737::row420::t9728
6341,sfq_19304::row76::t0
6342,sfq_19304::row76::t1024
6343,sfq_19304::row76::t1536
6344,sfq_19304::row76::t2048
6345,sfq_19304::row76::t2560
6346,sfq_19304::row76::t3072
6347,sfq_19304::row76::t3584
6348,sfq_19304::row76::t4096
6349,sfq_19304::row76::t4608
6350,sfq_19304::row76::t512
6351,sfq_19304::row76::t5120
6352,sfq_19304::row76::t5632
6353,sfq_19566::row357::t0
6354,sfq_19566::row357::t1024
6355,sfq_19566::row357::t1536
6356,sfq_19566::row357::t2048
6357,sfq_19566::row357::t2560
6358,sfq_19566::row357::t3072
6359,sfq_19566::row357::t3584
6360,sfq_19566::row357::t4096
6361,sfq_19566::row357::t4608
6362,sfq_19566::row357::t512
6363,sfq_2011::row411::t0
6364,sfq_2011::row411::t1024
6365,sfq_2011::row411::t1536
6366,sfq_2011::row411::t2048
6367,sfq_2011::row411::t512
6368,sfq_20243::row112::t0
6369,sfq_20243::row112::t1024
6370,sfq_20243::row112::t1536
6371,sfq_20243::row112::t512
6372,sfq_20324::row340::t0
6373,sfq_20324::row340::t1024
6374,sfq_20324::row340::t10240
6375,sfq_20324::row340::t10752
6376,sfq_20324::row340::t11264
6377,sfq_20324::row340::t11776
6378,sfq_20324::row340::t12288
6379,sfq_20324::row340::t12800
6380,sfq_20324::row340::t13312
6381,sfq_20324::row340::t13824
6382,sfq_20324::row340::t14336
6383,sfq_20324::row340::t14848
6384,sfq_20324::row340::t1536
6385,sfq_20324::row340::t15360
6386,sfq_20324::row340::t15872
6387,sfq_20324::row340::t16384
6388,sfq_20324::row340::t16896
6389,sfq_20324::row340::t2048
6390,sfq_20324::row340::t2560
6391,sfq_20324::row340::t3072
6392,sfq_20324::row340::t3584
6393,sfq_20324::row340::t4096
6394,sfq_20324::row340::t4608
6395,sfq_20324::row340::t512
6396,sfq_20324::row340::t5120
6397,sfq_20324::row340::t5632
6398,sfq_20324::row340::t6144
6399,sfq_20324::row340::t6656
6400,sfq_20324::row340::t7168
6401,sfq_20324::row340::t7680
6402,sfq_20324::row340::t8192
6403,sfq_20324::row340::t8704
6404,sfq_20324::row340::t9216
6405,sfq_20324::row340::t9728
6406,sfq_20381::row222::t0
6407,sfq_20381::row222::t1024
6408,sfq_20381::row222::t1536
6409,sfq_20381::row222::t2048
6410,sfq_20381::row222::t2560
6411,sfq_20381::row222::t512
6412,sfq_20499::row39::t0
6413,sfq_20499::row39::t1024
6414,sfq_20499::row39::t1536
6415,sfq_20499::row39::t2048
6416,sfq_20499::row39::t2560
6417,sfq_20499::row39::t3072
6418,sfq_20499::row39::t3584
6419,sfq_20499::row39::t512
6420,sfq_20692::row214::t0
6421,sfq_20692::row214::t1024
6422,sfq_20692::row214::t1536
6423,sfq_20692::row214::t2048
6424,sfq_20692::row214::t2560
6425,sfq_20692::row214::t3072
6426,sfq_20692::row214::t3584
6427,sfq_20692::row214::t4096
6428,sfq_20692::row214::t512
6429,sfq_20732::row233::t0
6430,sfq_20732::row233::t1024
6431,sfq_20732::row233::t1536
6432,sfq_20732::row233::t2048
6433,sfq_20732::row233::t2560
6434,sfq_20732::row233::t512
6435,sfq_20740::row286::t0
6436,sfq_20740::row286::t1024
6437,sfq_20740::row286::t10240
6438,sfq_20740::row286::t10752
6439,sfq_20740::row286::t11264
6440,sfq_20740::row286::t11776
6441,sfq_20740::row286::t12288
6442,sfq_20740::row286::t1536
6443,sfq_20740::row286::t2048
6444,sfq_20740::row286::t2560
6445,sfq_20740::row286::t3072
6446,sfq_20740::row286::t3584
6447,sfq_20740::row286::t4096
6448,sfq_20740::row286::t4608
6449,sfq_20740::row286::t512
6450,sfq_20740::row286::t5120
6451,sfq_20740::row286::t5632
6452,sfq_20740::row286::t6144
6453,sfq_20740::row286::t6656
6454,sfq_20740::row286::t7168
6455,sfq_20740::row286::t7680
6456,sfq_20740::row286::t8192
6457,sfq_20740::row286::t8704
6458,sfq_20740::row286::t9216
6459,sfq_20740::row286::t9728
6460,sfq_20945::row135::t0
6461,sfq_20945::row135::t1024
6462,sfq_20945::row135::t1536
6463,sfq_20945::row135::t2048
6464,sfq_20945::row135::t2560
6465,sfq_20945::row135::t3072
6466,sfq_20945::row135::t3584
6467,sfq_20945::row135::t4096
6468,sfq_20945::row135::t4608
6469,sfq_20945::row135::t512
6470,sfq_20945::row135::t5120
6471,sfq_20945::row135::t5632
6472,sfq_20945::row135::t6144
6473,sfq_20945::row135::t6656
6474,sfq_20945::row135::t7168
6475,sfq_21713::row106::t0
6476,sfq_21713::row106::t1024
6477,sfq_21713::row106::t10240
6478,sfq_21713::row106::t10752
6479,sfq_21713::row106::t11264
6480,sfq_21713::row106::t11776
6481,sfq_21713::row106::t12288
6482,sfq_21713::row106::t12800
6483,sfq_21713::row106::t13312
6484,sfq_21713::row106::t13824
6485,sfq_21713::row106::t14336
6486,sfq_21713::row106::t1536
6487,sfq_21713::row106::t2048
6488,sfq_21713::row106::t2560
6489,sfq_21713::row106::t3072
6490,sfq_21713::row106::t3584
6491,sfq_21713::row106::t4096
6492,sfq_21713::row106::t4608
6493,sfq_21713::row106::t512
6494,sfq_21713::row106::t5120
6495,sfq_21713::row106::t5632
6496,sfq_21713::row106::t6144
6497,sfq_21713::row106::t6656
6498,sfq_21713::row106::t7168
6499,sfq_21713::row106::t7680
6500,sfq_21713::row106::t8192
6501,sfq_21713::row106::t8704
6502,sfq_21713::row106::t9216
6503,sfq_21713::row106::t9728
6504,sfq_22341::row180::t0
6505,sfq_22341::row180::t1024
6506,sfq_22341::row180::t10240
6507,sfq_22341::row180::t10752
6508,sfq_22341::row180::t11264
6509,sfq_22341::row180::t11776
6510,sfq_22341::row180::t12288
6511,sfq_22341::row180::t12800
6512,sfq_22341::row180::t13312
6513,sfq_22341::row180::t13824
6514,sfq_22341::row180::t14336
6515,sfq_22341::row180::t14848
6516,sfq_22341::row180::t1536
6517,sfq_22341::row180::t15360
6518,sfq_22341::row180::t15872
6519,sfq_22341::row180::t16384
6520,sfq_22341::row180::t16896
6521,sfq_22341::row180::t17408
6522,sfq_22341::row180::t17920
6523,sfq_22341::row180::t18432
6524,sfq_22341::row180::t18944
6525,sfq_22341::row180::t19456
6526,sfq_22341::row180::t19968
6527,sfq_22341::row180::t2048
6528,sfq_22341::row180::t20480
6529,sfq_22341::row180::t20992
6530,sfq_22341::row180::t21504
6531,sfq_22341::row180::t22016
6532,sfq_22341::row180::t22528
6533,sfq_22341::row180::t23040
6534,sfq_22341::row180::t23552
6535,sfq_22341::row180::t24064
6536,sfq_22341::row180::t24576
6537,sfq_22341::row180::t25088
6538,sfq_22341::row180::t2560
6539,sfq_22341::row180::t25600
6540,sfq_22341::row180::t26112
6541,sfq_22341::row180::t26624
6542,sfq_22341::row180::t27136
6543,sfq_22341::row180::t27648
6544,sfq_22341::row180::t3072
6545,sfq_22341::row180::t3584
6546,sfq_22341::row180::t4096
6547,sfq_22341::row180::t4608
6548,sfq_22341::row180::t512
6549,sfq_22341::row180::t5120
6550,sfq_22341::row180::t5632
6551,sfq_22341::row180::t6144
6552,sfq_22341::row180::t6656
6553,sfq_22341::row180::t7168
6554,sfq_22341::row180::t7680
6555,sfq_22341::row180::t8192
6556,sfq_22341::row180::t8704
6557,sfq_22341::row180::t9216
6558,sfq_22341::row180::t9728
6559,sfq_22477::row281::t0
6560,sfq_22477::row281::t1024
6561,sfq_22477::row281::t10240
6562,sfq_22477::row281::t10752
6563,sfq_22477::row281::t11264
6564,sfq_22477::row281::t11776
6565,sfq_22477::row281::t12288
6566,sfq_22477::row281::t12800
6567,sfq_22477::row281::t13312
6568,sfq_22477::row281::t13824
6569,sfq_22477::row281::t14336
6570,sfq_22477::row281::t14848
6571,sfq_22477::row281::t1536
6572,sfq_22477::row281::t15360
6573,sfq_22477::row281::t15872
6574,sfq_22477::row281::t16384
6575,sfq_22477::row281::t16896
6576,sfq_22477::row281::t17408
6577,sfq_22477::row281::t17920
6578,sfq_22477::row281::t18432
6579,sfq_22477::row281::t18944
6580,sfq_22477::row281::t19456
6581,sfq_22477::row281::t19968
6582,sfq_22477::row281::t2048
6583,sfq_22477::row281::t20480
6584,sfq_22477::row281::t20992
6585,sfq_22477::row281::t21504
6586,sfq_22477::row281::t22016
6587,sfq_22477::row281::t22528
6588,sfq_22477::row281::t23040
6589,sfq_22477::row281::t23552
6590,sfq_22477::row281::t24064
6591,sfq_22477::row281::t24576
6592,sfq_22477::row281::t25088
6593,sfq_22477::row281::t2560
6594,sfq_22477::row281::t25600
6595,sfq_22477::row281::t26112
6596,sfq_22477::row281::t26624
6597,sfq_22477::row281::t27136
6598,sfq_22477::row281::t27648
6599,sfq_22477::row281::t28160
6600,sfq_22477::row281::t28672
6601,sfq_22477::row281::t29184
6602,sfq_22477::row281::t29696
6603,sfq_22477::row281::t30208
6604,sfq_22477::row281::t3072
6605,sfq_22477::row281::t30720
6606,sfq_22477::row281::t31232
6607,sfq_22477::row281::t31744
6608,sfq_22477::row281::t3584
6609,sfq_22477::row281::t4096
6610,sfq_22477::row281::t4608
6611,sfq_22477::row281::t512
6612,sfq_22477::row281::t5120
6613,sfq_22477::row281::t5632
6614,sfq_22477::row281::t6144
6615,sfq_22477::row281::t6656
6616,sfq_22477::row281::t7168
6617,sfq_22477::row281::t7680
6618,sfq_22477::row281::t8192
6619,sfq_22477::row281::t8704
6620,sfq_22477::row281::t9216
6621,sfq_22477::row281::t9728
6622,sfq_22823::row369::t0
6623,sfq_22823::row369::t1024
6624,sfq_22823::row369::t1536
6625,sfq_22823::row369::t2048
6626,sfq_22823::row369::t2560
6627,sfq_22823::row369::t3072
6628,sfq_22823::row369::t3584
6629,sfq_22823::row369::t4096
6630,sfq_22823::row369::t4608
6631,sfq_22823::row369::t512
6632,sfq_22823::row369::t5120
6633,sfq_22823::row369::t5632
6634,sfq_22823::row369::t6144
6635,sfq_22823::row369::t6656
6636,sfq_22823::row369::t7168
6637,sfq_22883::row390::t0
6638,sfq_22883::row390::t1024
6639,sfq_22883::row390::t1536
6640,sfq_22883::row390::t2048
6641,sfq_22883::row390::t2560
6642,sfq_22883::row390::t3072
6643,sfq_22883::row390::t3584
6644,sfq_22883::row390::t4096
6645,sfq_22883::row390::t4608
6646,sfq_22883::row390::t512
6647,sfq_22883::row390::t5120
6648,sfq_22883::row390::t5632
6649,sfq_22883::row390::t6144
6650,sfq_22883::row390::t6656
6651,sfq_22883::row390::t7168
6652,sfq_22883::row390::t7680
6653,sfq_23110::row378::t0
6654,sfq_23110::row378::t1024
6655,sfq_23110::row378::t1536
6656,sfq_23110::row378::t2048
6657,sfq_23110::row378::t2560
6658,sfq_23110::row378::t3072
6659,sfq_23110::row378::t3584
6660,sfq_23110::row378::t4096
6661,sfq_23110::row378::t4608
6662,sfq_23110::row378::t512
6663,sfq_23449::row203::t0
6664,sfq_23449::row203::t1024
6665,sfq_23449::row203::t10240
6666,sfq_23449::row203::t10752
6667,sfq_23449::row203::t11264
6668,sfq_23449::row203::t11776
6669,sfq_23449::row203::t12288
6670,sfq_23449::row203::t12800
6671,sfq_23449::row203::t13312
6672,sfq_23449::row203::t13824
6673,sfq_23449::row203::t1536
6674,sfq_23449::row203::t2048
6675,sfq_23449::row203::t2560
6676,sfq_23449::row203::t3072
6677,sfq_23449::row203::t3584
6678,sfq_23449::row203::t4096
6679,sfq_23449::row203::t4608
6680,sfq_23449::row203::t512
6681,sfq_23449::row203::t5120
6682,sfq_23449::row203::t5632
6683,sfq_23449::row203::t6144
6684,sfq_23449::row203::t6656
6685,sfq_23449::row203::t7168
6686,sfq_23449::row203::t7680
6687,sfq_23449::row203::t8192
6688,sfq_23449::row203::t8704
6689,sfq_23449::row203::t9216
6690,sfq_23449::row203::t9728
6691,sfq_23493::row43::t0
6692,sfq_23493::row43::t1024
6693,sfq_23493::row43::t10240
6694,sfq_23493::row43::t10752
6695,sfq_23493::row43::t11264
6696,sfq_23493::row43::t11776
6697,sfq_23493::row43::t1536
6698,sfq_23493::row43::t2048
6699,sfq_23493::row43::t2560
6700,sfq_23493::row43::t3072
6701,sfq_23493::row43::t3584
6702,sfq_23493::row43::t4096
6703,sfq_23493::row43::t4608
6704,sfq_23493::row43::t512
6705,sfq_23493::row43::t5120
6706,sfq_23493::row43::t5632
6707,sfq_23493::row43::t6144
6708,sfq_23493::row43::t6656
6709,sfq_23493::row43::t7168
6710,sfq_23493::row43::t7680
6711,sfq_23493::row43::t8192
6712,sfq_23493::row43::t8704
6713,sfq_23493::row43::t9216
6714,sfq_23493::row43::t9728
6715,sfq_2358::row260::t0
6716,sfq_2358::row260::t512
6717,sfq_23625::row2::t0
6718,sfq_23625::row2::t1024
6719,sfq_23625::row2::t1536
6720,sfq_23625::row2::t2048
6721,sfq_23625::row2::t2560
6722,sfq_23625::row2::t512
6723,sfq_23900::row215::t0
6724,sfq_23900::row215::t1024
6725,sfq_23900::row215::t1536
6726,sfq_23900::row215::t2048
6727,sfq_23900::row215::t2560
6728,sfq_23900::row215::t3072
6729,sfq_23900::row215::t3584
6730,sfq_23900::row215::t4096
6731,sfq_23900::row215::t4608
6732,sfq_23900::row215::t512
6733,sfq_23900::row215::t5120
6734,sfq_23900::row215::t5632
6735,sfq_23900::row215::t6144
6736,sfq_23900::row215::t6656
6737,sfq_23900::row215::t7168
6738,sfq_23900::row215::t7680
6739,sfq_23900::row215::t8192
6740,sfq_23936::row143::t0
6741,sfq_23936::row143::t1024
6742,sfq_23936::row143::t1536
6743,sfq_23936::row143::t2048
6744,sfq_23936::row143::t2560
6745,sfq_23936::row143::t3072
6746,sfq_23936::row143::t3584
6747,sfq_23936::row143::t4096
6748,sfq_23936::row143::t4608
6749,sfq_23936::row143::t512
6750,sfq_23936::row143::t5120
6751,sfq_23936::row143::t5632
6752,sfq_23936::row143::t6144
6753,sfq_24548::row355::t0
6754,sfq_24548::row355::t1024
6755,sfq_24548::row355::t10240
6756,sfq_24548::row355::t10752
6757,sfq_24548::row355::t11264
6758,sfq_24548::row355::t11776
6759,sfq_24548::row355::t12288
6760,sfq_24548::row355::t12800
6761,sfq_24548::row355::t13312
6762,sfq_24548::row355::t13824
6763,sfq_24548::row355::t14336
6764,sfq_24548::row355::t14848
6765,sfq_24548::row355::t1536
6766,sfq_24548::row355::t15360
6767,sfq_24548::row355::t15872
6768,sfq_24548::row355::t16384
6769,sfq_24548::row355::t16896
6770,sfq_24548::row355::t17408
6771,sfq_24548::row355::t17920
6772,sfq_24548::row355::t18432
6773,sfq_24548::row355::t18944
6774,sfq_24548::row355::t19456
6775,sfq_24548::row355::t19968
6776,sfq_24548::row355::t2048
6777,sfq_24548::row355::t20480
6778,sfq_24548::row355::t20992
6779,sfq_24548::row355::t21504
6780,sfq_24548::row355::t22016
6781,sfq_24548::row355::t22528
6782,sfq_24548::row355::t23040
6783,sfq_24548::row355::t23552
6784,sfq_24548::row355::t24064
6785,sfq_24548::row355::t24576
6786,sfq_24548::row355::t25088
6787,sfq_24548::row355::t2560
6788,sfq_24548::row355::t25600
6789,sfq_24548::row355::t26112
6790,sfq_24548::row355::t26624
6791,sfq_24548::row355::t27136
6792,sfq_24548::row355::t27648
6793,sfq_24548::row355::t28160
6794,sfq_24548::row355::t28672
6795,sfq_24548::row355::t29184
6796,sfq_24548::row355::t29696
6797,sfq_24548::row355::t30208
6798,sfq_24548::row355::t3072
6799,sfq_24548::row355::t30720
6800,sfq_24548::row355::t31232
6801,sfq_24548::row355::t31744
6802,sfq_24548::row355::t32256
6803,sfq_24548::row355::t32768
6804,sfq_24548::row355::t33280
6805,sfq_24548::row355::t33792
6806,sfq_24548::row355::t34304
6807,sfq_24548::row355::t34816
6808,sfq_24548::row355::t35328
6809,sfq_24548::row355::t3584
6810,sfq_24548::row355::t35840
6811,sfq_24548::row355::t36352
6812,sfq_24548::row355::t36864
6813,sfq_24548::row355::t37376
6814,sfq_24548::row355::t37888
6815,sfq_24548::row355::t38400
6816,sfq_24548::row355::t38912
6817,sfq_24548::row355::t39424
6818,sfq_24548::row355::t39936
6819,sfq_24548::row355::t40448
6820,sfq_24548::row355::t4096
6821,sfq_24548::row355::t40960
6822,sfq_24548::row355::t41472
6823,sfq_24548::row355::t41984
6824,sfq_24548::row355::t42496
6825,sfq_24548::row355::t43008
6826,sfq_24548::row355::t43520
6827,sfq_24548::row355::t44032
6828,sfq_24548::row355::t44544
6829,sfq_24548::row355::t45056
6830,sfq_24548::row355::t45568
6831,sfq_24548::row355::t4608
6832,sfq_24548::row355::t512
6833,sfq_24548::row355::t5120
6834,sfq_24548::row355::t5632
6835,sfq_24548::row355::t6144
6836,sfq_24548::row355::t6656
6837,sfq_24548::row355::t7168
6838,sfq_24548::row355::t7680
6839,sfq_24548::row355::t8192
6840,sfq_24548::row355::t8704
6841,sfq_24548::row355::t9216
6842,sfq_24548::row355::t9728
6843,sfq_24884::row360::t0
6844,sfq_24884::row360::t1024
6845,sfq_24884::row360::t1536
6846,sfq_24884::row360::t2048
6847,sfq_24884::row360::t2560
6848,sfq_24884::row360::t3072
6849,sfq_24884::row360::t3584
6850,sfq_24884::row360::t4096
6851,sfq_24884::row360::t4608
6852,sfq_24884::row360::t512
6853,sfq_24884::row360::t5120
6854,sfq_24884::row360::t5632
6855,sfq_24884::row360::t6144
6856,sfq_24884::row360::t6656
6857,sfq_24884::row360::t7168
6858,sfq_2494::row152::t0
6859,sfq_2494::row152::t1024
6860,sfq_2494::row152::t1536
6861,sfq_2494::row152::t512
6862,sfq_24964::row392::t0
6863,sfq_24964::row392::t512
6864,sfq_25215::row149::t0
6865,sfq_25215::row149::t1024
6866,sfq_25215::row149::t1536
6867,sfq_25215::row149::t2048
6868,sfq_25215::row149::t2560
6869,sfq_25215::row149::t3072
6870,sfq_25215::row149::t3584
6871,sfq_25215::row149::t4096
6872,sfq_25215::row149::t4608
6873,sfq_25215::row149::t512
6874,sfq_25215::row149::t5120
6875,sfq_25215::row149::t5632
6876,sfq_25215::row149::t6144
6877,sfq_25215::row149::t6656
6878,sfq_25891::row266::t0
6879,sfq_25891::row266::t1024
6880,sfq_25891::row266::t1536
6881,sfq_25891::row266::t512
6882,sfq_26014::row417::t0
6883,sfq_26014::row417::t1024
6884,sfq_26014::row417::t512
6885,sfq_2723::row134::t0
6886,sfq_2723::row134::t1024
6887,sfq_2723::row134::t10240
6888,sfq_2723::row134::t10752
6889,sfq_2723::row134::t11264
6890,sfq_2723::row134::t11776
6891,sfq_2723::row134::t12288
6892,sfq_2723::row134::t12800
6893,sfq_2723::row134::t13312
6894,sfq_2723::row134::t13824
6895,sfq_2723::row134::t14336
6896,sfq_2723::row134::t14848
6897,sfq_2723::row134::t1536
6898,sfq_2723::row134::t15360
6899,sfq_2723::row134::t15872
6900,sfq_2723::row134::t16384
6901,sfq_2723::row134::t16896
6902,sfq_2723::row134::t17408
6903,sfq_2723::row134::t17920
6904,sfq_2723::row134::t18432
6905,sfq_2723::row134::t18944
6906,sfq_2723::row134::t19456
6907,sfq_2723::row134::t19968
6908,sfq_2723::row134::t2048
6909,sfq_2723::row134::t2560
6910,sfq_2723::row134::t3072
6911,sfq_2723::row134::t3584
6912,sfq_2723::row134::t4096
6913,sfq_2723::row134::t4608
6914,sfq_2723::row134::t512
6915,sfq_2723::row134::t5120
6916,sfq_2723::row134::t5632
6917,sfq_2723::row134::t6144
6918,sfq_2723::row134::t6656
6919,sfq_2723::row134::t7168
6920,sfq_2723::row134::t7680
6921,sfq_2723::row134::t8192
6922,sfq_2723::row134::t8704
6923,sfq_2723::row134::t9216
6924,sfq_2723::row134::t9728
6925,sfq_2901::row227::t0
6926,sfq_2901::row227::t1024
6927,sfq_2901::row227::t512
6928,sfq_2925::row325::t0
6929,sfq_2925::row325::t1024
6930,sfq_2925::row325::t1536
6931,sfq_2925::row325::t512
6932,sfq_3322::row172::t0
6933,sfq_3322::row172::t1024
6934,sfq_3322::row172::t10240
6935,sfq_3322::row172::t10752
6936,sfq_3322::row172::t11264
6937,sfq_3322::row172::t11776
6938,sfq_3322::row172::t12288
6939,sfq_3322::row172::t1536
6940,sfq_3322::row172::t2048
6941,sfq_3322::row172::t2560
6942,sfq_3322::row172::t3072
6943,sfq_3322::row172::t3584
6944,sfq_3322::row172::t4096
6945,sfq_3322::row172::t4608
6946,sfq_3322::row172::t512
6947,sfq_3322::row172::t5120
6948,sfq_3322::row172::t5632
6949,sfq_3322::row172::t6144
6950,sfq_3322::row172::t6656
6951,sfq_3322::row172::t7168
6952,sfq_3322::row172::t7680
6953,sfq_3322::row172::t8192
6954,sfq_3322::row172::t8704
6955,sfq_3322::row172::t9216
6956,sfq_3322::row172::t9728
6957,sfq_342::row299::t0
6958,sfq_342::row299::t1024
6959,sfq_342::row299::t1536
6960,sfq_342::row299::t2048
6961,sfq_342::row299::t2560
6962,sfq_342::row299::t3072
6963,sfq_342::row299::t3584
6964,sfq_342::row299::t4096
6965,sfq_342::row299::t4608
6966,sfq_342::row299::t512
6967,sfq_342::row299::t5120
6968,sfq_342::row299::t5632
6969,sfq_342::row299::t6144
6970,sfq_342::row299::t6656
6971,sfq_342::row299::t7168
6972,sfq_342::row299::t7680
6973,sfq_342::row299::t8192
6974,sfq_342::row299::t8704
6975,sfq_342::row299::t9216
6976,sfq_342::row299::t9728
6977,sfq_3502::row68::t0
6978,sfq_3502::row68::t1024
6979,sfq_3502::row68::t10240
6980,sfq_3502::row68::t10752
6981,sfq_3502::row68::t11264
6982,sfq_3502::row68::t11776
6983,sfq_3502::row68::t12288
6984,sfq_3502::row68::t12800
6985,sfq_3502::row68::t1536
6986,sfq_3502::row68::t2048
6987,sfq_3502::row68::t2560
6988,sfq_3502::row68::t3072
6989,sfq_3502::row68::t3584
6990,sfq_3502::row68::t4096
6991,sfq_3502::row68::t4608
6992,sfq_3502::row68::t512
6993,sfq_3502::row68::t5120
6994,sfq_3502::row68::t5632
6995,sfq_3502::row68::t6144
6996,sfq_3502::row68::t6656
6997,sfq_3502::row68::t7168
6998,sfq_3502::row68::t7680
6999,sfq_3502::row68::t8192
7000,sfq_3502::row68::t8704
7001,sfq_3502::row68::t9216
7002,sfq_3502::row68::t9728
7003,sfq_3627::row187::t0
7004,sfq_3627::row187::t512
7005,sfq_3840::row38::t0
7006,sfq_3840::row38::t1024
7007,sfq_3840::row38::t10240
7008,sfq_3840::row38::t10752
7009,sfq_3840::row38::t11264
7010,sfq_3840::row38::t11776
7011,sfq_3840::row38::t12288
7012,sfq_3840::row38::t12800
7013,sfq_3840::row38::t13312
7014,sfq_3840::row38::t13824
7015,sfq_3840::row38::t14336
7016,sfq_3840::row38::t14848
7017,sfq_3840::row38::t1536
7018,sfq_3840::row38::t15360
7019,sfq_3840::row38::t15872
7020,sfq_3840::row38::t16384
7021,sfq_3840::row38::t2048
7022,sfq_3840::row38::t2560
7023,sfq_3840::row38::t3072
7024,sfq_3840::row38::t3584
7025,sfq_3840::row38::t4096
7026,sfq_3840::row38::t4608
7027,sfq_3840::row38::t512
7028,sfq_3840::row38::t5120
7029,sfq_3840::row38::t5632
7030,sfq_3840::row38::t6144
7031,sfq_3840::row38::t6656
7032,sfq_3840::row38::t7168
7033,sfq_3840::row38::t7680
7034,sfq_3840::row38::t8192
7035,sfq_3840::row38::t8704
7036,sfq_3840::row38::t9216
7037,sfq_3840::row38::t9728
7038,sfq_4015::row399::t0
7039,sfq_4015::row399::t1024
7040,sfq_4015::row399::t512
7041,sfq_4039::row191::t0
7042,sfq_4039::row191::t1024
7043,sfq_4039::row191::t10240
7044,sfq_4039::row191::t10752
7045,sfq_4039::row191::t11264
7046,sfq_4039::row191::t1536
7047,sfq_4039::row191::t2048
7048,sfq_4039::row191::t2560
7049,sfq_4039::row191::t3072
7050,sfq_4039::row191::t3584
7051,sfq_4039::row191::t4096
7052,sfq_4039::row191::t4608
7053,sfq_4039::row191::t512
7054,sfq_4039::row191::t5120
7055,sfq_4039::row191::t5632
7056,sfq_4039::row191::t6144
7057,sfq_4039::row191::t6656
7058,sfq_4039::row191::t7168
7059,sfq_4039::row191::t7680
7060,sfq_4039::row191::t8192
7061,sfq_4039::row191::t8704
7062,sfq_4039::row191::t9216
7063,sfq_4039::row191::t9728
7064,sfq_4143::row291::t0
7065,sfq_4143::row291::t1024
7066,sfq_4143::row291::t1536
7067,sfq_4143::row291::t2048
7068,sfq_4143::row291::t2560
7069,sfq_4143::row291::t3072
7070,sfq_4143::row291::t3584
7071,sfq_4143::row291::t4096
7072,sfq_4143::row291::t512
7073,sfq_4619::row427::t2048
7074,sfq_4619::row427::t2560
7075,sfq_4619::row427::t3072
7076,sfq_4619::row427::t3584
7077,sfq_4619::row427::t4096
7078,sfq_4619::row427::t4608
7079,sfq_4717::row196::t0
7080,sfq_4717::row196::t1024
7081,sfq_4717::row196::t1536
7082,sfq_4717::row196::t2048
7083,sfq_4717::row196::t2560
7084,sfq_4717::row196::t3072
7085,sfq_4717::row196::t512
7086,sfq_472::row111::t0
7087,sfq_472::row111::t512
7088,sfq_4759::row410::t0
7089,sfq_4759::row410::t1024
7090,sfq_4759::row410::t1536
7091,sfq_4759::row410::t2048
7092,sfq_4759::row410::t2560
7093,sfq_4759::row410::t3072
7094,sfq_4759::row410::t3584
7095,sfq_4759::row410::t512
7096,sfq_4762::row287::t0
7097,sfq_4762::row287::t1024
7098,sfq_4762::row287::t10240
7099,sfq_4762::row287::t10752
7100,sfq_4762::row287::t11264
7101,sfq_4762::row287::t11776
7102,sfq_4762::row287::t12288
7103,sfq_4762::row287::t12800
7104,sfq_4762::row287::t13312
7105,sfq_4762::row287::t13824
7106,sfq_4762::row287::t1536
7107,sfq_4762::row287::t2048
7108,sfq_4762::row287::t2560
7109,sfq_4762::row287::t3072
7110,sfq_4762::row287::t3584
7111,sfq_4762::row287::t4096
7112,sfq_4762::row287::t4608
7113,sfq_4762::row287::t512
7114,sfq_4762::row287::t5120
7115,sfq_4762::row287::t5632
7116,sfq_4762::row287::t6144
7117,sfq_4762::row287::t6656
7118,sfq_4762::row287::t7168
7119,sfq_4762::row287::t7680
7120,sfq_4762::row287::t8192
7121,sfq_4762::row287::t8704
7122,sfq_4762::row287::t9216
7123,sfq_4762::row287::t9728
7124,sfq_4865::row37::t0
7125,sfq_4865::row37::t1024
7126,sfq_4865::row37::t1536
7127,sfq_4865::row37::t2048
7128,sfq_4865::row37::t2560
7129,sfq_4865::row37::t3072
7130,sfq_4865::row37::t3584
7131,sfq_4865::row37::t4096
7132,sfq_4865::row37::t4608
7133,sfq_4865::row37::t512
7134,sfq_4865::row37::t5120
7135,sfq_4865::row37::t5632
7136,sfq_4865::row37::t6144
7137,sfq_4865::row37::t6656
7138,sfq_4865::row37::t7168
7139,sfq_4865::row37::t7680
7140,sfq_5775::row438::t0
7141,sfq_5775::row438::t1024
7142,sfq_5775::row438::t512
7143,sfq_5799::row26::t0
7144,sfq_5799::row26::t1024
7145,sfq_5799::row26::t1536
7146,sfq_5799::row26::t2048
7147,sfq_5799::row26::t512
7148,sfq_6340::row393::t0
7149,sfq_6340::row393::t1024
7150,sfq_6340::row393::t10240
7151,sfq_6340::row393::t10752
7152,sfq_6340::row393::t11264
7153,sfq_6340::row393::t11776
7154,sfq_6340::row393::t12288
7155,sfq_6340::row393::t12800
7156,sfq_6340::row393::t13312
7157,sfq_6340::row393::t13824
7158,sfq_6340::row393::t14336
7159,sfq_6340::row393::t14848
7160,sfq_6340::row393::t1536
7161,sfq_6340::row393::t15360
7162,sfq_6340::row393::t15872
7163,sfq_6340::row393::t16384
7164,sfq_6340::row393::t16896
7165,sfq_6340::row393::t17408
7166,sfq_6340::row393::t17920
7167,sfq_6340::row393::t18432
7168,sfq_6340::row393::t18944
7169,sfq_6340::row393::t19456
7170,sfq_6340::row393::t19968
7171,sfq_6340::row393::t2048
7172,sfq_6340::row393::t20480
7173,sfq_6340::row393::t20992
7174,sfq_6340::row393::t21504
7175,sfq_6340::row393::t22016
7176,sfq_6340::row393::t22528
7177,sfq_6340::row393::t2560
7178,sfq_6340::row393::t3072
7179,sfq_6340::row393::t3584
7180,sfq_6340::row393::t4096
7181,sfq_6340::row393::t4608
7182,sfq_6340::row393::t512
7183,sfq_6340::row393::t5120
7184,sfq_6340::row393::t5632
7185,sfq_6340::row393::t6144
7186,sfq_6340::row393::t6656
7187,sfq_6340::row393::t7168
7188,sfq_6340::row393::t7680
7189,sfq_6340::row393::t8192
7190,sfq_6340::row393::t8704
7191,sfq_6340::row393::t9216
7192,sfq_6340::row393::t9728
7193,sfq_6456::row8::t0
7194,sfq_6456::row8::t1024
7195,sfq_6456::row8::t512
7196,sfq_7152::row346::t0
7197,sfq_7152::row346::t1024
7198,sfq_7152::row346::t10240
7199,sfq_7152::row346::t10752
7200,sfq_7152::row346::t11264
7201,sfq_7152::row346::t11776
7202,sfq_7152::row346::t12288
7203,sfq_7152::row346::t12800
7204,sfq_7152::row346::t13312
7205,sfq_7152::row346::t13824
7206,sfq_7152::row346::t14336
7207,sfq_7152::row346::t1536
7208,sfq_7152::row346::t2048
7209,sfq_7152::row346::t2560
7210,sfq_7152::row346::t3072
7211,sfq_7152::row346::t3584
7212,sfq_7152::row346::t4096
7213,sfq_7152::row346::t4608
7214,sfq_7152::row346::t512
7215,sfq_7152::row346::t5120
7216,sfq_7152::row346::t5632
7217,sfq_7152::row346::t6144
7218,sfq_7152::row346::t6656
7219,sfq_7152::row346::t7168
7220,sfq_7152::row346::t7680
7221,sfq_7152::row346::t8192
7222,sfq_7152::row346::t8704
7223,sfq_7152::row346::t9216
7224,sfq_7152::row346::t9728
7225,sfq_735::row153::t0
7226,sfq_735::row153::t1024
7227,sfq_735::row153::t10240
7228,sfq_735::row153::t10752
7229,sfq_735::row153::t11264
7230,sfq_735::row153::t11776
7231,sfq_735::row153::t12288
7232,sfq_735::row153::t12800
7233,sfq_735::row153::t13312
7234,sfq_735::row153::t13824
7235,sfq_735::row153::t14336
7236,sfq_735::row153::t14848
7237,sfq_735::row153::t1536
7238,sfq_735::row153::t15360
7239,sfq_735::row153::t15872
7240,sfq_735::row153::t16384
7241,sfq_735::row153::t16896
7242,sfq_735::row153::t17408
7243,sfq_735::row153::t17920
7244,sfq_735::row153::t18432
7245,sfq_735::row153::t18944
7246,sfq_735::row153::t19456
7247,sfq_735::row153::t19968
7248,sfq_735::row153::t2048
7249,sfq_735::row153::t20480
7250,sfq_735::row153::t20992
7251,sfq_735::row153::t2560
7252,sfq_735::row153::t3072
7253,sfq_735::row153::t3584
7254,sfq_735::row153::t4096
7255,sfq_735::row153::t4608
7256,sfq_735::row153::t512
7257,sfq_735::row153::t5120
7258,sfq_735::row153::t5632
7259,sfq_735::row153::t6144
7260,sfq_735::row153::t6656
7261,sfq_735::row153::t7168
7262,sfq_735::row153::t7680
7263,sfq_735::row153::t8192
7264,sfq_735::row153::t8704
7265,sfq_735::row153::t9216
7266,sfq_735::row153::t9728
7267,sfq_7366::row70::t0
7268,sfq_7366::row70::t1024
7269,sfq_7366::row70::t1536
7270,sfq_7366::row70::t2048
7271,sfq_7366::row70::t2560
7272,sfq_7366::row70::t3072
7273,sfq_7366::row70::t3584
7274,sfq_7366::row70::t4096
7275,sfq_7366::row70::t4608
7276,sfq_7366::row70::t512
7277,sfq_7366::row70::t5120
7278,sfq_7366::row70::t5632
7279,sfq_7366::row70::t6144
7280,sfq_7366::row70::t6656
7281,sfq_7366::row70::t7168
7282,sfq_7366::row70::t7680
7283,sfq_7403::row235::t0
7284,sfq_7403::row235::t1024
7285,sfq_7403::row235::t1536
7286,sfq_7403::row235::t2048
7287,sfq_7403::row235::t2560
7288,sfq_7403::row235::t3072
7289,sfq_7403::row235::t3584
7290,sfq_7403::row235::t4096
7291,sfq_7403::row235::t512
7292,sfq_7438::row30::t0
7293,sfq_7438::row30::t1024
7294,sfq_7438::row30::t1536
7295,sfq_7438::row30::t2048
7296,sfq_7438::row30::t2560
7297,sfq_7438::row30::t3072
7298,sfq_7438::row30::t3584
7299,sfq_7438::row30::t4096
7300,sfq_7438::row30::t4608
7301,sfq_7438::row30::t512
7302,sfq_7438::row30::t5120
7303,sfq_7703::row61::t0
7304,sfq_7703::row61::t1024
7305,sfq_7703::row61::t10240
7306,sfq_7703::row61::t10752
7307,sfq_7703::row61::t11264
7308,sfq_7703::row61::t11776
7309,sfq_7703::row61::t12288
7310,sfq_7703::row61::t12800
7311,sfq_7703::row61::t13312
7312,sfq_7703::row61::t13824
7313,sfq_7703::row61::t14336
7314,sfq_7703::row61::t14848
7315,sfq_7703::row61::t1536
7316,sfq_7703::row61::t15360
7317,sfq_7703::row61::t2048
7318,sfq_7703::row61::t2560
7319,sfq_7703::row61::t3072
7320,sfq_7703::row61::t3584
7321,sfq_7703::row61::t4096
7322,sfq_7703::row61::t4608
7323,sfq_7703::row61::t512
7324,sfq_7703::row61::t5120
7325,sfq_7703::row61::t5632
7326,sfq_7703::row61::t6144
7327,sfq_7703::row61::t6656
7328,sfq_7703::row61::t7168
7329,sfq_7703::row61::t7680
7330,sfq_7703::row61::t8192
7331,sfq_7703::row61::t8704
7332,sfq_7703::row61::t9216
7333,sfq_7703::row61::t9728
7334,sfq_7787::row178::t0
7335,sfq_7787::row178::t512
7336,sfq_7880::row300::t0
7337,sfq_7880::row300::t1024
7338,sfq_7880::row300::t1536
7339,sfq_7880::row300::t2048
7340,sfq_7880::row300::t2560
7341,sfq_7880::row300::t3072
7342,sfq_7880::row300::t3584
7343,sfq_7880::row300::t4096
7344,sfq_7880::row300::t4608
7345,sfq_7880::row300::t512
7346,sfq_7880::row300::t5120
7347,sfq_7880::row300::t5632
7348,sfq_7880::row300::t6144
7349,sfq_7880::row300::t6656
7350,sfq_7880::row300::t7168
7351,sfq_7880::row300::t7680
7352,sfq_7880::row300::t8192
7353,sfq_7880::row300::t8704
7354,sfq_7880::row300::t9216
7355,sfq_8018::row132::t0
7356,sfq_8018::row132::t1024
7357,sfq_8018::row132::t1536
7358,sfq_8018::row132::t2048
7359,sfq_8018::row132::t2560
7360,sfq_8018::row132::t3072
7361,sfq_8018::row132::t512
7362,sfq_8288::row90::t0
7363,sfq_8288::row90::t1024
7364,sfq_8288::row90::t10240
7365,sfq_8288::row90::t10752
7366,sfq_8288::row90::t11264
7367,sfq_8288::row90::t11776
7368,sfq_8288::row90::t12288
7369,sfq_8288::row90::t12800
7370,sfq_8288::row90::t13312
7371,sfq_8288::row90::t13824
7372,sfq_8288::row90::t14336
7373,sfq_8288::row90::t14848
7374,sfq_8288::row90::t1536
7375,sfq_8288::row90::t15360
7376,sfq_8288::row90::t15872
7377,sfq_8288::row90::t16384
7378,sfq_8288::row90::t16896
7379,sfq_8288::row90::t17408
7380,sfq_8288::row90::t17920
7381,sfq_8288::row90::t18432
7382,sfq_8288::row90::t18944
7383,sfq_8288::row90::t19456
7384,sfq_8288::row90::t19968
7385,sfq_8288::row90::t2048
7386,sfq_8288::row90::t20480
7387,sfq_8288::row90::t20992
7388,sfq_8288::row90::t21504
7389,sfq_8288::row90::t22016
7390,sfq_8288::row90::t22528
7391,sfq_8288::row90::t23040
7392,sfq_8288::row90::t23552
7393,sfq_8288::row90::t24064
7394,sfq_8288::row90::t24576
7395,sfq_8288::row90::t25088
7396,sfq_8288::row90::t2560
7397,sfq_8288::row90::t25600
7398,sfq_8288::row90::t26112
7399,sfq_8288::row90::t26624
7400,sfq_8288::row90::t27136
7401,sfq_8288::row90::t27648
7402,sfq_8288::row90::t3072
7403,sfq_8288::row90::t3584
7404,sfq_8288::row90::t4096
7405,sfq_8288::row90::t4608
7406,sfq_8288::row90::t512
7407,sfq_8288::row90::t5120
7408,sfq_8288::row90::t5632
7409,sfq_8288::row90::t6144
7410,sfq_8288::row90::t6656
7411,sfq_8288::row90::t7168
7412,sfq_8288::row90::t7680
7413,sfq_8288::row90::t8192
7414,sfq_8288::row90::t8704
7415,sfq_8288::row90::t9216
7416,sfq_8288::row90::t9728
7417,sfq_8726::row236::t0
7418,sfq_8726::row236::t1024
7419,sfq_8726::row236::t1536
7420,sfq_8726::row236::t2048
7421,sfq_8726::row236::t2560
7422,sfq_8726::row236::t3072
7423,sfq_8726::row236::t512
7424,sfq_8782::row165::t0
7425,sfq_8782::row165::t1024
7426,sfq_8782::row165::t1536
7427,sfq_8782::row165::t2048
7428,sfq_8782::row165::t2560
7429,sfq_8782::row165::t3072
7430,sfq_8782::row165::t3584
7431,sfq_8782::row165::t4096
7432,sfq_8782::row165::t4608
7433,sfq_8782::row165::t512
7434,sfq_8782::row165::t5120
7435,sfq_8782::row165::t5632
7436,sfq_8782::row165::t6144
7437,sfq_8782::row165::t6656
7438,sfq_8949::row290::t0
7439,sfq_8949::row290::t1024
7440,sfq_8949::row290::t1536
7441,sfq_8949::row290::t2048
7442,sfq_8949::row290::t2560
7443,sfq_8949::row290::t3072
7444,sfq_8949::row290::t3584
7445,sfq_8949::row290::t4096
7446,sfq_8949::row290::t4608
7447,sfq_8949::row290::t512
7448,sfq_8949::row290::t5120
7449,sfq_8949::row290::t5632
7450,sfq_8949::row290::t6144
7451,sfq_8949::row290::t6656
7452,sfq_8949::row290::t7168
7453,sfq_8949::row290::t7680
7454,sfq_8949::row290::t8192
7455,sfq_8956::row388::t0
7456,sfq_8956::row388::t1024
7457,sfq_8956::row388::t10240
7458,sfq_8956::row388::t10752
7459,sfq_8956::row388::t11264
7460,sfq_8956::row388::t11776
7461,sfq_8956::row388::t12288
7462,sfq_8956::row388::t1536
7463,sfq_8956::row388::t2048
7464,sfq_8956::row388::t2560
7465,sfq_8956::row388::t3072
7466,sfq_8956::row388::t3584
7467,sfq_8956::row388::t4096
7468,sfq_8956::row388::t4608
7469,sfq_8956::row388::t512
7470,sfq_8956::row388::t5120
7471,sfq_8956::row388::t5632
7472,sfq_8956::row388::t6144
7473,sfq_8956::row388::t6656
7474,sfq_8956::row388::t7168
7475,sfq_8956::row388::t7680
7476,sfq_8956::row388::t8192
7477,sfq_8956::row388::t8704
7478,sfq_8956::row388::t9216
7479,sfq_8956::row388::t9728
7480,sfq_9239::row372::t0
7481,sfq_9239::row372::t1024
7482,sfq_9239::row372::t1536
7483,sfq_9239::row372::t2048
7484,sfq_9239::row372::t2560
7485,sfq_9239::row372::t3072
7486,sfq_9239::row372::t512
7487,sfq_9481::row407::t0
7488,sfq_9481::row407::t1024
7489,sfq_9481::row407::t10240
7490,sfq_9481::row407::t10752
7491,sfq_9481::row407::t11264
7492,sfq_9481::row407::t11776
7493,sfq_9481::row407::t12288
7494,sfq_9481::row407::t12800
7495,sfq_9481::row407::t13312
7496,sfq_9481::row407::t13824
7497,sfq_9481::row407::t14336
7498,sfq_9481::row407::t14848
7499,sfq_9481::row407::t1536
7500,sfq_9481::row407::t15360
7501,sfq_9481::row407::t15872
7502,sfq_9481::row407::t16384
7503,sfq_9481::row407::t16896
7504,sfq_9481::row407::t17408
7505,sfq_9481::row407::t17920
7506,sfq_9481::row407::t18432
7507,sfq_9481::row407::t18944
7508,sfq_9481::row407::t19456
7509,sfq_9481::row407::t19968
7510,sfq_9481::row407::t2048
7511,sfq_9481::row407::t20480
7512,sfq_9481::row407::t20992
7513,sfq_9481::row407::t21504
7514,sfq_9481::row407::t22016
7515,sfq_9481::row407::t22528
7516,sfq_9481::row407::t23040
7517,sfq_9481::row407::t23552
7518,sfq_9481::row407::t24064
7519,sfq_9481::row407::t24576
7520,sfq_9481::row407::t25088
7521,sfq_9481::row407::t2560
7522,sfq_9481::row407::t25600
7523,sfq_9481::row407::t26112
7524,sfq_9481::row407::t26624
7525,sfq_9481::row407::t27136
7526,sfq_9481::row407::t27648
7527,sfq_9481::row407::t28160
7528,sfq_9481::row407::t28672
7529,sfq_9481::row407::t29184
7530,sfq_9481::row407::t29696
7531,sfq_9481::row407::t30208
7532,sfq_9481::row407::t3072
7533,sfq_9481::row407::t30720
7534,sfq_9481::row407::t31232
7535,sfq_9481::row407::t31744
7536,sfq_9481::row407::t32256
7537,sfq_9481::row407::t32768
7538,sfq_9481::row407::t33280
7539,sfq_9481::row407::t33792
7540,sfq_9481::row407::t34304
7541,sfq_9481::row407::t34816
7542,sfq_9481::row407::t35328
7543,sfq_9481::row407::t3584
7544,sfq_9481::row407::t4096
7545,sfq_9481::row407::t4608
7546,sfq_9481::row407::t512
7547,sfq_9481::row407::t5120
7548,sfq_9481::row407::t5632
7549,sfq_9481::row407::t6144
7550,sfq_9481::row407::t6656
7551,sfq_9481::row407::t7168
7552,sfq_9481::row407::t7680
7553,sfq_9481::row407::t8192
7554,sfq_9481::row407::t8704
7555,sfq_9481::row407::t9216
7556,sfq_9481::row407::t9728
7557,sfq_9523::row97::t0
7558,sfq_9523::row97::t1024
7559,sfq_9523::row97::t1536
7560,sfq_9523::row97::t2048
7561,sfq_9523::row97::t2560
7562,sfq_9523::row97::t3072
7563,sfq_9523::row97::t3584
7564,sfq_9523::row97::t4096
7565,sfq_9523::row97::t4608
7566,sfq_9523::row97::t512
7567,sfq_9523::row97::t5120
7568,sfq_9523::row97::t5632
7569,sfq_9523::row97::t6144
7570,sfq_9523::row97::t6656
7571,sfq_9523::row97::t7168
7572,sfq_9684::row442::t0
7573,sfq_9684::row442::t1024
7574,sfq_9684::row442::t1536
7575,sfq_9684::row442::t2048
7576,sfq_9684::row442::t2560
7577,sfq_9684::row442::t3072
7578,sfq_9684::row442::t3584
7579,sfq_9684::row442::t4096
7580,sfq_9684::row442::t4608
7581,sfq_9684::row442::t512
7582,tb_1235::row162::t0
7583,tb_1235::row162::t1024
7584,tb_1235::row162::t1536
7585,tb_1235::row162::t2048
7586,tb_1235::row162::t2560
7587,tb_1235::row162::t3072
7588,tb_1235::row162::t3584
7589,tb_1235::row162::t4096
7590,tb_1235::row162::t4608
7591,tb_1235::row162::t512
7592,tb_1235::row162::t5120
7593,tb_1235::row162::t5632
7594,tb_1235::row162::t6144
7595,tb_1235::row162::t6656
7596,tb_1385::row73::t0
7597,tb_1385::row73::t1024
7598,tb_1385::row73::t10240
7599,tb_1385::row73::t10752
7600,tb_1385::row73::t11264
7601,tb_1385::row73::t11776
7602,tb_1385::row73::t12288
7603,tb_1385::row73::t12800
7604,tb_1385::row73::t13312
7605,tb_1385::row73::t13824
7606,tb_1385::row73::t14336
7607,tb_1385::row73::t14848
7608,tb_1385::row73::t1536
7609,tb_1385::row73::t15360
7610,tb_1385::row73::t15872
7611,tb_1385::row73::t16384
7612,tb_1385::row73::t16896
7613,tb_1385::row73::t17408
7614,tb_1385::row73::t17920
7615,tb_1385::row73::t18432
7616,tb_1385::row73::t18944
7617,tb_1385::row73::t19456
7618,tb_1385::row73::t19968
7619,tb_1385::row73::t2048
7620,tb_1385::row73::t20480
7621,tb_1385::row73::t20992
7622,tb_1385::row73::t21504
7623,tb_1385::row73::t22016
7624,tb_1385::row73::t22528
7625,tb_1385::row73::t23040
7626,tb_1385::row73::t23552
7627,tb_1385::row73::t24064
7628,tb_1385::row73::t24576
7629,tb_1385::row73::t25088
7630,tb_1385::row73::t2560
7631,tb_1385::row73::t25600
7632,tb_1385::row73::t26112
7633,tb_1385::row73::t26624
7634,tb_1385::row73::t27136
7635,tb_1385::row73::t27648
7636,tb_1385::row73::t28160
7637,tb_1385::row73::t28672
7638,tb_1385::row73::t29184
7639,tb_1385::row73::t29696
7640,tb_1385::row73::t30208
7641,tb_1385::row73::t3072
7642,tb_1385::row73::t30720
7643,tb_1385::row73::t31232
7644,tb_1385::row73::t31744
7645,tb_1385::row73::t32256
7646,tb_1385::row73::t32768
7647,tb_1385::row73::t33280
7648,tb_1385::row73::t33792
7649,tb_1385::row73::t34304
7650,tb_1385::row73::t34816
7651,tb_1385::row73::t35328
7652,tb_1385::row73::t3584
7653,tb_1385::row73::t35840
7654,tb_1385::row73::t36352
7655,tb_1385::row73::t36864
7656,tb_1385::row73::t37376
7657,tb_1385::row73::t37888
7658,tb_1385::row73::t38400
7659,tb_1385::row73::t38912
7660,tb_1385::row73::t39424
7661,tb_1385::row73::t39936
7662,tb_1385::row73::t40448
7663,tb_1385::row73::t4096
7664,tb_1385::row73::t40960
7665,tb_1385::row73::t41472
7666,tb_1385::row73::t41984
7667,tb_1385::row73::t42496
7668,tb_1385::row73::t43008
7669,tb_1385::row73::t43520
7670,tb_1385::row73::t44032
7671,tb_1385::row73::t44544
7672,tb_1385::row73::t45056
7673,tb_1385::row73::t45568
7674,tb_1385::row73::t4608
7675,tb_1385::row73::t512
7676,tb_1385::row73::t5120
7677,tb_1385::row73::t5632
7678,tb_1385::row73::t6144
7679,tb_1385::row73::t6656
7680,tb_1385::row73::t7168
7681,tb_1385::row73::t7680
7682,tb_1385::row73::t8192
7683,tb_1385::row73::t8704
7684,tb_1385::row73::t9216
7685,tb_1385::row73::t9728
7686,tb_1738::row169::t0
7687,tb_1738::row169::t1024
7688,tb_1738::row169::t10240
7689,tb_1738::row169::t10752
7690,tb_1738::row169::t11264
7691,tb_1738::row169::t11776
7692,tb_1738::row169::t12288
7693,tb_1738::row169::t12800
7694,tb_1738::row169::t13312
7695,tb_1738::row169::t13824
7696,tb_1738::row169::t14336
7697,tb_1738::row169::t14848
7698,tb_1738::row169::t1536
7699,tb_1738::row169::t15360
7700,tb_1738::row169::t15872
7701,tb_1738::row169::t16384
7702,tb_1738::row169::t16896
7703,tb_1738::row169::t17408
7704,tb_1738::row169::t17920
7705,tb_1738::row169::t18432
7706,tb_1738::row169::t18944
7707,tb_1738::row169::t19456
7708,tb_1738::row169::t19968
7709,tb_1738::row169::t2048
7710,tb_1738::row169::t20480
7711,tb_1738::row169::t2560
7712,tb_1738::row169::t3072
7713,tb_1738::row169::t3584
7714,tb_1738::row169::t4096
7715,tb_1738::row169::t4608
7716,tb_1738::row169::t512
7717,tb_1738::row169::t5120
7718,tb_1738::row169::t5632
7719,tb_1738::row169::t6144
7720,tb_1738::row169::t6656
7721,tb_1738::row169::t7168
7722,tb_1738::row169::t7680
7723,tb_1738::row169::t8192
7724,tb_1738::row169::t8704
7725,tb_1738::row169::t9216
7726,tb_1738::row169::t9728
7727,tb_2199::row189::t0
7728,tb_2199::row189::t1024
7729,tb_2199::row189::t10240
7730,tb_2199::row189::t10752
7731,tb_2199::row189::t11264
7732,tb_2199::row189::t11776
7733,tb_2199::row189::t12288
7734,tb_2199::row189::t12800
7735,tb_2199::row189::t13312
7736,tb_2199::row189::t13824
7737,tb_2199::row189::t14336
7738,tb_2199::row189::t14848
7739,tb_2199::row189::t1536
7740,tb_2199::row189::t15360
7741,tb_2199::row189::t15872
7742,tb_2199::row189::t16384
7743,tb_2199::row189::t16896
7744,tb_2199::row189::t17408
7745,tb_2199::row189::t17920
7746,tb_2199::row189::t18432
7747,tb_2199::row189::t18944
7748,tb_2199::row189::t19456
7749,tb_2199::row189::t19968
7750,tb_2199::row189::t2048
7751,tb_2199::row189::t20480
7752,tb_2199::row189::t20992
7753,tb_2199::row189::t21504
7754,tb_2199::row189::t22016
7755,tb_2199::row189::t22528
7756,tb_2199::row189::t23040
7757,tb_2199::row189::t23552
7758,tb_2199::row189::t24064
7759,tb_2199::row189::t24576
7760,tb_2199::row189::t25088
7761,tb_2199::row189::t2560
7762,tb_2199::row189::t25600
7763,tb_2199::row189::t26112
7764,tb_2199::row189::t26624
7765,tb_2199::row189::t27136
7766,tb_2199::row189::t27648
7767,tb_2199::row189::t28160
7768,tb_2199::row189::t28672
7769,tb_2199::row189::t29184
7770,tb_2199::row189::t3072
7771,tb_2199::row189::t3584
7772,tb_2199::row189::t4096
7773,tb_2199::row189::t4608
7774,tb_2199::row189::t512
7775,tb_2199::row189::t5120
7776,tb_2199::row189::t5632
7777,tb_2199::row189::t6144
7778,tb_2199::row189::t6656
7779,tb_2199::row189::t7168
7780,tb_2199::row189::t7680
7781,tb_2199::row189::t8192
7782,tb_2199::row189::t8704
7783,tb_2199::row189::t9216
7784,tb_2199::row189::t9728
7785,tb_221::row317::t0
7786,tb_221::row317::t1024
7787,tb_221::row317::t1536
7788,tb_221::row317::t512
7789,tb_409::row184::t0
7790,tb_409::row184::t1024
7791,tb_409::row184::t1536
7792,tb_409::row184::t2048
7793,tb_409::row184::t512
7794,tb_634::row308::t0
7795,tb_634::row308::t1024
7796,tb_634::row308::t1536
7797,tb_634::row308::t2048
7798,tb_634::row308::t512
7799,tb_882::row305::t0
7800,tb_901::row210::t0
7801,tb_901::row210::t1024
7802,tb_901::row210::t1536
7803,tb_901::row210::t2048
7804,tb_901::row210::t2560
7805,tb_901::row210::t3072
7806,tb_901::row210::t3584
7807,tb_901::row210::t4096
7808,tb_901::row210::t4608
7809,tb_901::row210::t512
7810,tb_901::row210::t5120
7811,tc_1069::row283::t0
7812,tc_1069::row283::t1024
7813,tc_1069::row283::t1536
7814,tc_1069::row283::t2048
7815,tc_1069::row283::t512
7816,tc_1179::row89::t0
7817,tc_1179::row89::t1024
7818,tc_1179::row89::t1536
7819,tc_1179::row89::t2048
7820,tc_1179::row89::t512
7821,tc_1181::row91::t0
7822,tc_1181::row91::t1024
7823,tc_1181::row91::t1536
7824,tc_1181::row91::t2048
7825,tc_1181::row91::t512
7826,tc_1442::row146::t0
7827,tc_1442::row146::t1024
7828,tc_1442::row146::t10240
7829,tc_1442::row146::t10752
7830,tc_1442::row146::t11264
7831,tc_1442::row146::t11776
7832,tc_1442::row146::t12288
7833,tc_1442::row146::t12800
7834,tc_1442::row146::t13312
7835,tc_1442::row146::t13824
7836,tc_1442::row146::t14336
7837,tc_1442::row146::t14848
7838,tc_1442::row146::t1536
7839,tc_1442::row146::t15360
7840,tc_1442::row146::t15872
7841,tc_1442::row146::t2048
7842,tc_1442::row146::t2560
7843,tc_1442::row146::t3072
7844,tc_1442::row146::t3584
7845,tc_1442::row146::t4096
7846,tc_1442::row146::t4608
7847,tc_1442::row146::t512
7848,tc_1442::row146::t5120
7849,tc_1442::row146::t5632
7850,tc_1442::row146::t6144
7851,tc_1442::row146::t6656
7852,tc_1442::row146::t7168
7853,tc_1442::row146::t7680
7854,tc_1442::row146::t8192
7855,tc_1442::row146::t8704
7856,tc_1442::row146::t9216
7857,tc_1442::row146::t9728
7858,tc_2032::row418::t0
7859,tc_2032::row418::t1024
7860,tc_2032::row418::t10240
7861,tc_2032::row418::t10752
7862,tc_2032::row418::t11264
7863,tc_2032::row418::t11776
7864,tc_2032::row418::t12288
7865,tc_2032::row418::t12800
7866,tc_2032::row418::t13312
7867,tc_2032::row418::t13824
7868,tc_2032::row418::t14336
7869,tc_2032::row418::t14848
7870,tc_2032::row418::t1536
7871,tc_2032::row418::t15360
7872,tc_2032::row418::t15872
7873,tc_2032::row418::t16384
7874,tc_2032::row418::t16896
7875,tc_2032::row418::t17408
7876,tc_2032::row418::t17920
7877,tc_2032::row418::t18432
7878,tc_2032::row418::t18944
7879,tc_2032::row418::t19456
7880,tc_2032::row418::t19968
7881,tc_2032::row418::t2048
7882,tc_2032::row418::t20480
7883,tc_2032::row418::t2560
7884,tc_2032::row418::t3072
7885,tc_2032::row418::t3584
7886,tc_2032::row418::t4096
7887,tc_2032::row418::t4608
7888,tc_2032::row418::t512
7889,tc_2032::row418::t5120
7890,tc_2032::row418::t5632
7891,tc_2032::row418::t6144
7892,tc_2032::row418::t6656
7893,tc_2032::row418::t7168
7894,tc_2032::row418::t7680
7895,tc_2032::row418::t8192
7896,tc_2032::row418::t8704
7897,tc_2032::row418::t9216
7898,tc_2032::row418::t9728
7899,tc_2926::row247::t0
7900,tc_2926::row247::t1024
7901,tc_2926::row247::t10240
7902,tc_2926::row247::t1536
7903,tc_2926::row247::t2048
7904,tc_2926::row247::t2560
7905,tc_2926::row247::t3072
7906,tc_2926::row247::t3584
7907,tc_2926::row247::t4096
7908,tc_2926::row247::t4608
7909,tc_2926::row247::t512
7910,tc_2926::row247::t5120
7911,tc_2926::row247::t5632
7912,tc_2926::row247::t6144
7913,tc_2926::row247::t6656
7914,tc_2926::row247::t7168
7915,tc_2926::row247::t7680
7916,tc_2926::row247::t8192
7917,tc_2926::row247::t8704
7918,tc_2926::row247::t9216
7919,tc_2926::row247::t9728
7920,tc_561::row49::t10240
7921,tc_561::row49::t8704
7922,tc_561::row49::t9216
7923,tc_561::row49::t9728
7924,tc_56::row27::t0
7925,tc_56::row27::t1024
7926,tc_56::row27::t1536
7927,tc_56::row27::t2048
7928,tc_56::row27::t2560
7929,tc_56::row27::t3072
7930,tc_56::row27::t3584
7931,tc_56::row27::t4096
7932,tc_56::row27::t4608
7933,tc_56::row27::t512
7934,tc_56::row27::t5120
7935,tc_56::row27::t5632
7936,tc_725::row183::t0
7937,tc_725::row183::t1024
7938,tc_725::row183::t1536
7939,tc_725::row183::t2048
7940,tc_725::row183::t2560
7941,tc_725::row183::t3072
7942,tc_725::row183::t3584
7943,tc_725::row183::t4096
7944,tc_725::row183::t4608
7945,tc_725::row183::t512
7946,tc_725::row183::t5120
7947,tc_725::row183::t5632
7948,tc_725::row183::t6144
7949,tc_725::row183::t6656
7950,tc_725::row183::t7168
7951,tc_725::row183::t7680
7952,tc_827::row285::t0
7953,tc_827::row285::t1024
7954,tc_827::row285::t1536
7955,tc_827::row285::t2048
7956,tc_827::row285::t2560
7957,tc_827::row285::t3072
7958,tc_827::row285::t3584
7959,tc_827::row285::t4096
7960,tc_827::row285::t4608
7961,tc_827::row285::t512
7962,tc_827::row285::t5120
7963,wh_119::row292::t0
7964,wh_119::row292::t1024
7965,wh_119::row292::t10240
7966,wh_119::row292::t10752
7967,wh_119::row292::t11264
7968,wh_119::row292::t11776
7969,wh_119::row292::t12288
7970,wh_119::row292::t12800
7971,wh_119::row292::t13312
7972,wh_119::row292::t13824
7973,wh_119::row292::t14336
7974,wh_119::row292::t1536
7975,wh_119::row292::t2048
7976,wh_119::row292::t2560
7977,wh_119::row292::t3072
7978,wh_119::row292::t3584
7979,wh_119::row292::t4096
7980,wh_119::row292::t4608
7981,wh_119::row292::t512
7982,wh_119::row292::t5120
7983,wh_119::row292::t5632
7984,wh_119::row292::t6144
7985,wh_119::row292::t6656
7986,wh_119::row292::t7168
7987,wh_119::row292::t7680
7988,wh_119::row292::t8192
7989,wh_119::row292::t8704
7990,wh_119::row292::t9216
7991,wh_119::row292::t9728
7992,wh_1278::row383::t0
7993,wh_1278::row383::t1024
7994,wh_1278::row383::t1536
7995,wh_1278::row383::t2048
7996,wh_1278::row383::t2560
7997,wh_1278::row383::t3072
7998,wh_1278::row383::t3584
7999,wh_1278::row383::t4096
8000,wh_1278::row383::t512
8001,wh_1647::row84::t0
8002,wh_1647::row84::t1024
8003,wh_1647::row84::t1536
8004,wh_1647::row84::t2048
8005,wh_1647::row84::t2560
8006,wh_1647::row84::t3072
8007,wh_1647::row84::t3584
8008,wh_1647::row84::t512
8009,wh_2003::row74::t0
8010,wh_2003::row74::t1024
8011,wh_2003::row74::t10240
8012,wh_2003::row74::t10752
8013,wh_2003::row74::t11264
8014,wh_2003::row74::t11776
8015,wh_2003::row74::t12288
8016,wh_2003::row74::t12800
8017,wh_2003::row74::t13312
8018,wh_2003::row74::t13824
8019,wh_2003::row74::t14336
8020,wh_2003::row74::t14848
8021,wh_2003::row74::t1536
8022,wh_2003::row74::t15360
8023,wh_2003::row74::t15872
8024,wh_2003::row74::t16384
8025,wh_2003::row74::t16896
8026,wh_2003::row74::t17408
8027,wh_2003::row74::t17920
8028,wh_2003::row74::t18432
8029,wh_2003::row74::t18944
8030,wh_2003::row74::t19456
8031,wh_2003::row74::t19968
8032,wh_2003::row74::t2048
8033,wh_2003::row74::t20480
8034,wh_2003::row74::t20992
8035,wh_2003::row74::t21504
8036,wh_2003::row74::t22016
8037,wh_2003::row74::t22528
8038,wh_2003::row74::t23040
8039,wh_2003::row74::t23552
8040,wh_2003::row74::t24064
8041,wh_2003::row74::t24576
8042,wh_2003::row74::t25088
8043,wh_2003::row74::t2560
8044,wh_2003::row74::t25600
8045,wh_2003::row74::t26112
8046,wh_2003::row74::t26624
8047,wh_2003::row74::t27136
8048,wh_2003::row74::t3072
8049,wh_2003::row74::t3584
8050,wh_2003::row74::t4096
8051,wh_2003::row74::t4608
8052,wh_2003::row74::t512
8053,wh_2003::row74::t5120
8054,wh_2003::row74::t5632
8055,wh_2003::row74::t6144
8056,wh_2003::row74::t6656
8057,wh_2003::row74::t7168
8058,wh_2003::row74::t7680
8059,wh_2003::row74::t8192
8060,wh_2003::row74::t8704
8061,wh_2003::row74::t9216
8062,wh_2003::row74::t9728
8063,wh_203::row228::t0
8064,wh_203::row228::t1024
8065,wh_203::row228::t1536
8066,wh_203::row228::t2048
8067,wh_203::row228::t2560
8068,wh_203::row228::t3072
8069,wh_203::row228::t3584
8070,wh_203::row228::t4096
8071,wh_203::row228::t4608
8072,wh_203::row228::t512
8073,wh_203::row228::t5120
8074,wh_2485::row12::t0
8075,wh_2485::row12::t1024
8076,wh_2485::row12::t1536
8077,wh_2485::row12::t2048
8078,wh_2485::row12::t2560
8079,wh_2485::row12::t3072
8080,wh_2485::row12::t3584
8081,wh_2485::row12::t4096
8082,wh_2485::row12::t4608
8083,wh_2485::row12::t512
8084,wh_2485::row12::t5120
8085,wh_2485::row12::t5632
8086,wh_2485::row12::t6144
8087,wh_2485::row12::t6656
8088,wh_2485::row12::t7168
8089,wh_2485::row12::t7680
8090,wh_2485::row12::t8192
8091,wh_2485::row12::t8704
8092,wh_2493::row261::t0
8093,wh_2493::row261::t1024
8094,wh_2493::row261::t1536
8095,wh_2493::row261::t2048
8096,wh_2493::row261::t2560
8097,wh_2493::row261::t3072
8098,wh_2493::row261::t3584
8099,wh_2493::row261::t4096
8100,wh_2493::row261::t512
8101,wh_2615::row218::t0
8102,wh_2615::row218::t1024
8103,wh_2615::row218::t10240
8104,wh_2615::row218::t10752
8105,wh_2615::row218::t11264
8106,wh_2615::row218::t11776
8107,wh_2615::row218::t12288
8108,wh_2615::row218::t12800
8109,wh_2615::row218::t13312
8110,wh_2615::row218::t13824
8111,wh_2615::row218::t14336
8112,wh_2615::row218::t14848
8113,wh_2615::row218::t1536
8114,wh_2615::row218::t15360
8115,wh_2615::row218::t15872
8116,wh_2615::row218::t16384
8117,wh_2615::row218::t16896
8118,wh_2615::row218::t17408
8119,wh_2615::row218::t17920
8120,wh_2615::row218::t18432
8121,wh_2615::row218::t18944
8122,wh_2615::row218::t19456
8123,wh_2615::row218::t19968
8124,wh_2615::row218::t2048
8125,wh_2615::row218::t20480
8126,wh_2615::row218::t20992
8127,wh_2615::row218::t21504
8128,wh_2615::row218::t22016
8129,wh_2615::row218::t22528
8130,wh_2615::row218::t23040
8131,wh_2615::row218::t23552
8132,wh_2615::row218::t24064
8133,wh_2615::row218::t24576
8134,wh_2615::row218::t25088
8135,wh_2615::row218::t2560
8136,wh_2615::row218::t25600
8137,wh_2615::row218::t26112
8138,wh_2615::row218::t26624
8139,wh_2615::row218::t27136
8140,wh_2615::row218::t27648
8141,wh_2615::row218::t28160
8142,wh_2615::row218::t28672
8143,wh_2615::row218::t29184
8144,wh_2615::row218::t29696
8145,wh_2615::row218::t3072
8146,wh_2615::row218::t3584
8147,wh_2615::row218::t4096
8148,wh_2615::row218::t4608
8149,wh_2615::row218::t512
8150,wh_2615::row218::t5120
8151,wh_2615::row218::t5632
8152,wh_2615::row218::t6144
8153,wh_2615::row218::t6656
8154,wh_2615::row218::t7168
8155,wh_2615::row218::t7680
8156,wh_2615::row218::t8192
8157,wh_2615::row218::t8704
8158,wh_2615::row218::t9216
8159,wh_2615::row218::t9728
8160,wh_2691::row268::t0
8161,wh_2691::row268::t1024
8162,wh_2691::row268::t1536
8163,wh_2691::row268::t2048
8164,wh_2691::row268::t2560
8165,wh_2691::row268::t3072
8166,wh_2691::row268::t3584
8167,wh_2691::row268::t4096
8168,wh_2691::row268::t4608
8169,wh_2691::row268::t512
8170,wh_2691::row268::t5120
8171,wh_2691::row268::t5632
8172,wh_2691::row268::t6144
8173,wh_2691::row268::t6656
8174,wh_2691::row268::t7168
8175,wh_2691::row268::t7680
8176,wh_2692::row119::t0
8177,wh_2692::row119::t1024
8178,wh_2692::row119::t1536
8179,wh_2692::row119::t2048
8180,wh_2692::row119::t2560
8181,wh_2692::row119::t3072
8182,wh_2692::row119::t3584
8183,wh_2692::row119::t4096
8184,wh_2692::row119::t4608
8185,wh_2692::row119::t512
8186,wh_2692::row119::t5120
8187,wh_2692::row119::t5632
8188,wh_2692::row119::t6144
8189,wh_2692::row119::t6656
8190,wh_2692::row119::t7168
8191,wh_2692::row119::t7680
8192,wh_2692::row119::t8192
8193,wh_2692::row119::t8704
8194,wh_2692::row119::t9216
8195,wh_2759::row246::t0
8196,wh_2759::row246::t512
8197,wh_2782::row239::t0
8198,wh_2782::row239::t1024
8199,wh_2782::row239::t1536
8200,wh_2782::row239::t512
8201,wh_3326::row121::t0
8202,wh_3326::row121::t1024
8203,wh_3326::row121::t1536
8204,wh_3326::row121::t2048
8205,wh_3326::row121::t2560
8206,wh_3326::row121::t3072
8207,wh_3326::row121::t3584
8208,wh_3326::row121::t4096
8209,wh_3326::row121::t4608
8210,wh_3326::row121::t512
8211,wh_3326::row121::t5120
8212,wh_3326::row121::t5632
8213,wh_3326::row121::t6144
8214,wh_3326::row121::t6656
8215,wh_3326::row121::t7168
8216,wh_3648::row25::t0
8217,wh_3648::row25::t1024
8218,wh_3648::row25::t1536
8219,wh_3648::row25::t2048
8220,wh_3648::row25::t2560
8221,wh_3648::row25::t3072
8222,wh_3648::row25::t3584
8223,wh_3648::row25::t4096
8224,wh_3648::row25::t4608
8225,wh_3648::row25::t512
8226,wh_3648::row25::t5120
8227,wh_3648::row25::t5632
8228,wh_4092::row117::t0
8229,wh_4092::row117::t1024
8230,wh_4092::row117::t1536
8231,wh_4092::row117::t2048
8232,wh_4092::row117::t2560
8233,wh_4092::row117::t3072
8234,wh_4092::row117::t3584
8235,wh_4092::row117::t4096
8236,wh_4092::row117::t4608
8237,wh_4092::row117::t512
8238,wh_4092::row117::t5120
8239,wh_4092::row117::t5632
8240,wh_4092::row117::t6144
8241,wh_431::row107::t0
8242,wh_431::row107::t1024
8243,wh_431::row107::t10240
8244,wh_431::row107::t10752
8245,wh_431::row107::t11264
8246,wh_431::row107::t11776
8247,wh_431::row107::t12288
8248,wh_431::row107::t12800
8249,wh_431::row107::t13312
8250,wh_431::row107::t13824
8251,wh_431::row107::t14336
8252,wh_431::row107::t14848
8253,wh_431::row107::t1536
8254,wh_431::row107::t15360
8255,wh_431::row107::t15872
8256,wh_431::row107::t16384
8257,wh_431::row107::t16896
8258,wh_431::row107::t17408
8259,wh_431::row107::t17920
8260,wh_431::row107::t18432
8261,wh_431::row107::t18944
8262,wh_431::row107::t19456
8263,wh_431::row107::t19968
8264,wh_431::row107::t2048
8265,wh_431::row107::t20480
8266,wh_431::row107::t20992
8267,wh_431::row107::t21504
8268,wh_431::row107::t22016
8269,wh_431::row107::t22528
8270,wh_431::row107::t23040
8271,wh_431::row107::t23552
8272,wh_431::row107::t24064
8273,wh_431::row107::t24576
8274,wh_431::row107::t25088
8275,wh_431::row107::t2560
8276,wh_431::row107::t25600
8277,wh_431::row107::t26112
8278,wh_431::row107::t26624
8279,wh_431::row107::t27136
8280,wh_431::row107::t27648
8281,wh_431::row107::t28160
8282,wh_431::row107::t28672
8283,wh_431::row107::t29184
8284,wh_431::row107::t29696
8285,wh_431::row107::t30208
8286,wh_431::row107::t3072
8287,wh_431::row107::t30720
8288,wh_431::row107::t31232
8289,wh_431::row107::t31744
8290,wh_431::row107::t32256
8291,wh_431::row107::t32768
8292,wh_431::row107::t33280
8293,wh_431::row107::t33792
8294,wh_431::row107::t34304
8295,wh_431::row107::t34816
8296,wh_431::row107::t35328
8297,wh_431::row107::t3584
8298,wh_431::row107::t35840
8299,wh_431::row107::t36352
8300,wh_431::row107::t36864
8301,wh_431::row107::t37376
8302,wh_431::row107::t37888
8303,wh_431::row107::t38400
8304,wh_431::row107::t38912
8305,wh_431::row107::t39424
8306,wh_431::row107::t39936
8307,wh_431::row107::t40448
8308,wh_431::row107::t4096
8309,wh_431::row107::t40960
8310,wh_431::row107::t41472
8311,wh_431::row107::t41984
8312,wh_431::row107::t42496
8313,wh_431::row107::t43008
8314,wh_431::row107::t43520
8315,wh_431::row107::t44032
8316,wh_431::row107::t44544
8317,wh_431::row107::t45056
8318,wh_431::row107::t45568
8319,wh_431::row107::t4608
8320,wh_431::row107::t46080
8321,wh_431::row107::t46592
8322,wh_431::row107::t47104
8323,wh_431::row107::t47616
8324,wh_431::row107::t48128
8325,wh_431::row107::t48640
8326,wh_431::row107::t49152
8327,wh_431::row107::t512
8328,wh_431::row107::t5120
8329,wh_431::row107::t5632
8330,wh_431::row107::t6144
8331,wh_431::row107::t6656
8332,wh_431::row107::t7168
8333,wh_431::row107::t7680
8334,wh_431::row107::t8192
8335,wh_431::row107::t8704
8336,wh_431::row107::t9216
8337,wh_431::row107::t9728
8338,wh_4387::row204::t0
8339,wh_522::row141::t0
8340,wh_522::row141::t1024
8341,wh_522::row141::t1536
8342,wh_522::row141::t2048
8343,wh_522::row141::t2560
8344,wh_522::row141::t3072
8345,wh_522::row141::t3584
8346,wh_522::row141::t512
8347,wh_781::row75::t0
8348,wh_781::row75::t1024
8349,wh_781::row75::t10240
8350,wh_781::row75::t10752
8351,wh_781::row75::t11264
8352,wh_781::row75::t1536
8353,wh_781::row75::t2048
8354,wh_781::row75::t2560
8355,wh_781::row75::t3072
8356,wh_781::row75::t3584
8357,wh_781::row75::t4096
8358,wh_781::row75::t4608
8359,wh_781::row75::t512
8360,wh_781::row75::t5120
8361,wh_781::row75::t5632
8362,wh_781::row75::t6144
8363,wh_781::row75::t6656
8364,wh_781::row75::t7168
8365,wh_781::row75::t7680
8366,wh_781::row75::t8192
8367,wh_781::row75::t8704
8368,wh_781::row75::t9216
8369,wh_781::row75::t9728
8370,wh_794::row294::t0
8371,wh_794::row294::t512
